"GOOD HEALTH MEDICAL                                                                                                                                                                                                                                                                                                                                                                                                                                                                                                                                                                                                                                                                                                                                                                                                                                                                                                                                                                                                                                        QUAZI BAGH MARKET,NEAR RAM MANDIR GOLA BAZAR SHERGHATI GAYA-824211",,,,,,,,,,,,,,,
STOCK REPORT AS ON DATE 23-07-2026,,,,,,,,,,,,,,,
Code,Product Name,Unit,Current Stock,Sales Scheme,,Purc.Scheme,,Cost Price,Value,M.R.P.,Purchase Price,Sales Price,Company,Manufacturer,Rack No.
,,,,Deal,Free,Deal,Free,,,,,,,,
000372,1-AL 10 1*10TAB,TAB.,33,0,0,0,0,6.5167,215.05,86.62,66,0,DR.REDDY S LABORATORIES,,A0001.
SURABB401,ABDOMINAL BELT UNIVERSAL 1 PC,Pcs,2,0,0,0,0,270,540,899,270,0,SURGICAL,,
000283,ABEVIA 200 SR TAB,TAB.,3,0,0,0,0,151.9133,455.74,204.19,155.57,0,MACLEO,,A018
000758,ABEVIA-E 1*10TAB,TAB.,3,0,0,0,0,297.6,892.8,400,304.76,0,CIPLA,,A024
HIFEN858,ABEVIA-N TABLETS (ASPIRIS) 1X1 1*15,PCS,2,0,0,0,0,192.7233,385.45,259.03,197.36,0,INDCHEMIE HEALTH PRIMUS,,A018
ZZZ10864,AB FLO SR 200 TAB 1*10,TAB.,4,0,0,0,0,217.5,870,292.3,222.73,0,LUPIN,,A005
000609,ABIWAYS SR 200 1*10,TAB.,3,0,0,0,0,160.38,481.14,226.34,172.45,0,OTHER PRODUCTS,,A0024
ZZZ7588,ABIWAYS TAB 1*10TAB,TABS,1,0,0,0,0,154.745,154.75,205.77,156.78,0,LIFESTAR PHARMA,,
SUNABP101,AB PHYLLINE CAP 1*10CAP,CAP,6,0,0,0,0,205.513,1233.08,273.28,208.22,0,SUN,,A011
ZZZ9117,AB PHYLLINE N TAB 1*10TAB,TABS,5,0,0,0,0,176.952,884.76,235.31,179.28,0,SUN PHARMACEUTICALS,,A011
SUNABPS02,AB PHYLLINE SYRUP 100 ML,Pcs,3,0,0,0,0,146.6367,439.91,195,148.57,0,SUN,,
ROCACAK01,ACCU CHEK ACTIVE KIT 1PCS,Pcs,2,0,0,0,0,845.26,1690.52,1124,805,0,ROCHE,,
ZZZ10111,ACCU-CHEK INSTANT 10 STRIP 10STRIP,PHYL,2,0,0,0,0,912.09,1824.18,1115,868.66,0,ROCHE,,
DRGACS101,ACCU SURE GLUCOMETER,Pcs,1,0,0,0,0,650,650,999,650,0,DR. GENE,,
ZZZ2645,ACCUTAZ-HS VIAL 1VIAL,VIAL,5,0,0,0,0,80,400,157.3,80,0,MACLEODS,,
ZZZ11174,ACECLO 100MG TAB 1*10TAB,TAB.,5,0,0,0,0,45.329,226.65,60.93,46.42,0,CIPLA,,A01
ARIACP101,ACECLO PLUS TAB 1*15TAB,TAB,9,0,0,0,0,66.2565,596.31,106.87,67.85,0,ARISTO,,A019
ARIAC1T02,ACECLO SPAS TAB 1*10TAB,TAB,2.3,0,0,0,0,110.56,254.29,148.59,113.22,0,ARISTO,,A001
ZZZ9281,ACEGABA NT 400MG TAB 1*15TAB,TABS,1,0,0,0,0,364.503,364.5,484.7,369.3,0,EMCURE,,A0021
ZZZ6420,ACE REVELOL 25/2.5 TAB 1*10TAB,TABS,6,0,0,0,0,157.148,942.89,211.22,160.93,0,IPCA,,A003
000005877,ACEVIR P 1*10TAB,TAB.,26,0,0,0,0,1.1,28.6,54.3,11,0,TORRENT PHARMA VIVA,,
000570,ACIDITY-X SHACHET,TAB.,37,0,0,0,0,8,296,10,8,0,AAREEN PHARMA,,
MORACS101,ACIFIX SUSPENSION. 180ML,Pcs,1,0,0,0,0,110.1233,110.12,146.44,111.57,0,MORPEN,,
ZZZ4800,ACILOC 150MG TAB 1*30TAB,TAB,10.16,0,0,0,0,37.527,381.27,50.44,38.43,0,CADILA,,A001
CADAC3101,ACILOC 300MG TAB 1*20TAB,TAB,10,0,0,0,0,45.836,458.36,61.6,46.94,0,CADILA,,A001
CADACA201,ACILOC INJ 2ML,Pcs,2,0,0,0,0,51.812,103.62,67.5,51.4,0,CADILA,,
NICAC1T03,ACITROM-0.5  10 TAB,Pcs,3,0,0,0,0,59.43,178.29,79.02,60.21,0,ABBOTT,,A020
ZZZ10502,ACITROM-1MG 1*30,TAB.,1,0,0,0,0,245.78,245.78,330.34,251.69,0,ABBOTT,,A020
ZZZ11206,ACITROM 1MG TAB 1*30TAB,TAB.,0.5,0,0,0,0,248.421,124.21,330.34,251.69,0,CIPLA,,A020
NICACC302,ACITROM 2MG TAB 1*30TAB,TAB,2.25,0,0,0,0,423.444,952.75,569.14,433.63,0,ABBOTT,,A020
NICACC303,ACITROM 3MG TAB 1*30TAB,TAB,3,0,0,0,0,491.85,1475.55,661.09,503.69,0,ABBOTT,,A020
NICAC3T01,ACITROM 4MG TAB 1*30TAB,TAB,3.1,0,0,0,0,577.227,1789.4,775.84,591.12,0,ABBOTT,,A020
ZZZ10370,ACIVIR 400 DT TAB 1*5,TAB.,6,0,0,0,0,108.595,651.57,145.95,111.21,0,CIPLA,,A020
SYSAC1L01,ACNESOL 1% LOTION 25ML,Pcs,1,0,0,0,0,88.16,88.16,116,88.38,0,SYSTOPIC,,
ZZZ10372,ACNESTAR FACEWASH 1X50GM,TAB.,15,0,0,0,0,60,900,150,60,0,PURE AND CURE HEALTHCARE PVT.LTD.,,
MANACG101,ACNESTAR GEL 22GM,PCS,4,0,0,0,0,81,324,121,81,0,MANKIND,,
MANAC7G01,ACNESTAR SOAP 75GM,PCS,5,0,0,0,0,71,355,106,71,0,MANKIND,,
ALBACC101,ACTIBILE 150MG TAB 1*10TAB,TAB,7,0,0,0,0,251.593,1761.15,260.45,260.45,0,ALBERT DAVID,,A007
ALBACC102,ACTIBILE 300MG TAB 1*10TAB,TAB,7,0,0,0,0,371.813,2602.69,504.79,384.9,0,ALBERT DAVID,,A007
HIFEN838,ACTIS C2 1*10TAB,TAB.,3,0,0,0,0,254.2817,762.85,338.14,257.63,0,INDCHEMIE HEALTH PRIMUS,,A015
000569,ACTIVE SMILE CHARCOAL 100GM,TAB.,2,0,0,2,1,70,140,115,100,0,AAREEN PHARMA,,
000568,ACTIVE SMILE PASTE 100GM,TAB.,1,0,0,2,1,66.6667,66.67,115,100,0,AAREEN PHARMA,,
ZZZ9421,ACUCLAV 625MG TAB 1*10TAB,TABS,2.8,0,0,0,0,105.489,295.37,180.38,106,0,MACLEODS,,
ALBADD101,ADLIV DROP* 60M,Pcs,3,0,0,0,0,60.53,181.59,80.49,61.33,0,ALBERT DAVID,,
ALBADS201,ADLIV SYRUP 200ML,PCS,4,0,0,0,0,117.12,468.48,157.43,119.94,0,ALBERT DAVID,,
00001309,AD OIL 100ML,PCS,1,0,0,0,0,135,135,180,135,0,GROWMED,,
000499,AD OIL 200ML,TAB.,2,0,0,0,0,278.89,557.78,340,285.6,0,CONCEPT BIOSCIENCES PVT LTD,,
SURADDF01,ADULT DIAPER FRIENDS XL* 10 PIC,Pcs,3,0,0,0,0,142.37,427.11,200,141.24,0,SURGICAL,,
SUIADO101,AD VITAMIN OIL 100ML,PCS,6,0,0,0,0,155.8467,935.08,190,159.6,0,SUNNY INDUSTRIES,,
CIPAEFR01,AEROCORT FORTE ROTACAP 30CAP,PCS,4,0,0,0,0,98.206,392.82,130.59,99.5,0,CIPLA,,
CIPAEI101,AEROCORT INHALER 1PCS,PCS,5,0,0,0,0,256.876,1284.38,341.59,260.26,0,CIPLA,,
ZZZ8409,AEROCORT ROTACAP 60CAP,TAB.,3,0,0,0,0,108.4333,325.3,142.67,108.7,0,MEDLEY,,
MACAEI101,AEROTROP F INH 1PIC,Pcs,2,0,0,0,0,459.545,919.09,617.67,470.61,0,MACLEODS,,
GLEAI2I03,AIRTEC SF 250MG ROTACAP 30CAP,PCS,2,0,0,0,0,392.69,785.38,527.81,402.14,0,GLENMARK,,
MICRO741,AJADUO 10/5 1*10,TAB.,4,0,0,0,0,148.11,592.44,185.6,148.48,0,CIPLA,,A003
2640,AJADUO 25/5 MG 1*10,TAB.,4,0,0,0,0,162.84,651.36,214.25,163.25,0,SUNCARE FORMALATION,,A012
LUPAKK101,AKT-2 TAB 1*10,TAB,7,0,0,0,0,107.878,755.15,141.95,108.15,0,LUPIN,,A017
LUPAK1C01,AKT 3 KIT 1KIT,KIT,40,0,0,0,0,15.9365,637.46,20.75,15.81,0,LUPIN,,A017
LUPAK1T01,AKURIT-3 TAB 1*10,TAB,6,0,0,0,0,64.452,386.71,85.7,65.3,0,LUPIN,,A008
LUPAK1T02,AKURIT 4MG TAB 1*10TAB,TAB,7,0,0,0,0,85.05,595.35,113.1,86.17,0,LUPIN,,A008
ALEAL1T01,AL5ZYME CAP 1*10CAP,CAP,6,0,0,0,0,110.753,664.52,148.87,113.42,0,ALEMBIC,,A021
ZZZ11233,ALCIFLOX 500 MG TAB 30*10.,TAB.,19,0,0,0,0,20,380,49,20,0,CIPLA,,A013
RPGAL2101,ALDACTONE 25MG TAB 1*15TAB,TAB,2,0,0,0,0,26.5335,53.07,34.9,26.6,0,RPG,,A001
RPGAL1102,ALDACTONE 50MG TAB 1*15TAB,TAB,3,0,0,0,0,55.524,166.57,74.62,56.86,0,RPG,,A0001
ISHAL1101,ALDAY TAB 1*10TAB,TAB,7,0,0,9,1,13.358,93.51,19.95,15.2,0,ISH,,A021
000652,ALDEGESIC SP FORTE 1*10TAB,TAB.,309,0,0,0,0,3.7,1143.3,146,37,0,PANACEA  8,,
ZZZ10468,ALDIGESIC P 1*15,TAB.,5.12,0,0,0,0,18.375,94.08,112.5,17.5,0,PURE AND CURE HEALTHCARE PVT.LTD.,,
GLEALCF01,ALEX SYRUP 100ML,Pcs,5,0,0,0,0,117.882,589.41,158.43,120.72,0,GLENMARK,,
ZZZ434,ALFOO D  TAB 1*30TAB,TAB,5,0,0,0,0,302.187,1510.94,406.17,309.46,0,DR REDDYS,,A009
ZZZ3525,ALFOO T 1*10,TAB,5,0,0,0,0,305.6533,1528.27,402.18,306.42,0,DR REDDYS,,A009
ZZZ6330,ALFUSIN D TAB 1*15TAB,TABS,1,0,0,0,0,458.3055,458.31,616,469.34,0,CIPLA,,A002
000535,ALFUSIN TAB 1*10,PCS,1,0,0,0,0,252.0967,252.1,338.79,258.16,0,CONCEPT BIOSCIENCES PVT LTD,,A002
GLUALS101,ALKACITRON SYRUP 100ML,PCS,8,0,0,0,0,105.03,840.24,141.15,107.56,0,GLUCONATE,,
STAALS102,ALKASOL SYRUP 100ML,PCS,4,0,0,0,0,109.9633,439.85,147.8,112.61,0,STADMED,,
HIFEN735,ALKOF ORANGE 60ML 49*60ML 49*60 ML,PCS,2,0,0,0,0,17.88,35.76,61.88,15.15,0,INDCHEMIE HEALTH PRIMUS,,
HIFEN736,ALKOF ORNGE 100 ML 36*100ML 36*100 ML,PCS,5,0,0,0,0,25.276,126.38,87.19,21.42,0,INDCHEMIE HEALTH PRIMUS,,
AVEAL1101,ALLEGRA 120MG TAB 1*10TAB,TAB,7,0,0,0,0,184.647,1292.53,248.18,189.09,0,AVENTIS,,A002
AVEAL1102,ALLEGRA 180MG TAB 1*10TAB,TAB,5,0,0,0,0,225.933,1129.67,302,237.76,0,AVENTIS,,A015
SAAALM101,ALLEGRA M TAB 1*10TAB,TAB,2.8,0,0,0,0,224.205,627.77,301.3,229.6,0,SANOFI AVENTIS.,,A002
3175,ALLEGRA NASAL SPRAY 6GM,TAB.,2,0,0,0,0,337.69,675.38,449.06,342.14,0,BIOLOG,,
AVEALS101,ALLEGRA SUSPEN. 100ML,PCS,2,0,0,0,0,177.115,354.23,235.5,179.45,0,SANOFI AVENTIS.,,
000477,ALL OUT COMBO,TAB.,2,0,0,0,0,90.68,181.36,105,90.68,0,UNICHEM,,
000478,ALL OUT REFIL,TAB.,5,0,0,0,0,73.42,367.1,0,73.42,0,UNICHEM,,
ZZZ11235,ALMOX 250 CAP 20*15,TAB.,15.3,0,0,0,0,22.596,345.72,38.43,21.52,0,CIPLA,,
ZZZ11236,ALMOX 500MG CAP 20*15,TAB.,6.14,0,0,0,0,49.9995,307,117.85,50,0,CIPLA,,
4550,ALMOX CV 625 TAB 1*10,TAB.,0.2,0,0,0,0,70,14,208,70,0,ALKEM,,
SALAL2T02,ALNITRO 6.4MG TAB 30TAB,Pcs,3,0,0,0,0,231.2467,693.74,307.5,234.29,0,ALVIO,,
ZZZ5115,ALOGRACE SOAP 75GM,PCS,5,0,0,5,1,104.275,521.38,189,128.14,0,MANKIND,,
TETS152,ALPROVIT ACTIVE POWDER 1X200GM,TAB.,1,0,0,0,0,279.705,279.71,371.95,283.39,0,NICHOLAS,,
ARIAL2101,ALSARTAN 25MG TAB 1*10TAB,TABS,3,0,0,0,0,29.563,88.69,38.91,29.64,0,ARISTO,,A011
ARIALL101,ALSARTAN AM TAB 1*10TAB,TAB,3,0,0,0,0,72.32,216.96,95.16,72.5,0,ARISTO,,A011
1147,ALSITA E 25MG TAB,TAB.,6,0,0,0,0,117.854,707.12,158.4,120.69,0,OTHER PRODUCTS,,A011
000384,ALSITA GM1 1*10TAB,TAB.,6,0,0,0,0,98.9183,593.51,132.95,101.3,0,UNICHEM,,A010
000350,ALSITA GM2 1*10TAB,TAB.,2,0,0,0,0,103.946,207.89,139.65,106.45,0,DR.REDDY S LABORATORIES,,A010
HIFEN708,ALSITA GM2 FORTE 1*10TAB,TAB.,3,0,0,0,0,121.684,365.05,163.55,124.61,0,INDCHEMIE HEALTH PRIMUS,,A010
IPBAS105,ALSITA M 100 FORTE 1*10,PCS,3,0,0,0,0,129.3467,388.04,172,131.05,0,LUPIN,,A010
HIFEN709,ALSITA M50 FORTE 1*10TAB,TAB.,13,0,0,0,0,90.327,1174.25,121.4,92.5,0,INDCHEMIE HEALTH PRIMUS,,A010
000003253,ALSITA M 50 TAB 1*10,PCS,3,0,0,0,0,81.9683,245.9,110.15,83.94,0,BIOLOG,,A010
ALEAL2102,ALTHROCIN 250MG TAB 1*10TAB,TAB,0.6,0,0,0,0,52.407,31.44,69.7,53.1,0,ALEMBIC,,A-13
ALEAL5102,ALTHROCIN 500MG TAB 1*10TAB,TAB,5.6,0,0,0,0,102.154,572.06,135.84,103.5,0,ALEMBIC,,A013
3165,ALTHROCIN SYP 60ML,TAB.,3,0,0,0,0,54.41,163.23,73.12,55.72,0,BIOLOG,,
5585,ALTONIL 10 1*15,PCS,2,0,0,0,0,197.685,395.37,236.47,198.18,0,AVENUE,,A004
MICRO491,ALTONIL 3 MG,TAB.,2,0,0,0,0,59.07,118.14,76.91,58.6,0,DABUR,,A004
ZZZ7721,ALTORAN 40MG TAB 1*10TAB,TABS,2,0,0,0,0,95.33,190.66,125.44,95.57,0,ALEMBIC,,A004
INTAL1T02,ALZIL M 5MG TAB 1*10TAB,TAB,9,0,0,0,0,179.772,1617.95,239.06,182.14,0,INTAS,,A005
SUNAL0101,ALZOLAM 0.25MG TAB 1*10TAB,TAB,14,0,0,0,0,16.035,224.49,21.56,16.42,0,SUN,,A008
SUNAL0102,ALZOLAM 0.5MG TAB 1*10TAB,TAB,5,0,0,0,0,36.268,181.34,48.75,37.14,0,SUN,,A008
ZZZ4405,AMARYL 1MG TAB 1*30TAB,TAB,4,0,0,0,0,89.067,356.27,118.44,90.24,0,SANOFI AVENTIS.,,A004
ZZZ4948,AMARYL 2MG TAB 1*30TAB,TABS,8,0,0,0,0,139.533,1116.26,185.55,141.37,0,SANOFI AVENTIS.,,A004
ZZZ5470,AMARYL 3MG TAB 1*30,TAB,6,0,0,0,0,411.381,2468.29,547.05,416.8,0,SANOFI AVENTIS.,,A004
ZZZ3054,AMARYL MV 2MG TAB 1*15TAB.,TAB,8,0,0,0,0,200.253,1602.02,266.29,202.89,0,SANOFI AVENTIS.,,A008
FOUAMS601,AMBCET SYRUP. 60ML,Pcs,8,0,0,0,0,62.7433,501.95,83.44,63.57,0,FOURRTS (INDIA),,
ARIAMD101,AMBRODIL DROP 15 ML,Pcs,4,0,0,0,0,31.55,126.2,44.53,33.93,0,ARISTO,,
HIFEN335,AMBRODIL LS SYP 100ML,PCS,7,0,0,5,1,63.065,441.46,101.72,77.5,0,ARISTO PHARMACEUTICALS MF-3,,
MICRO819,AMBRODIL LS SYRUP 100ML 100ML,TAB.,1,0,0,0,0,46.7367,46.74,62.81,47.86,0,ARISTO,,
ZZZ10572,AMBRODIL PLUS RF SYP 1X100ML,TAB.,1,0,0,9,1,67.164,67.16,100.31,76.42,0,ABBOTT,,
ZZZ10707,AMBRODIL S 100ML 1,TAB.,6,0,0,0,0,24.4817,146.89,40,25.07,0,DR.MOREPEN,,
TAIAMS103,AMBROLITE D SUSP 100ML,PCS,3,0,0,0,0,97.99,293.97,130.31,99.28,0,TABLETS INDIA,,
CADAM5101,AMDEPIN 5MG TAB 1*15TAB,TAB,6,0,0,0,0,30.4035,182.42,40,30.48,0,CADILA,,A002
000182,AMETO-G4 1*10,TAB.,3,0,0,0,0,159.25,477.75,188.44,143.57,0,INDCHEMIE HEALTH PRIMUS,,A020
00000529,AMIJECT-500INJ 2ML,TAB.,3,0,0,0,0,40,120,115,40,0,ALKEM (BERGEN),,
INTAM1101,AMITONE 10MG TAB 1*10TAB,TAB,7,0,0,0,0,15.332,107.32,20.61,15.7,0,INTAS,,A007
INTAM2101,AMITONE 25MG TAB 1*10TAB,TAB,10,0,0,0,0,19.765,197.65,26.57,20.24,0,INTAS,,A007
INTAMP101,AMITONE PLUS TAB 1*10TAB,TAB,6,0,0,0,0,37.947,227.68,51,38.86,0,INTAS,,A003
KCLAM1101,AMITRYN 10MG TAB 1*10TAB,TAB,2.1,0,0,0,0,20.13,42.27,25.22,20.18,0,K.C. LAB,,A003
000521,AMIXIDE H TAB 1*10TAB,TAB,6,0,0,0,0,47.238,283.43,62.81,47.86,0,SUN,,A003
SUNAMT101,AMIXIDE TAB 1*10TAB,TAB,1,0,0,0,0,58.51,58.51,77.81,59.28,0,SUN,,A007
ZZZ9586,AMLODAC 2.5MG TAB 1*30TAB,TABS,5,0,0,0,0,42.654,213.27,57.33,43.68,0,ZYDAUS CARDIVA,,A004
ZZZ9825,AMLODAC 5MG TAB 1*30TAB,TABS,5,0,0,0,0,59.526,297.63,80.01,60.96,0,CADILA,,A004
CADAMA101,AMLODAC AT TAB 1*10TAB,TAB,6,0,0,0,0,198.842,1193.05,264.41,201.46,0,CADILA,,A004
ZZZ7983,AMLODAC M 25 TAB 1*15TAB,TABS,3,0,0,0,0,100.698,302.09,135.35,103.12,0,ZYDUS HEALTHCARE,,A004
ZZZ6812,AMLOGARD 10MG TAB 1*30,TAB,2,0,0,0,0,141.495,282.99,172.78,141.85,0,PFIZER LIMITED,,A007
ZZZ4023,AMLOGARD 2.5MG TAB 1*30,TAB,3,0,0,0,0,46.764,140.29,57.1,46.88,0,PFIZER LIMITED,,A007
PFIAM5102,AMLOGARD 5MG TAB 1*30TAB,TAB,7,0,0,0,0,65.526,458.68,80.01,65.69,0,PFIZER LIMITED,,A007
ZZZ10737,AMLOKIND-10 TAB 1*10,TAB.,12,0,0,0,0,25.448,305.38,34.2,26.06,0,MANKIND,,A005
ZZZ11405,AMLOKIND 5MG TAB 1*15TAB 1*15,TAB.,10,0,0,0,0,17.606,176.06,23.67,18.03,0,CIPLA,,A005
ZZZ8527,AMLOKIND AT TAB 1*15,TAB.,23,0,0,11,1,41.721,959.58,61.18,46.61,0,MANKIND,,A005
ZZZ10997,AMLOKIND BETA 50 TAB 1*10 TAB,TAB.,3,0,0,0,0,81.253,243.76,106.92,81.46,0,MANKIND,,A005
ZZZ10739,AMLOKIND-H TAB 1*10,TAB.,3,0,0,0,0,32.838,98.51,43.67,33.27,0,MANKIND,,A005
ZZZ10738,AMLOKIND-L TAB 1*10,TAB.,5,0,0,0,0,58.648,293.24,78.83,60.06,0,MANKIND,,A005
MICAM1103,AMLONG 10MG TAB 1*15TAB,TAB,4,0,0,0,0,64.9185,259.67,87.25,66.48,0,MICRO LAB,,A006
ZZZ10883,AMLONG 5MG 1*30,TAB.,3,0,0,0,0,59.528,178.58,80.01,60.96,0,MANKIND,,A006
MICAMA201,AMLONG A 25. 10 10,Pcs,2,0,0,0,0,47.385,94.77,62.34,47.5,0,MICRO LAB,,A006
MICAMA101,AMLONG A TAB 1*15TAB,TAB,2,0,0,0,0,121.3785,242.76,163.1,124.3,0,MICRO LAB,,A006
MICAM1T01,AMLONG H TAB 1*15,TAB,2,0,0,0,0,95.53,191.06,128.44,97.83,0,MICRO LAB,,A006
USVAMM101,AMLOPIN AT TAB 1*10TAB,TAB,5,0,0,0,0,72.9,364.5,96.94,73.86,0,USV,,A012
CIPAMA101,AMLOPRES-AT TAB 1*15,TAB,3,0,0,0,0,132.7695,398.31,185.39,141.25,0,CIPLA,,A016
ZZZ9791,AMLOPRES TL TAB 1*15TAB,TABS,2,0,0,0,0,114.432,228.86,152.17,115.94,0,CIPLA,,A016
ARIAM1101,AMLOSAFE 10MG TAB 1*10TAB,TAB,2,0,0,0,0,43.268,86.54,58.16,44.31,0,ARISTO,,A016
ZZZ11175,AMLOSAFE 2.5MG TAB 1*10TAB 1*15,TAB.,17,0,0,0,0,21.318,362.41,28.65,21.83,0,CIPLA,,A016
OTSAM3701,AMLOSAFE 3D TAB 1*7,TAB,5,0,0,0,0,61.1961,305.98,81.37,62,0,OTSIRA GENETICA(ARISTO),,A016
ZZZ11176,AMLOSAFE 5MG TAB 1*10TAB,TAB.,8,0,0,0,0,29.764,238.11,40,30.48,0,CIPLA,,A016
ARIAMM101,AMLOSAFE AT TAB 1*15,TAB,0.5,0,0,0,0,64.126,32.06,126.56,96.43,0,OTSIRA GENETICA(ARISTO),,A016
000420,AMLOSAFE AT TAB 1*15TAB,TAB,6,0,0,0,0,94.153,564.92,126.56,96.42,0,ARISTO,,A016
00001003,AMLOSAFE-MT 50 TAB 1X10,PCS,10,0,0,0,0,82.211,822.11,110.5,84.19,0,OTSIRA GENETICA(ARISTO),,A016
AMT1,AMLOSAFE TM 40MG TAB 10X10,Pcs,5,0,0,0,0,67.4167,337.08,90.62,69.04,0,OTSIRA GENETICA,,A016
MACAM1101,AMLOVAS 10MG TAB 1*15TAB,TAB,8,0,0,0,0,64.9185,519.35,87.25,66.48,0,MACLEODS,,A012
ZZZ11478,AMLOVAS 5MG TABS. 1X15,TAB.,12,0,0,0,0,30.083,361,40,30.48,0,CAREWIN PHARMACETICULS,,A012
MACAMA103,AMLOVAS AT TAB 1*15TAB,TAB,9,0,0,0,0,103.374,930.37,145.18,110.62,0,MACLEODS,,A012
MACAMH101,AMLOVAS H TAB 1*15TAB,TABS,6,0,0,0,0,98.685,592.11,132.65,101.06,0,MACLEODS,,A012
MACAM2102,AMLOVAS M 2.5/25MG TAB 1*10TAB,TAB,6,0,0,0,0,89.457,536.74,120.23,91.61,0,MACLEODS,,A012
MACAMX501,AMLOVAS XM 5/50MG TAB 1*10TAB,TAB,2,0,0,0,0,122.767,245.53,164.99,125.72,0,MACLEODS,,A012
AIPAMDS02,AMLYCURE DS SYRUP 100ML,Pcs,3,0,0,5,1,222.78,668.34,360,270.86,0,AIMIL PHARMA,,
000004,AMODEP 5MG TAB 1*10TAB,TAB,3,0,0,0,0,13.601,40.8,18.08,13.78,0,F.D.C.,,A011
000005,AMODEP AT TAB 1**10TAB,TAB,10,0,0,0,0,39.678,396.78,52.75,40.2,0,F.D.C.,,A011
002618,AMOX-625 LB 1*10TAB,TAB.,4,0,0,0,0,70,280,260,70,0,ZYDUS OSTIVIA,,
NICAM6601,AMOXYCLAV 625MG TAB 1*10TAB,TAB,3.7,0,0,0,0,90,333,208.5,90,0,ABBOTT,,SHELF-03
ZZZ10806,AMPILOX CAP 15CAP 1*15,TAB.,2.9,0,0,0,0,92.175,267.31,156.05,99.08,0,NESTLE,,A022
UNIAM2101,AMPOXIN 250MG. 15 Caps,Pcs,5,0,0,0,0,52.5555,262.78,70.64,53.82,0,UNICHEM,,A013
000600,AMRITANJAN STRONG PAIN BALM 8ML,TAB.,1,0,0,0,0,34.5,34.5,44,34.5,0,ARISTO PHARMACEUTICALS MF-3,,
ZZZ11400,AMTAS AT TAB 1X15TAB 1*15,TAB.,10,0,0,0,0,130.432,1304.32,187,133.57,0,CIPLA,,A014
AMPAMS201,AMYCORDIAL SYRUP 200ML,PCS,1,0,0,0,0,139.595,139.6,206.25,141.43,0,AMIL PHARMA,,
NICANA201,ANAFORTAN INJ 2ML,Pcs,20,0,0,9,1,25.5505,511.01,37.35,28.46,0,ABBOTT,,
ABBAN1T01,ANAFORTAN TAB 1*15,TAB,2.7,0,0,0,0,76.8885,207.6,103.34,78.74,0,ABBOTT,,A008
NICANT101,ANASPAS TAB 1*10TAB,TAB,3,0,0,0,0,76.5,229.5,101.73,77.51,0,ABBOTT,,A022
BLCANB101,ANGICAM BETA TAB 1*10TAB,TAB,2,0,0,0,0,30.69,61.38,41.25,31.43,0,BLUE CROSS,,A011
MICAN2201,ANGIPLAT 2.5MG CAP 25CAP,PCS,7,0,0,0,0,177.1667,1240.17,238.1,181.43,0,MICRO LAB,,
MICANN101,ANGIPLAT 6.5MG CAP 25CAP,Pcs,5,0,0,0,0,205.0667,1025.33,275.6,210,0,MICRO LAB,,
LYHAN2201,ANGISPAN TR 2.5MG CAP 25CAP,Pcs,4,0,0,0,0,220.435,881.74,296.25,225.74,0,LYKA HETERO,,
LYHAN6201,ANGISPAN TR 6.5MG CAP 25CAP,Pcs,5,0,0,0,0,280.0225,1400.11,376.36,286.76,0,LYKA HETERO,,
MACAN1101,ANTI THYROX 10MG TAB 100TAB,PCS,3,0,0,0,0,338.26,1014.78,454.65,346.4,0,MACLEODS,,
MACAN5101,ANTI THYROX 5MG TAB 100TAB,PCS,2,0,0,0,0,175.64,351.28,233.56,177.95,0,MACLEODS,,
00000904,ANTOXIPAN TAB 1*15T,PCS,1,0,0,0,0,377.4255,377.43,501.87,382.4,0,ABBOTT,,A0013
MICAN0101,ANXIT 0.25MG TAB 1*15,TAB,14,0,0,0,0,18.0735,253.03,24.3,18.51,0,MICRO LAB,,A008
MICAN0103,ANXIT 0.5MG TAB 1*15TAB,TAB,5,0,0,0,0,39.06,195.3,52.5,40,0,MICRO LAB,,A008
AJAAPPE01,APDROPS PD EYE DROP 10ML,PCS,6,0,0,0,0,40.1217,240.73,53.35,40.65,0,AJANTA,,
000440,APFOL GOLD 1*10TAB,TAB.,1,0,0,0,0,155,155,199,155,0,ARISTO,,
ZZZ10998,APIGAT 2.5 TAB 1*30 TAB,PCS,6,0,0,0,0,353.68,2122.08,675,350,0,NATCO PHARMA,,A001
000439,APIXAPIL-5 1*10TAB,TAB.,2,0,0,0,0,90.8833,181.77,122.15,93.07,0,ARISTO,,A014
TETS94,APREZO 20 1*4 1*4,TAB.,3,0,0,0,0,230.198,690.59,309.38,235.74,0,NICHOLAS,,A006
000343,APTAMIL C-PRO,TAB.,6,0,0,0,0,977.5,5865,1150,977.5,0,SUN,,
ZZZ8084,APTAMIL GOLD 2 REFIL 400GM,PHYL,1,0,0,0,0,942.9,942.9,1010,898,0,NUTRICIA,,
USV161,APTAMIL PREMIUM 1 400GM,TAB.,4,0,0,0,0,637.5,2550,750,637.5,0,USV PRIVATE LTD.,,
MANAPS201,APTIMUST SYRUP 200ML,PCS,3,0,0,0,0,115.3267,345.98,155,118.1,0,MANKIND,,
ZZZ11475,APTIVATE  SY 1X175,TAB.,3,0,0,0,0,141.375,424.13,190,144.78,0,CAREWIN PHARMACETICULS,,
ZZZ5443,AQSUSTEN 25MG INJ 1ML,PCS,2,0,0,0,0,94.1567,188.31,126.56,96.42,0,SUN,,
000592,AQUAGERMINA,TAB.,11,0,0,0,0,20,220,66.55,20,0,ARISTO PHARMACEUTICALS MF-3,,
BALAQME01,AQUASURGE MAX EYE DROP 10ML,Pcs,2,0,0,0,0,134.6167,269.23,177.13,134.95,0,IPCA,,
A000416,AQUI PLUS CREAM,TAB.,1,0,0,0,0,85.8,85.8,120,85.8,0,SUN,,
ZZZ10506,ARACHITOL NANO 5ML 60K IV 1X5M 1*4,TAB.,2.1,0,0,0,0,353.9332,743.26,475.72,362.45,0,ABBOTT,,
ZZZ10387,ARACHITOL NANO 60K SOLU. 1*5ML,TAB.,3,0,0,0,0,357.78,1073.34,118.93,362.49,0,PURE AND CURE HEALTHCARE PVT.LTD.,,
USV115,ARGIVIR SACHET,TAB.,9,0,0,0,0,27,243,44,27,0,USV PRIVATE LTD.,,
TORARM101,ARIP MT 10MG TAB 1*10TAB,TAB,2,0,0,0,0,202.448,404.9,272.1,207.32,0,TORRENT,,A0003
5729,ARISTOKOF DX SYP 100ML 30*1,PCS,1,0,0,0,0,22.082,22.08,132.19,21.03,0,ARISTO LABORATORIES PVT.LTD,,
3908,ARISTO L-CETREST SYP 60ML,TAB.,3,0,0,0,0,15.75,47.25,97.5,15,0,TORRENT,,
2006,ARISTONEUROL OD TAB 1*10,TAB.,6,0,0,0,0,60,360,142.5,60,0,DR. REDDY,,SELF 1
000508,ARISTONEUROL PLUS 1*10TAB,TAB.,4,0,0,0,0,75,300,215.53,75,0,CONCEPT BIOSCIENCES PVT LTD,,
ARIARD102,ARISTOZYME DROP 15ML,Pcs,2,0,0,0,0,55.5817,111.16,74.71,56.92,0,ARISTO,,
ZZZ11180,ARISTOZYME GOLD 1X10 1X10,TAB.,6,0,0,0,0,79.12,474.72,104.13,79.32,0,CIPLA,,A001
UNIARR101,ARKAMIN H TAB 1*10TAB,TAB,4,0,0,0,0,22.03,88.12,29.3,22.32,0,UNICHEM,,A001
UNIART101,ARKAMIN TAB 1*10TAB,TAB,8,0,0,0,0,73.863,590.9,99.28,75.64,0,UNICHEM,,A001
000488,ARKOF INHALER CAPSULS,TAB.,7,0,0,0,0,20,140,65,20,0,UNICHEM,,AOO3
ZZZ10632,ARMAF DEO 1,TAB.,29,0,0,0,0,174.5,5060.5,349,349,0,ABBOTT,,
3166,ARMAF DEODRANT 200ML,TAB.,10,0,0,0,0,183.225,1832.25,349,349,0,BIOLOG,,
HIFEN814,ARNICOR 50 MG TAB(CIPLA) 1*10,TAB.,3,0,0,0,0,170.6067,511.82,226.87,172.85,0,INDCHEMIE HEALTH PRIMUS,,A012
1001,ARNIPIN-100 1*10TAB,TAB.,4,0,0,0,0,297.68,1190.72,395.85,301.6,0,ALKEM,,A008
000265,ARNISAC 100 TAB,TAB.,8,0,0,0,0,416.795,3334.36,554.24,422.28,0,INDCHEMIE HEALTH PRIMUS,,A014
000655,ARNISAC 50 TAB 1X14 1*14,PCS,4,0,0,0,0,270.555,1082.22,363.66,277.07,0,CONCEPT BIOSCIENCES PVT LTD,,A009
USV122,ARNOZA-50 1*15TAB,TAB.,4,0,0,0,0,234.4683,937.87,315.15,240.11,0,USV PRIVATE LTD.,,A0024
SUNAR1102,ARPIZOL 15MG TAB 1*10TAB,TAB,5,0,0,0,0,195.526,977.63,260,198.1,0,SUN,,A016
NICASE101,ASCABIOL LOTION. 100ML,Pcs,3,0,0,0,0,133.7733,401.32,179.8,136.99,0,ABBOTT,,
APEASC101,ASCAZIN TAB 1*10TAB,TAB,2,0,0,0,0,60.907,121.81,81,61.71,0,APEX,,A001
0450457,ASCORIL D+ SYP 100ML,TAB.,3,0,0,15,1,111.6963,335.09,158.44,120.71,0,ZYDUS HEALTHCARE LTD(CARDIVA),,
ZZZ3389,ASCORIL+ EXP SYP 100ML,PCS,3,0,0,0,0,122.7667,368.3,165,125.72,0,GLENMARK,,
ZZZ2839,ASCORIL LS DROPS 15ML,PCS,2,0,0,0,0,57.9067,115.81,88.13,62.67,0,GLENMARK,,
ZZZ7771,ASCORIL LS JUNIOR SYP 60ML,PHYL,5,0,0,14,1,71.4633,357.32,108.75,82.86,0,GLENMARK,,
ACX,ASCORIL LS SYP 100ML,Pcs,4,0,0,0,0,95.172,380.69,144.85,103,0,GLENMARK,,
HIMASC601,ASHVAGANDHA TAB 60TAB,TASS,3,0,0,0,0,195.5267,586.58,260,198.1,0,HIMALAYA,,
ZZZ8089,ASOMEX 5MG TAB 1*15TAB,TABS,6,0,0,0,0,115.6185,693.71,153.75,117.14,0,EMCURE,,A001
MANASS102,ASTHAKIND DX SYRUP 100ML,PCS,4,0,0,5,1,70.325,281.3,113.43,86.42,0,MANKIND,,
ZZZ10744,ASTHALIN-2 TAB 1*45,STRI,0.3,0,0,0,0,443.3985,133.02,12.97,9.88,0,CIPLA,,A004
ZZZ10745,ASTHALIN-4 TAB 1*30,TAB.,8,0,0,0,0,11.62,92.96,15.59,11.9,0,CIPLA,,A004
CIPAS1101,ASTHALIN RESPI SOLUTION 15ML,Pcs,5,0,0,0,0,12.208,61.04,16.06,12.24,0,CIPLA,,
ZZZ8684,ASTHALIN ROTACAP 60CAP,TAB.,2,0,0,0,0,45.088,90.18,59.33,45.2,0,MEDLEY,,
UCBAT1101,ATARAX 10MG TAB 1*15TAB,TAB,30,0,0,0,0,42.6405,1279.22,59.53,45.36,0,DR REDDYS,,A011
UCBAT2101,ATARAX 25MG TAB 1*15,TAB,8,0,0,0,0,79.1655,633.32,106.4,81.07,0,DR REDDYS,,A011
000003310,ATAREX LOTION 1PHY,PCS,1,0,0,0,0,439.76,439.76,591,450.34,0,BIOLOG,,
ARIATT101,ATCHOL 10 TAB 1*10,TAB,12,0,0,0,0,32.635,391.62,43.86,33.42,0,ARISTO,,A008
ARIAT1T01,ATCHOL 20 TAB 1*10,TAB,5,0,0,0,0,40.475,202.38,54.4,41.45,0,ARISTO,,A008
ZZZ645,ATCHOL 40 TAB 1*10,TAB,6,0,0,0,0,76.538,459.23,102.88,78.38,0,ARISTO,,A008
ARIATA101,ATCHOL ASP CAP 1*10CAP,CAP,4,0,0,0,0,43.24,172.96,58.12,44.28,0,ARISTO,,RACK 1
A00765,ATCHOL CV 10MG CAP 1 X10,Pcs,4,0,0,0,0,92.759,371.04,124.68,94.99,0,ARISTO PHARMACEUTICALS TF 1,,A008
ZZZ11003,ATCHOL CV 20MG CAP 1*15,TAB.,3,0,0,0,0,157.4567,472.37,207.18,157.85,0,ARISTO,,A008
ARIAT1T02,ATCHOL-F TAB 1*10,TAB,10,0,0,0,0,94.857,948.57,127.5,97.14,0,ARISTO,,A008
CADAT2101,ATEN 25MG TAB 1*14TAB,TAB,11,0,0,0,0,23.5144,258.66,31.6,24.08,0,ZYDUS CADILA,,A008
CADAT5101,ATEN 50MG TAB 1*14TAB,TAB,16,0,0,0,0,28.8078,460.92,37.55,29.5,0,CADILA,,A008
ZZZ6047,ATIVAN 1MG TAB 1*30TAB,TAB,10,0,0,0,0,61.569,615.69,73.63,60.45,0,PFIZER LIMITED,,A001
AJAATC101,ATORFIT CV 10MG CAP 1*10CAP,CAP,3,0,0,0,0,267.12,801.36,359,273.55,0,AJANTA,,A003
MEDAT1T01,ATORIN 10MG TAB 1*10TAB,TAB,16,0,0,0,0,38.962,623.39,52.36,39.9,0,MEDLEY,,A003
MEDAT1T06,ATORIN-F* 10 TAB,Pcs,4,0,0,0,0,142.412,569.65,189.37,144.29,0,MEDLEY,,A003
ZZZ8696,ATORVA 10MG TAB 1*15TAB,TAB.,17,0,0,0,0,56.06,953.02,79.63,60.67,0,MEDLEY,,A006
ZZZ11209,ATORVA 20MG TAB 1*15TAB,TAB.,3,0,0,0,0,149.7495,449.25,201.25,153.35,0,CIPLA,,A006
ZZZ11210,ATORVA 40MG TAB 1*10TAB,TAB.,13,0,0,0,0,146.093,1899.21,206.17,158.11,0,CIPLA,,A006
ZZZ11212,ATORVA 80MG TAB 1*10TAB,TAB.,3,0,0,0,0,322.53,967.59,433.49,330.29,0,CIPLA,,A006
000435,ATORVA-GOLD 20MG 1*10TAB,TAB.,3,0,0,0,0,109.3867,328.16,145.45,110.83,0,ARISTO,,A006
001747,A TO Z AMINO 1*15CAP,TAB.,4,0,0,0,0,179.38,717.52,241.1,183.7,0,ABBOTT INDIA LIMITED,,
001967,A TO Z CV 1*10CAP,TAB.,5,0,0,0,0,185.388,926.94,249.15,189.85,0,INTAS,,
ALKATTZ03,A TO Z GOLD CAP 1*15CAP,CAP,5.7,0,0,0,0,179.394,1022.55,241.1,183.71,0,ALKEM LAB.,,A021
ALKATTZ05,A TO Z SYRUP 100ML,Pcs,3,0,0,9,1,93.748,281.24,140,106.67,0,ALKEM LAB.,,
ALKATTZ01,A TO Z TAB 1*15TAB,TAB,19,0,0,9,1,108.357,2058.78,190,130.3,0,ALKEM LAB.,,A003
ZZZ8642,A TO Z WOMAN CAP 1*15CAP,CAPS,2,0,0,0,0,285.351,570.7,383.5,292.22,0,ALKEM LAB.,,A009
000224,ATTENZEN SYRUP 1X200ML 1*200 ML,PCS,1,0,0,0,0,509.2,509.2,710.95,541.7,0,INDCHEMIE HEALTH PRIMUS,,
ZZZ10217,AUDIOVIT-Z CAP 1*10CAP,CAPS,4,0,0,0,0,250.984,1003.94,333.75,254.29,0,ENTOD PHARMA,,A014
GE0177,AUGMENTIN 625 DUO MG 1x10,TAB,0.1,0,0,0,0,136.1,13.61,195.39,146.34,0,GLAXO,,A001
WYEAUC301,AUTRIN CAP 1*30,CAP,2,0,0,0,0,154.368,308.74,205.28,156.4,0,PFIZER LIMITED,,A002
ZZZ10814,AUTRIN XT TAB 1*10,TAB.,5.5,0,0,0,0,111.728,614.5,148.57,113.2,0,PFIZER LIMITED,,A019
MICAV1101,AVAS-10 TAB 1*30,TAB,3,0,0,0,0,118.53,355.59,159.38,121.38,0,MICRO LAB,,A015
MICAV2101,AVAS 20MG TAB 1*10TAB,TAB,3,0,0,0,0,299.543,898.63,402.56,306.75,0,MICRO,,A015
MICAV1T01,AVAS 40MG TAB 1*10TAB,TAB,4,0,0,0,0,153.428,613.71,206.2,157.12,0,MICRO LAB,,A014
AVEAV1M01,AVIL-VAIL* 10ML,Pcs,4,0,0,0,0,17.565,70.26,22.01,17.61,0,AVENTIS,,
NICAV2101,AVOMINE 25MG TAB 1*10TAB,TAB,3.8,0,0,0,0,48.248,183.34,63.49,48.37,0,ABBOTT,,A003
000551,AXCER-60 1*14TAB,TAB.,1,0,0,0,0,331.3567,331.36,440.63,335.72,0,SUN,,A015
00000188,AXCER 90 1*14T,TAB.,5,0,0,0,0,353.7394,1768.7,491.25,374.33,0,SUN,,A015
000004797,AXCER 90 BOTTLE,TAB.,1,0,0,0,0,3132.855,3132.86,4210.31,3208.25,0,ASTRA ZENECA,,
CIPAZ2601,AZEE 250MG TAB 1*6TAB,TAB,5.2,0,0,9,1,50.607,263.16,74.77,56.97,0,CIPLA,,A013
LUPAZNS01,AZEFLO NASAL SPRAY 7ML,PCS,1,0,0,0,0,393.81,393.81,576,399,0,LUPIN,,
BROAZC101,AZIDERM 10% CREAM 15GM,PCS,2,0,0,0,0,249.5933,499.19,331.87,252.88,0,MICRO LAB,,
000632,AZIKEM 500 1*5,TAB.,1,0,0,0,0,65,65,125.87,65,0,OTHER PRODUCTS,,
ALKAZ3T01,AZIKEM 500MG TAB 1*3TAB,TAB,2.1,0,0,0,0,39.9999,84,80,40,0,ALKEM LAB.,,
1009,AZIKEM XL 200 30ML,TAB.,2,0,0,0,0,50,100,116.51,50,0,ALKEM,,
ALEAZ2L01,AZITHRAL 200MG LIQUID 15ML,Pcs,10,0,0,0,0,41.336,413.36,54.97,41.88,3,ALEMBIC,,
00000953,AZITHRAL 200MG SYP 15ML,PCS,2,0,0,0,0,40.65,81.3,54.63,41.63,0,ALEMBIC,,
ZZZ6182,AZITHRAL 250MG TAB 1*10,TABS,3.3,0,0,0,0,87.5,288.75,124.63,94.06,0,ALEMBIC,,A002
ZZZ10897,AZITHRAL 500 TAB 1*5,TAB.,1,0,0,0,0,89.638,89.64,125.89,95.92,0,MANKIND,,A002
ALEAZX101,AZITHRAL XL 100* 30ML,Pcs,3,0,0,0,0,84.9667,254.9,114.19,87.01,0,ALEMBIC,,
ALEAZX201,AZITHRAL-XL 200 LIQUID 30ML,Pcs,3,0,0,0,0,81.79,245.37,109.93,83.76,0,ALEMBIC,,
ZZZ9096,AZMARDA 100MG TAB 1*14TAB,TABS,3,0,0,0,0,635.1625,1905.49,910.53,650.45,0,CIPLA,,A024
RPGAZ5101,AZORAN 50MG TAB 1*10TAB,TAB,4,0,0,0,0,178.808,715.23,240.31,183.11,0,RPG,,A020
ZZZ4284,AZTOLET 10MG TAB 1*10TAB,TAB,8,0,0,0,0,156.24,1249.92,210,160,0,PURE AND CURE HEALTHCARE PVT.LTD.,,A015
ZZZ4285,AZTOLET 20MG TAB 1*10TAB,TAB,5,0,0,0,0,208.68,1043.4,277.5,211.43,0,PURE AND CURE HEALTHCARE PVT.LTD.,,A015
SUNAZ1102,AZTOR 10MG TAB 1*15TAB.,TAB,6,0,0,0,0,59.88,359.28,79.63,60.67,0,SUN,,A008
SUNAZ2102,AZTOR 20MG TAB 1*15TAB.,TAB,4,0,0,0,0,144.801,579.2,201.09,153.23,0,SUN,,A008
ZZZ10410,AZTOR 40MG TAB 1*15,TAB.,4.9,0,0,0,0,229.965,1126.83,309.09,235.5,0,SUN PHARMACEUTICALS,,A008
SUNAZ5101,AZTOR 5MG TAB 1*10TAB,TAB,3,0,0,0,0,66.013,198.04,138.5,99.02,0,SUN,,A008
TORAZ1F01,AZULIX 1MG TAB 1*10,TAB,7,0,0,0,0,29.366,205.56,39.47,30.07,0,TORRENT,,A002
TORAZ2101,AZULIX 2MG TAB 1*10TAB,TAB,3,0,0,0,0,46.052,138.16,61.9,47.16,0,TORRENT,,A002
ZZZ4939,AZULIX 3 MF TAB 1*10,TABS,4,0,0,0,0,141.515,566.06,190.21,144.92,0,TORRENT,,A001
HIFEN505,AZULIX DM 10/1/500 TAB 1X10,TAB,4,0,0,0,0,113.6425,454.57,152.75,116.38,0,TORRENT PHARMA AZUCA,,A001
HIFEN504,AZULIX DM 1/10/1000 TAB 1X10,TAB,5,0,0,0,0,114.8575,574.29,152.75,116.37,0,TORRENT PHARMA AZUCA,,A006
A00465,BABELOIS DIPER L30,TAB.,1,0,0,0,0,227.43,227.43,399,227.43,0,USV PRIVATE LTD.,,
INTBA1T01,BACLOF 10MG TAB 1*10TAB,TAB,5,0,0,0,0,141.845,709.23,190.64,145.26,0,INTAS,INTAS,B001
INTBA2101,BACLOF OD 20MG TAB 1*10TAB,TAB,3,0,0,0,0,194.05,582.15,260.82,198.72,0,INTAS,INTAS,B003
000639,BACLOF  SYP 1X200ML,PCS,4,0,0,0,0,309.54,1238.16,416,316.99,0,AJANTA PHARMA ILLUMA,,
IPCBACA01,BACSTOL 100MG TAB 1*10TAB,TAB,2,0,0,0,0,89.31,178.62,120.05,91.46,0,IPCA,,B004
ZZZ4226,BACSTOL 200MG TAB 1*10TAB,TAB,1,0,0,0,0,128.9,128.9,173.25,132,0,IPCA,,B004
SURBAA401,"BANDAGE 4"" 1PCS",PC S,11,0,0,0,0,8,88,20,8,0,SURGICAL,,
SURBAA601,"BANDAGE 6"" 1PCS",Pcs,1,0,0,0,0,179.4,179.4,320,170.86,0,SURGICAL,,
MANBAPT01,BANDY PLUS TAB 1*1,TAB,8,0,0,0,0,22.485,179.88,31.73,24.18,0,MANKIND,,B001
GLABAF301,BANOCIDE FORTE TAB 1*30,TAB,17,0,0,0,0,40.248,684.22,53.5,40.78,0,GLAXO,,B006
BIRBAI301,BASALOG 100IU INJ 3ML,PCS,3,0,0,0,0,622.2867,1866.86,836.3,637.26,0,BIOCARE REMIDES,,
USV100,B-COBAL INJECTION,TAB.,2,0,0,0,0,40,80,110,40,0,USV PRIVATE LTD.,,
PFIBEC201,BECOSULES CAP 1*20CAP,CAP,6.1,0,0,23,2,45.944,280.26,62.37,51.14,0,PFIZER LIMITED,,
ZZZ11495,BECOSULE + SYP 200ML,TAB.,3,0,0,0,0,78.374,235.12,103.13,78.57,0,PFIZER LIMITED,,
PFIBEC202,BECOSULES Z CAP 1*20CAP,CAP,3.1,0,0,0,0,50.224,155.69,62.94,50.35,0,PFIZER LIMITED,,B-001
ZZZ11195,BECOZINC CAP 1*30CAP,TAB.,7,0,0,0,0,52.362,366.53,70.37,53.62,0,CIPLA,,B002
000634,BELADONNA PLAASTER,TAB.,9,0,0,0,0,10,90,30,10,0,OTHER PRODUCTS,,
HIFEN899,BELATIN 40 TAB,TAB.,11,0,0,0,0,116.32,1279.52,154.68,117.85,0,INDCHEMIE HEALTH PRIMUS,,B0003
001979,BEMEZY 1*10TAB,TAB.,3,0,0,0,0,239.4,718.2,315,240,0,INTAS,,B005
ZZZ11196,BENADON TAB 15TAB,TAB.,7,0,0,0,0,33.3285,233.3,47.34,36.07,0,CIPLA,,B001
000495,BENADRYL-CR 100ML 1X100ML 1*100ML,PCS,20.5,0,0,0,0,106.778,2188.95,145.31,104.84,0,CONCEPT BIOSCIENCES PVT LTD,,
JOJBED501,BENADRYL DR SYRUP 50ML,Pcs,1,0,0,0,0,118.3033,118.3,159,121.15,0,JOHNSION & JOHNSION,,
FRABE7101,BENALGIS 75MG,Pcs,4,0,0,0,0,97.998,391.99,130.31,99.29,0,FRANCO-INDIAN,,B006
SHRBES201,BENEFICIALE SYRUP. 200ML,PCS,6,0,0,0,0,132.495,794.97,176.18,134.24,0,SHREYA,,
HIFEN668,BENEFICIAL SYP(L) 1*200ML,PCS,4,0,0,0,0,133.91,535.64,176.18,134.24,0,INDCHEMIE HEALTH PRIMUS,,
MEDBEA201,BETABEST AM 25. 10 Tabs,Pcs,6,0,0,0,0,79.66,477.96,105.94,80.71,0,MEDLEY,,B004
ZZZ9811,BETABEST AM 50MG TAB 1*10TAB,TABS,12,0,0,0,0,75.06,900.72,105.94,80.71,0,MEDLEY,,B003
MEDBEX201,BETABEST XL 25MG TAB 1*10TAB,TAB,5,0,0,0,0,28.203,141.02,37.9,28.88,0,MEDLEY,,B003
MEDBEX501,BETABEST XL 50MG TAB 1*10TAB,TAB,10,0,0,0,0,32.782,327.82,44.06,33.57,0,MEDLEY,,B003
SUNBE2101,BETACAP 20MG TAB 1*10TAB,TAB,8,0,0,0,0,25.35,202.8,34.07,25.96,0,SUN,,B004
SUNBEP101,BETACAP PLUS 10MG CAP 1*10CAP,CAP,5,0,0,0,0,131.837,659.19,175.31,133.57,0,SUN,,B004
ZZZ9065,BETACAP TR 20MG CAP 1*10CAP,CAPS,12,0,0,0,0,18.871,226.45,25.09,19.12,0,SUN,,B002
SUNBET401,BETACAP TR 40MG CAP 1*10CAP,CAP,1,0,0,0,0,34.052,34.05,45.28,34.5,0,SUN,,B002
SUNBET601,BETACAP TR 60MG CAP 1*10CAP,CAP,3,0,0,0,0,71.917,215.75,95.62,72.86,0,SUN,,B004
SUNBET801,BETACAP TR 80MG CAP 1*10CAP,CAP,3,0,0,0,0,59.22,177.66,78.75,60,0,SUN,,B004
TORBE2101,BETACARD 25MG TAB 1*14TAB,TAB,5,0,0,0,0,37.9974,189.99,50.53,38.5,0,TORRENT,,B004
TORBE5101,BETACARD 50MG TAB 1*14TAB,TAB,5,0,0,0,0,26.3354,131.68,35.02,26.68,0,TORRENT,,BOO4
TORBEE101,BETACARD-AM TAB 1*10,TAB,9,0,0,0,0,33.893,305.04,45.56,34.71,0,TORRENT,,B004
WINBEC201,BETADINE CREAM* 20G,Pcs,6,0,0,0,0,104.9033,629.42,131.46,105.17,0,WIN-MEDICARE,,
WINBEG101,BETADINE GARGLE 100ML,PCS,3,0,0,0,0,225.4633,676.39,313.12,238.59,0,WIN-MEDICARE,,
WINBEG501,BETADINE GARGLE 50ML,PCS,5,0,0,0,0,137.0267,685.13,190.31,145,0,WIN-MEDICARE,,
ZZZ9766,BETADINE SOL 10% 100ML,TAB.,9,0,0,0,0,82.964,746.68,103.95,83.17,0,MEDLEY,,
MICRO777,BETADIN POWDER 10GRAM,TAB.,1,0,0,9,1,116.774,116.77,162.19,123.57,0,ALEMBIC,,
ZZZ7204,BETAMIL GM CREAM 25GM,PHYL,11,0,0,0,0,40.6933,447.63,54.1,41.23,0,MERCK,,
SUNBEO201,BETAVERT OD 24MG TAB 1*10TAB,TAB,2,0,0,0,0,190.352,380.7,253.13,192.86,0,SUN,,B005
000003531,BETNESOL 0.5MG TAB 1*20,PCS,23,0,0,0,0,12.1096,278.52,15.94,12.14,0,MASAYA,,B002
GLABEF201,BETNESOL FORTE TAB 1*20TAB,TAB,12.14,0,0,0,0,22.124,268.59,29.11,22.18,0,GLAXO,,B006
GLABEA102,BETNESOL INJ 1ML,Pcs,5,0,0,0,0,2.85,14.25,25.3,3,0,GLAXO,,
GLABEOD01,BETNESOL ORAL DROPS 15ML,Pcs,3,0,0,0,0,21.8233,65.47,29.01,22.11,0,GLAXO,,
GLABEC302,BETNOVATE C CREAM 30GM,PCS,6,0,0,0,0,54.333,326,73.03,55.64,0,GLAXO,,
GLABEO201,BETNOVATE GM OINT 20GM,PCS,5,0,0,0,0,35.0683,175.34,46.63,35.53,0,GLAXO,,
GLABEO202,BETNOVATE N OINT 20GM,PCS,6,0,0,0,0,51.276,307.66,68.9,52.51,0,GLAXO,,
ZZZ9822,BETNOVATE N OINT 25GM,TAB.,2,0,0,0,0,46.628,93.26,62.67,47.75,0,MEDLEY,,
GLABEC201,BETNOVATE SKIN CREAM 20GM,PCS,8,0,0,0,0,16.71,133.68,22.22,16.93,0,GLAXO,,
ZZZ8868,BETONIN SYRUP (S.F) 200ML,PHYL,1,0,0,0,0,184.655,184.66,248.15,189.1,0,ABBOTT,,
ABBBE4401,BETONIN SYRUP (S.F) 400ML,Pcs,2,0,0,0,0,288.78,577.56,388.13,295.73,0,ABBOTT,,
MICBE0101,BETT INJ 15 G,Pcs,12,0,0,0,0,9.6,115.2,13.31,9.5,0,MICRO LAB,,
ZZZ785,BEVON SYRUP. 200ML,PCS,3,0,0,0,0,150.67,452.01,198.25,151.05,0,EMCURE,,
INTBEE101,BEXOL DT TAB 50TAB,TABS,2,0,0,0,0,54.8767,109.75,72.98,55.6,0,INTAS,,
TAIBIC101,BIFILAC CAP 1*10CAP,CAP,2,0,0,0,0,105.04,210.08,140.63,107.57,0,TABLETS INDIA,,B002
ARIBIS501,BIGOMET SR 500MG TAB 1*10TAB,TAB,5,0,0,0,0,12.478,62.39,16.77,12.78,0,OTSIRA GENETICA(ARISTO),,B003
000365,BILASURE M 40 1*10TAB,TAB.,2,0,0,0,0,193.8683,387.74,257.81,196.42,0,DR.REDDY S LABORATORIES,,B004
ZZZ11565,BILASURE M TAB 1*10,TAB.,45,0,0,0,0,15.833,712.49,212.81,162.14,0,SUN,,B003
000003863,BILAZAP M TAB 1*10,PCS,6,0,0,0,0,139.5458,837.27,186.56,142.14,0,GLENMARK,,B003
ZZZ10512,BILAZEST 20MG TAB 1*10,TAB.,0.6,0,0,0,0,151.64,90.98,203.81,155.29,0,ABBOTT,,B003
HIFEN988,BILYPSA 1*10TAB,TAB.,4,0,0,0,0,372.8833,1491.53,501.13,381.86,0,SUN,,B006
ZZZ9306,BILYPSA 4MG TAB 45TAB,TABS,2,0,0,0,0,1541.86,3083.72,2050.1,1562.17,0,CADILA,,B001
ZZZ11295,BIOCOF MINT 60ML 24*100ML,TAB.,14,0,0,0,0,21.8508,305.91,87.66,20.81,0,CIPLA,,
MICRO609,BIOCOF MINT SYP 100ML,TAB.,2,0,0,0,0,29.2008,58.4,142.31,27.81,0,BIOCHEM,,
MACBIC101,BIO D3 CAP 1*10CAP,CAP,4,0,0,0,0,204.237,816.95,274.5,209.15,0,MACLEODS,,B001
MACBIM101,BIO D3 MAX CAP 1*15CAP,CAP,1,0,0,0,0,292.953,292.95,402,300,0,MACLEODS,,B001
MACBIP101,BIO D3 PLUS CAP 1*15CAP,CAP,4,0,0,0,0,256.716,1026.86,341.34,260.1,0,MACLEODS,,B001
000560,BIOLINE SENSATIVE TOOTH BRUSH,TAB.,9,0,0,0,0,35.75,321.75,0,35.75,0,SUN,,
000487,BIOLINE TOOTH BRUSH,TAB.,7,0,0,0,0,180,1260,70,180,0,UNICHEM,,
000452,BIONECT 15GM OINTMENT,TAB.,6,0,0,0,0,123.5867,741.52,181.5,125,0,UNICHEM,,
HIFEN901,BISOBIS T 2.5,TAB.,4,0,0,0,0,113.7867,455.15,149.72,114.07,0,INDCHEMIE HEALTH PRIMUS,,B002
ZZZ5168,BISOHEART 2.5MG TAB 1*10TAB,TABS,6,0,0,0,0,51.637,309.82,69.41,52.88,0,MANKIND,,B006
ZZZ1632,BISOHEART 5MG TAB 1*10TAB,TAB,8,0,0,0,0,78.91,631.28,106.06,80.81,0,MANKIND,,B006
00000864,BISOHEART AM 2.5MG TAB 1*10T,PCS,6,0,0,0,0,59.42,356.52,79.86,60.85,0,MANKIND,,B006
HIFEN805,BISONEXT 2.5 1*10,TAB.,5,0,0,0,0,99.38,496.9,132.15,100.69,0,INDCHEMIE HEALTH PRIMUS,,B003
HIFEN813,BISONEXT 5MG TAB(LUPIN) 1*10,TAB.,3,0,0,0,0,133.1767,399.53,179,136.38,0,INDCHEMIE HEALTH PRIMUS,,B003
000005872,BIZLO OD 1*10TAB,TAB.,3,0,0,0,0,128.5367,385.61,170.93,130.23,0,TORRENT PHARMA VIVA,,B003
ZZZ9570,BLADMIR 25MG TAB 1*10TAB,TABS,3,0,0,0,0,211.95,635.85,281.81,214.74,0,ALEMBIC,,B001
SUN057,BLADMIR-S 25 1*10TAB,TAB.,3,0,0,0,0,343.4167,1030.25,461.53,351.68,0,ALKEM,,B005
000515,BLOCACID TABS 1X15 1*15,PCS,3,0,0,0,0,137.0167,411.05,182.2,138.82,0,CONCEPT BIOSCIENCES PVT LTD,,B004
HIFEN692,BLOOD LANCET FLAT KLIFE 1BOX 1*1,PCS,1,0,0,0,0,68.91,68.91,328,65.63,0,INDCHEMIE HEALTH PRIMUS,,
A00663,BLUGLIP-50 1*10TAB,TAB.,4,0,0,0,0,41.854,167.42,56.25,42.86,0,USV LIMITED.,,B004
001982,BONE ACER STEEL FEEDER 125ML,TAB.,3,0,0,0,0,305,915,500,305,0,INTAS,,
001984,BONE ACER STEEL FEEDER 250ML,TAB.,2,0,0,0,0,325,650,500,325,0,INTAS,,
ALKBO1T01,BONESTAT FRAC CAP 1*15CAP,TAP,3,0,0,0,0,366.09,1098.27,492,374.9,0,ALKEM LAB.,,B006
4066,BONESTAT STRONG 1*15,TAB.,1,0,0,0,0,261.565,261.57,351.56,267.86,0,OTSIRA GENETICA,,B005
1244,BONNE ACER STEEL 250ML,TAB.,1,0,0,0,0,334.75,334.75,515,334.75,0,CIPLA,,
ZZZ3370,BONNISAN SYRUP. 100ML,PCS,2,0,0,0,0,66.205,132.41,89,67.8,0,HIMALAYA,,
GDPBOO201,BOROLINE CREAM 20GM,Pcs,6,0,0,0,0,35.671,214.03,40,35.3,0,G.D.PHARMACEUTICALS(P)LTD.,,
CADBO5J01,BOURNVITA JAR 500GM,PCS,2,0,0,0,0,236.66,473.32,263,236.66,0,CADBURY,,
HIFEN693,BP BLADE LISTER 22 1*1 1*1,PCS,88,0,0,0,0,2.52,221.76,5.63,2.4,0,INDCHEMIE HEALTH PRIMUS,,
HIFEN694,BP BLADE LISTER 24 1*1 1*1,PCS,100,0,0,0,0,2.52,252,4.22,2.4,0,INDCHEMIE HEALTH PRIMUS,,
HIFEN695,BP CLOTH IEAP 1*1 1*1,PCS,1,0,0,0,0,108.16,108.16,123.75,103,0,INDCHEMIE HEALTH PRIMUS,,
HIFEN696,BP MER DIA REG 1*1 1*1,PCS,1,0,0,0,0,3041.88,3041.88,3942.19,2897.02,0,INDCHEMIE HEALTH PRIMUS,,
GRHBR1T01,BRAVIA 20MG TAB 1*10TAB,TAB,4,0,0,0,0,67.31,269.24,90.47,68.93,0,GRANDCURE HEALTHCARE,,B002
GRHBR1T02,BRAVIA DSR CAP 1*10CAP,CAP,8,0,0,0,0,105.027,840.22,138.19,105.29,0,GRANDCURE HEALTHCARE,,B002
GRHBR1T03,BRAVIA D TAB 1*10TAB,TAB,6,0,0,0,0,66.96,401.76,90,68.57,0,GRANDCURE HEALTHCARE,,B002
GRHBR1T04,BRAVIA IT CAP 1*10CAP,CAP,2,0,0,0,0,149.28,298.56,198.52,151.25,0,GRANDCURE HEALTHCARE,,B002
000618,BREAST PUMP 10,TAB.,2,0,0,0,0,40,80,90,40,0,OTHER PRODUCTS,,
000065,BREVIPIL 100 MG,TAB.,6,0,0,0,0,306.9033,1841.42,412.5,314.29,0,SUN PHARMACEUTICALS,,B001
000101,BREVIPIL 50MG 1*10,TAB.,5,0,0,0,0,162.94,814.7,219,166.86,0,INTAS,,B001
A00005,BRIMOTAS T EYE DROP 5 ML,TAB.,2,0,0,0,0,142.286,284.57,191.25,145.71,0,NESTLE,,
AJABRE101,BRINZOX EYE DROP 5ML,Pcs,2,0,0,0,0,419.71,839.42,552.19,420.76,0,AJANTA,,
ZZZ7516,BRINZOX T EYE DROP 5ML,PHYL,3,0,0,0,0,321.37,964.11,422.81,322.18,0,AJANTA,,
SUN050,BRIVAZEN-50MG,TAB.,4,0,0,0,0,222.5033,890.01,299.06,227.86,0,ALKEM,,B002
HIFEN710,BRIVAZEN 75 1*10TAB,TAB.,4,0,0,0,0,350.156,1400.62,470.63,358.58,0,INDCHEMIE HEALTH PRIMUS,,B002
WL6BRS101,BROZEDEX SF SYRUP 100ML,Pcs,7,0,0,0,0,130.3229,912.26,187.68,133.46,0,WOCKHARDT LTD,,
MICRO661,BRO ZEDEX SYP SF 100ML,TAB.,1,0,0,0,0,134.41,134.41,172.25,142.99,0,DR. REDDY,,
ALEBRR101,BROZEET LS SYRUP 100ML,Pcs,3,0,0,0,0,104.8383,314.51,140.91,107.36,0,ALEMBIC,,
ABBBR2101,BRUFEN 200MG TAB 1*15TAB,TAB,2.11,0,0,0,0,8.4975,17.93,11.31,8.61,0,ABBOTT,,B004
ZZZ9857,BRUFEN 400MG TAB 1*15,TAB,4.9,0,0,0,0,19.257,94.36,25.6,19.51,0,MEDLEY,,B004
ABBBR6101,BRUFEN 600MG TAB 1*15TAB,TAB,2,0,0,0,0,29.8785,59.76,39.73,30.27,0,ABBOTT,,B004
ABBBRC301,BRUGEL 5% GEL 30GM,Pcs,1,0,0,0,0,163.3233,163.32,217.18,165.47,0,ABBOTT,,
000004303,B-TEX LOTION 15ML,TAB.,10,0,0,0,0,16,160,30,16,0,OTHER PRODUCTS,,
ZZZ10259,B-TEX OINT 12GM 1,TAB.,2,0,0,0,0,20.16,40.32,28,20,0,MEDLEY,,
000752,BUDAMATE-200 1*30CAP,TAB.,4,0,0,0,0,136.31,545.24,183.2,139.59,0,CIPLA,,
LUPBU2T01,BUDAMATE 200 TRANSCAP 30CAP,PCS,4,0,0,0,0,279.59,1118.36,375.75,286.32,0,LUPIN,,
LUPBU2I01,BUDAMATE 200 TRANSHALER 1PCS,Pcs,2,0,0,0,0,264.56,529.12,375.75,286.32,0,LUPIN,,
LUPBUR301,BUDAMATE 400 TRANSCAP 30CAP,PCS,2,0,0,0,0,165.7067,331.41,222.7,169.69,0,LUPIN,,
LUPBU4I01,BUDAMATE 400 TRANSHALER 1PCS,Pcs,3,0,0,0,0,321.4067,964.22,431.95,329.14,0,LUPIN,,
LUPBUFT01,BUDAMATE FORTE ROTACAP 1*30CAP,CAP,4,0,0,0,0,396.86,1587.44,533.35,406.41,0,LUPIN,,
HIFEN953,BUDAMATE-G,TAB.,5,0,0,0,0,115.1083,575.54,154.7,117.88,0,SUN,,B05
000637,BUDAMATE-NEB-1MG 4X7X2ML,PCS,1,0,0,0,0,1805.6,1805.6,2375.8,1810.13,0,CONCEPT BIOSCIENCES PVT LTD,,
SUN053,BUDAMATE NEB RESPULE 0.5 MG,TAB.,21,0,0,0,0,54.1279,1136.69,72.75,55.43,0,ALKEM,,
ZZZ11228,BUDECORT 0.5 RESP. 50X5ML,TAB.,16,0,0,0,0,88.925,1422.8,127,88,0,CIPLA,,
CIPBUI101,BUDECORT 200 INHALER 1PCS,Pcs,1,0,0,0,0,325.25,325.25,462,352,0,CIPLA,,
CIPBU4R01,BUDECORT 400 ROTACAP 1*30CAP,CAP,7,0,0,0,0,138.7217,971.05,186.45,142.06,0,CIPLA,,
MACBUI101,BUDETROL 200 INHALATION 1PIC,Pcs,1,0,0,0,0,283.055,283.06,376.35,286.78,0,MACLEODS,,
MACBU2R01,BUDETROL 200 ROTACAP 30CAP,PCS,4,0,0,0,0,136.3983,545.59,183.31,139.68,0,MACLEODS,,
MACBU4I01,BUDETROL 400 INH 1PIC,PICS,4,0,0,0,0,324.9033,1299.61,432,329.18,0,MACLEODS,,
MACBU4R01,BUDETROL 400MG ROTACAP 30CAP,PCS,1,0,0,0,0,157.85,157.85,212.15,161.65,0,MACLEODS,,
USV5,BUDETROL 400 ROTACAP 1PH,PCS,1,0,0,0,0,157.6467,157.65,212.15,161.44,0,MACLEODS,,
2392,BUDETROL G 1*1,TAB.,2,0,0,0,0,362.305,724.61,467.81,392.11,0,MACLEODS,,
SUNBUC101,BUDEZ CR CAP 1*10CAP,CAP,4,0,0,0,0,206.622,826.49,271.88,207.14,0,SUN,,B005
000428,BUDS DR.MMORPEN,TAB.,1,0,0,0,0,37.5,37.5,80,37.5,0,ARISTO,,
INTBU5101,BUSPIN 5MG TAB 1*10TAB,TAB,3,0,0,0,0,31.544,94.63,41.95,31.96,0,INTAS,,B006
SUNCA0402,CABGOLIN 0.25MG TAB 1*4TAB,TAB,5,0,0,0,0,189.6416,948.21,252.19,192.14,0,SUN,,C011
ZZZ4976,CABLIZ 0.5 TAB 2TAB,TAB,3,0,0,0,0,207.832,623.5,276.37,210.57,0,MACLEODS,,C009
ZZZ6415,CADBIOS FORTE CAP 1*10CAP,CAP,5,0,0,0,0,202.336,1011.68,269.06,205,0,CADILA,,
0606,CADIPAN-10K TAB 1X10,PCS,1,0,0,0,0,213.4467,213.45,286.88,218.58,0,CORONA,,C008
TETS114,CALAPTIN 120MG SR 15TAB,TAB.,5,0,0,0,0,65.536,327.68,87.15,66.4,0,NICHOLAS,,C016
MEOCA5301,CALCIMAX 500MG TAB 1*30,TAB,2,0,0,0,0,256.839,513.68,379.69,263.02,0,MEYER VITABIOTICS,,C012
MEOCAF301,CALCIMAX FORTE TAB 1*30TAB,TAB,2,0,0,0,0,200.616,401.23,293.44,203.26,0,MEYER VITABIOTICS,,C005
ZZZ1502,CALCIMAX JOINTS 1*15,CAP,3,0,0,0,0,118.0635,354.19,157,119.62,0,MEYER VITABIOTICS,,C005
ZZZ3323,CALCIMAX P SYRUP. 200ML,PCS,6,0,0,9,1,119.698,718.19,175,133.33,0,MEYER VITABIOTICS,,
MEOCAS201,CALCIMAX+ SUSPENSION 200 ML,Pcs,1,0,0,0,0,120.3133,120.31,160,121.9,0,MEYER ORGANICS,,
0000851,CALCISET K2-7 1*10 CAP,TAB.,25,0,0,0,0,4,100,210,40,0,MACLEODS,,
00001320,CALCITAS-D3 1*4T,PCS,73,0,0,0,0,6.25,456.25,131.54,25,0,INTAS,,
0000842,CALCITAS D3 DROP,TAB.,10,0,0,0,0,40,400,120.47,40,0,MACLEODS,,
USV116,CALCIUM SANDOZ,TAB.,1,0,0,0,0,88,88,126,88,0,USV PRIVATE LTD.,,
MANCAP101,CALDIKIND PLUS CAP 1*10CAP,CAP,2,0,0,9,1,118.588,237.18,175.21,133.5,0,MANKIND,,C015
ZZZ10213,CALDIKIND P SUSP 200ML,PHYL,3,0,0,0,0,118.5967,355.79,159.36,121.45,0,MANKIND,,
USV160,CALICAM K2 FORTE,TAB.,7,0,0,0,0,80,560,182,80,0,USV PRIVATE LTD.,,
3296,CALINTA XT 1*10TAB,TAB.,2,0,0,0,0,258.64,517.28,340.31,259.29,0,BIOLOG,,C012
GLACAS101,CALPOL 120MG SUSP. 60ML,PCS,7,0,0,0,0,28.6583,200.61,38.45,29.35,0,GLAXO,,
GLACA2S01,CALPOL 250MG SYRUP 60ML,PCS,5,0,0,0,0,31.9317,159.66,42.84,32.7,0,GLAXO,,
GLACA6101,CALPOL 650MG TAB 1*15TAB,TAB,27.5,0,0,5,1,20.07,551.93,32.04,24.4,0,GLAXO,,C016
GLACAD101,CALPOL DROPS 15 ML,Pcs,5,0,0,0,0,23.3133,116.57,30.98,23.62,0,GLAXO,,
ZZZ10559,CALPOL TAB 1*15 1*15,TAB.,4.1,0,0,0,0,10.2945,42.21,14.26,10.32,0,ABBOTT,,C003
GLACAT102,CALPOL T TAB 1*10TAB,TAB,10,0,0,0,0,82.908,829.08,115.73,88.2,0,GLAXO,,C003
ZZZ4494,CALSHINE P DROP 30ML,PCS,5,0,0,0,0,150.834,754.17,200.58,152.82,0,ERIS LIFE SCIENCES,,
MALCA5102,CALVIT 500MG TAB 1*15TAB,TAB,3,0,0,9,1,71.067,213.2,105,80,0,MARC LABS,,C002
GLECABC01,CANDID B CREAM 10GM,PCS,5,0,0,14,1,89.85,449.25,138,98.58,0,GLENMARK,,
GLECAV301,CANDID-CL VAGINAL. 30 GM,Pcs,3,0,0,0,0,227.3667,682.1,302.35,230.36,0,GLENMARK,,
GLECAED01,CANDID EAR DROP 10ML,Pcs,2,0,0,0,0,68.17,136.34,96.09,68.34,0,GLENMARK,,
ZZZ3852,CANDID GOLD POWEDER 100GM,PIC,3,0,0,0,0,183.2975,549.89,243.75,185.71,0,GLENMARK,,
ZZZ5653,CANDID LOTION 30ML,PCS,3,0,0,0,0,175.7733,527.32,236.25,180,0,GLENMARK,,
ZZZ9102,CANDID MOUTH PAINT 25ML,PHYL,1,0,0,0,0,144.715,144.72,194.5,148.2,0,GLENMARK,,
HIFEN948,CANDIDOX CREAM 30GM,TAB.,2,0,0,0,0,188.3267,376.65,253.12,192.86,0,SUN,,
GLECAP101,CANDID POWDER 100GM,PCS,3,0,0,0,0,132.444,397.33,178,135.63,0,GLENMARK,,
GLECAP301,CANDID POWDER 50GM,PCS,8,0,0,0,0,72.546,580.37,97.5,74.29,0,GLENMARK,,
ZZZ7706,CANDID SOAP 125GM,PHYL,6,0,0,0,0,141.68,850.08,190.43,145.09,0,GLENMARK,,
ZZZ11125,CANDID SOAP 75 1*75 GM,TAB.,4,0,0,0,0,88.1667,352.67,105.44,80.34,0,TORQUE,,
ZZZ882,CANDID TOTAL  CREAM 20GM,PCS,2,0,0,0,0,86.1433,172.29,123.5,88.22,0,GLENMARK,,
GLECAVG01,CANDID V GEL 30GM,PCS,2,0,0,0,0,105.605,211.21,150,114.29,0,GLENMARK,,
000610,CANDID V TOTAL 30GM,TAB.,1,0,0,0,0,131.5,131.5,160,131.5,0,OTHER PRODUCTS,,
ZZZ11348,CANDIFORCE-100 CAP 1*10 10,TAB.,6,0,0,5,1,85.5,513,137.9,105.07,0,CIPLA,,C002
MANCA2401,CANDIFORCE 200MG CAP 1*10,CAP,8.4,0,0,6,1,143.4902,1205.32,236.25,180,0,MANKIND,,C002
ZZZ7717,CANDITRAL 100MG CAP 1*10CAP,CAPS,6,0,0,0,0,111.398,668.39,159.7,114.08,0,GLENMARK,,C001
ZZZ7547,CANDITRAL 200MG CAP 1*10CAP,CAPS,3.6,0,0,0,0,175.79,632.84,236.25,180.02,0,GLENMARK,,C001
ZZZ10454,CANDITRAL SB 130MG 1*10,TAB.,3,0,0,0,0,208.923,626.77,280.78,213.95,0,GLENMARK,,C001
ZZZ1671,CARBOPHAGE XR 1000MG TAB 1*10TAB,TAB,8,0,0,0,0,32.442,259.54,43.14,32.87,0,MERCK,,C011
000002,CARCA 25 TAB 10,Pcs,3,0,0,0,0,157.92,473.76,210,160,0,INTAS,,C003
INTCA3101,CARCA 3.125MG TAB 1*15TAB,TAB,8,0,0,0,0,69.987,559.9,94.06,71.67,0,INTAS,,C003
INTCA6101,CARCA 6.25MG TAB 1*15TAB,TAB,4,0,0,0,0,82.065,328.26,110.3,84.04,0,INTAS,,C003
ZZZ10380,CARDACE 1.25MG TAB 1*15TAB,TAB.,5,0,0,0,0,82.554,412.77,109.78,83.64,0,PURE AND CURE HEALTHCARE PVT.LTD.,,C009
AVECA2101,CARDACE 2.5MG TAB 1*15TAB,TAB,5,0,0,0,0,61.052,305.26,82.05,62.52,0,AVENTIS,,C002
000323,CARDIBIS 2.5 1*10TAB,TAB.,7,0,0,0,0,29.89,209.23,45,32.14,0,INTAS,,C009
MINCAP101,CARDIMOL PLUS 10MG TAB 1*10TAB,TAB,7,0,0,0,0,126.24,883.68,169.68,129.28,0,MINKIND,,C002
SUNCA3101,CARDIVAS 3.125MG TAB 1*10TAB,TAB,5,0,0,0,0,60.276,301.38,80.16,61.07,0,SUN,,C003
ZZZ4379,CARIPILL TAB 1*15TAB,TAB,2,0,0,0,0,432.5055,865.01,581.25,442.91,0,MICRO LAB,,C013
CIPCA6101,CARLOC 6.25MG TAB 1*10TAB,TAB,4,0,0,0,0,76.578,306.31,100.76,76.77,0,CIPLA,,C008
ELPCAS301,CARNISURE SYRUP 30 ML.,Pcs,5,0,0,0,0,209.352,1046.76,278.4,212.11,0,ELDER PHARMA,,
ZZZ8652,CARTIGEN 1500MG TAB 1*15TAB,TABS,2,0,0,0,0,239.7,479.4,318.75,242.86,0,PHARMED,,C012
000012,CARTIGEN-DN 10 TABL,Pcs,3,0,0,0,0,195.29,585.87,259.69,197.86,0,PHARMED,,C015
ZZZ1657,CARTIGEN FORTE TAB 1*10TAB,TAB,4,0,0,0,0,353.447,1413.79,470,358.1,0,PHARMED,,C015
MICCAA101,CARVIDON MR TAB 1*10TAB,TAB,1,0,0,0,0,212.07,212.07,285,217.17,0,MICRO LAB,,C016
MICCAA102,CARVIDON OD 60MG CAP 1*10CAP,CAP,2,0,0,0,0,291.582,583.16,391.87,298.6,0,MICRO LAB,,C016
OL601,CARVIDON OD 80 1X10,PCS,2,0,0,0,0,144.345,288.69,194,147.82,0,MICRO,,C011
LUPCA6101,CARVISTAR 6.25MG TAB 1*10TAB,TAB,5,0,0,0,0,64.798,323.99,87.1,66.36,0,LUPIN,,C012
LEECAC101,CASTOR NF CREAM 15GM,Pcs,2,0,0,0,0,28.35,56.7,102,27,0,LEEFORD,,
SURCAN101,CATHETER NO-16 1 *1,Pcs,2,0,0,0,0,60,120,333,60,0,SURGICAL,,
VPC36, CAVIT 1*15TAB,TAB.,3,0,0,0,0,104.1633,312.49,140,106.67,0,MAGNET LABBS,,C006
3306,CAVIT XT 1*10,TAB.,4,0,0,0,0,266.7467,1066.99,358.5,273.17,0,BIOLOG,,C013
CBM,CB-MAX INJ AMP,Pcs,5,0,0,0,0,44.716,223.58,72,47.07,0,MAPRA LABORATORIES,,AB03
MAPCBMC02,CB MAX OD CAP 1*10CAP,CAP,5,0,0,5,1,105.685,528.43,166.87,127.14,0,MAPRA,,C006
ZZZ10606,CCM 40TAB 1*40,TAB.,2,0,0,0,0,417.93,835.86,561.56,427.99,0,ABBOTT,,
ZZZ7445,CEASTRA 100MG CAP 1*4CAP,CAPS,4,0,0,0,0,115.97,463.88,152.59,116.26,0,EMCURE,,C010
ZZZ8270,CEFAKIND CV 500MG TAB 1*10TAB,TABS,3.8,0,0,0,0,408.61,1552.72,543.36,413.99,0,MANKIND,,C012
1077,CEFFOREN-500 L1*10TAB,TAB.,6,0,0,0,0,190,1140,549,190,0,JOHNSON,,
000611,CEFFOREN CV 1*10,TAB.,3,0,0,0,0,371.81,1115.43,1127.8,371.81,0,OTHER PRODUCTS,,SELF 3
TETS137,CEFLOX-DEE EYE DROP 1 1*10M,TAB.,1,0,0,0,0,25,25,69.3,25,0,NICHOLAS,,
ZZZ11335,CEFLOX D EYE DROP 1*1,TAB.,5,0,0,0,0,20,100,69,20,0,CIPLA,,
ZZZ11594,CEFPER 500,TAB.,2,0,0,0,0,190,380,549.45,190,0,ARISTO,,
INTCE2101,CEFTAS 200MG TAB 1*10TAB,TAB,1,0,0,0,0,70.35,70.35,99.29,75.65,0,INTAS,,C010
INTCE4501,CEFTAS 400MG TAB 1*5TAB,TAB,4,0,0,0,0,179.3865,717.55,236.04,179.84,0,INTAS,,C010
INTCE2104,CEFTAS CV 200MG TAB 1*10TAB,TAB,4,0,0,0,0,266.447,1065.79,358.13,272.86,0,INTAS,,C006
GLACE5401,CEFTUM 500MG TAB 1*4 TAB,TAB,7,0,0,9,1,356.066,2492.46,549.41,418.65,0,GSK,,C006
ALKCE1T01,CEHAM-500MG TAB 1*10TAB,TAB,3,0,0,0,0,632.993,1898.98,850.7,648.23,0,ALKEM LAB.,,C010
ALKCE1T02,CEHAM P TAB 1*10TAB,TAB,1,0,0,0,0,673.405,673.41,905,689.61,0,ALKEM LAB.,,C011
ALKCE1104,CEHAM SYRUP (S.F) 60ML,Pcs,2,0,0,0,0,592.2,1184.4,787.5,600,0,ALKEM (PENTACARE),,
ZZZ10274, CELIN 500MG TAB 1*25TAB 1*25,TAB.,6.7,0,0,0,0,32.195,215.71,41.21,32.97,0,PURE AND CURE HEALTHCARE PVT.LTD.,,
000024,CELIN -F,TAB.,3,0,0,0,0,266.1167,798.35,353.87,269.62,0,KOYE PHARMACEUTICALS,,
0000856,CENTRUM SACHET,TAB.,35,0,0,0,0,8.5,297.5,10,8.5,0,MACLEODS,,
ZZZ8380,CEREGROW POWDER 2-6 300GM,PHYL,3,0,0,0,0,272,816,299,272,0,NESTLE,,
NESCE3W02,CERELAC 10 W/RICE MIXED FRUIT 300 GM,Pcs,1,0,0,0,0,263.9,263.9,290,263.9,0,NESTLE,,
ZZZ10263,CERELAC 12 MULTIGRAIN FRUIT 300GM,TAB.,4,0,0,0,0,268.45,1073.8,295,268.45,0,NESTLE,,
ZZZ10757,CERELAC 18 5 GRAINS FRUIT 300 MG,TAB.,3,0,0,0,0,272.15,816.45,299,272.15,0,NESTLE,,
ZZZ11392,CERELAC 19 MAULTIGRAIN & FRUIT 300GM,TAB.,1,0,0,0,0,272,272,299,272,0,CIPLA,,
USV110,CERELAC 6,TAB.,3,0,0,0,0,254.8,764.4,280,254.8,0,USV PRIVATE LTD.,,
MANF35,CERELAC 8 WHEAT APPLE CHERRY,TAB.,4,0,0,0,0,272,1088,299,272,0,MANKIND(SPL),,
SUNCEI103,CERNOS-DEPOT INJ  1 *1,Pcs,1,0,0,0,0,623.44,623.44,820.31,625,0,SUN,,
3232,CEROMIL ADVANCE MILK STAGE 1,TAB.,2,0,0,0,0,537.422,1074.84,618,511.83,0,BIOLOG,,
INTCET101,CETADOM TAB 1*10TAB,TAB,5,0,0,0,0,52.517,262.59,69.84,53.21,0,INTAS,,C004
ALECEE101,CETANIL 10MG TAB 1*15TAB,TAB,5,0,0,0,0,160.497,802.49,213.4,162.61,0,ALEMBIC,,C004
HIFEN936,CETANIL 20 10X10 1*10,PCS,3,0,0,0,0,185.44,556.32,246.56,187.88,0,SUN,,C012
ZZZ8712,CETANIL 5MG TAB 1*15TAB,TABS,6,0,0,0,0,86.81,520.86,116.67,88.9,0,ALEMBIC,,C004
ZZZ1686,CETANIL M 50MG TAB 1*10TAB,TAB,3,0,0,0,0,114.783,344.35,151.03,115.07,0,ALEMBIC,,C004
ZZZ5882,CETANIL TRIO 12.5MG TAB 1*10TAB,TAB,3,0,0,0,0,167.593,502.78,222.84,169.8,0,ALEMBIC,,C004
ZZZ9213,CETANIL TRIO 6.25MG TAB 1*10TAB,TABS,3,0,0,0,0,149.76,449.28,199.13,151.73,0,ALEMBIC,,C004
00000179,CETANIL T TAB 1*15TAB,TAB,3,0,0,0,0,187.086,561.26,251.44,191.59,0,ALEMBIC,,C004
ZZZ7159,CETAPHIL CLEANSING LOTION 125ML,PHYL,1,0,0,0,0,286.992,286.99,429,290.77,0,GALDERMA,,
GALCEML01,CETAPHIL MOIST LOTION 100ML,PCS,4,0,0,0,0,410.3533,1641.41,620,420.23,0,GALDERMA,,
ZZZ3388,CETIRIZ SYRUP. 60ML,PCS,2,0,0,0,0,32,64,44.35,32,0,ALKEM LAB.,,
000004805,CETIZIN 1*10TAB,TAB.,212,0,0,0,0,0.4,84.8,18,4,0,ASTRA ZENECA,,
GLACE1101,CETZINE TAB 1*10TAB,TAB,13.7,0,0,10,1,19.438,266.3,32.04,22.88,0,GLAXO,,C004
DRRCHP701,CHEERIO GEL PASTE 75GM,PCS,5,0,0,0,0,133.74,668.7,179.76,136.96,0,DR REDDYS,,
INDCH1C01,CHERI CAP 1*15CAP,CAP,3,0,0,0,0,149.982,449.95,201.56,153.59,0,INDCHEMIE,,C003
ZZZ10770,CHERICOF JUNIOR SYRP 1X60ML,TAB.,1,0,0,0,0,68.3667,68.37,91.88,70.01,0,SUN PHARMACEUTICALS,,
STACHC101,CHERICOF SYRUP. 100ML,PCS,2,0,0,0,0,98.7,197.4,131.25,100,0,STANCARE,,
INDCHS201,CHERI SYRUP 200 ML,Pcs,12,0,0,0,0,156.259,1875.11,210,160.02,0,INDCHEMIE,,
INDCHX101,CHERI XT TAB 1*10TAB,TAB,1,0,0,0,0,204.392,204.39,274.69,209.31,0,INDICHEMIC,,C003
IFEN444,CHYMNETRA-3D 1*10TAB,TAB.,83,0,0,0,0,9,747,211,90,0,ALKEM METABOLICS,,
ELPCHF201,CHYMORAL FORTE TAB 1*20TAB,TAB,6.4,0,0,0,0,351.786,2251.43,467.8,356.42,0,ELDER PHARMA,,C010
ZZZ10052,CIDMUS 100MG TAB 1*14TAB,TABS,2,0,0,0,0,578.815,1157.63,777.89,592.75,0,NOVARTIS,,C013
ZZZ9608,CIDMUS 50MG TAB 1*14TAB,TABS,2,0,0,0,0,376.7596,753.52,506.34,385.83,0,LUPIN,,C013
ZZZ10607,CILACAR 10MG TAB 1*15,TAB.,9,0,0,0,0,181.449,1633.04,241.28,183.84,0,J.B.CHEMICALS PHARMICUTACELS,,C004
UNICI1T01,CILACAR 20MG TAB 1*10TAB,TAB,5,0,0,0,0,247.492,1237.46,332.65,253.45,0,J.B.CHEMICALS PHARMICUTACELS,,C004
UNICI5102,CILACAR 5MG TAB 1*10TAB,TAB,3,0,0,0,0,108.117,324.35,145.32,110.72,0,J.B.CHEMICALS PHARMICUTACELS,,C008
00000186,CILACAR M10/25 1*10T,TAB.,4,0,0,0,0,167.587,670.35,225.23,171.62,0,J.B.CHEMICALS PHARMICUTACELS,,C004
MICCI1101,CILACAR M 10/50MG TAB 1*10TAB,TAB,7,0,0,0,0,207.063,1449.44,275.33,209.79,0,J.B.CHEMICALS PHARMICUTACELS,,C004
000516,CILACAR-T 20/40 1X14 1*14,PCS,3,0,0,0,0,224.9767,674.93,302.38,230.39,0,CONCEPT BIOSCIENCES PVT LTD,,C004
CIL02T,CILACAR T 40 1X10T,Pcs,6,0,0,0,0,217.4867,1304.92,292.31,222.72,0,J.B. CHEMICALS LTD.,,C004
ZZZ5052,CILACAR T 80 TAB 1*10TAB,TABS,3,0,0,0,0,256.997,770.99,345.37,263.18,0,J.B.CHEMICALS PHARMICUTACELS,,C004
ALHCI1T01,CILAPAM 10MG TAB 1*10TAB,TAB,2,0,0,0,0,108.45,216.9,144.22,109.88,0,ALTIUS HEALTHCARE,,C001
ABPCI1T02,CILAPAM 5MG TAB 1*10TAB,TAB,4,0,0,0,0,61.138,244.55,80.44,61.29,0,ALTEUS BIOGENICS PVT.LTD.,,C012
ZZZ1009,CILDIP 10MG TAB 1*10TAB,TAB,14,0,0,0,0,98.193,1374.7,131.27,100.02,0,MEDLEY,,C009
ZZZ1681,CILDIP 20MG TAB 1*10TAB,TAB,3,0,0,0,0,130.423,391.27,173.44,132.14,0,MEDLEY,,C009
ZZZ1688,CILDIP 3D TAB 1*10TAB,TAB,4,0,0,0,0,150.663,602.65,202.5,154.29,0,MEDLEY,,C009
ZZZ1701,CILDIP 5MG TAB 1*10TAB,TAB,7,0,0,0,0,57.203,400.42,76.88,58.58,0,MEDLEY,,C009
MEDCIIT01,CILDIP T TAB 1*10TAB,TAB,4,0,0,0,0,119.852,479.41,159.38,121.43,0,MEDLEY,,C004
ALKCILI01,CILNIKEM-10MG TAB 1*10TAB,TAB,3,0,0,0,0,106.02,318.06,142.5,108.57,0,ALKEM LAB.,,C007
00000168,CILNIKEM 20MG TAB 1*10TAB,TAB,5,0,0,0,0,139.592,697.96,185.63,141.43,0,ALKEM LAB.,,C007
ALKCILI02,CILNIKEM-5MG TAB 1*10TAB,TAB,3,0,0,0,0,57.15,171.45,81,57.15,0,ALKEM LAB.,,C007
2397,CINKARA SYRUP,TAB.,3,0,0,0,0,115.72,347.16,154.65,118.5,0,MICRO,,
001977,CIPCAL-500 1*15TAB,TAB.,255,0,0,0,0,2.3333,594.99,107.92,35,0,INTAS,,
000782,CIPLADIN CALAMINE LOTION 100ML,TAB.,3,0,0,0,0,29,87,84.38,29,0,P G HEALTH LTD,,
ZZZ11296,CIPLADINE 10GM 10GM,TAB.,13,0,0,0,0,22.1033,287.34,38.64,21.05,0,CIPLA,,
CIPCIO101,CIPLADINE OINT. 20 GM,Pcs,11,0,0,0,0,32.098,353.08,61.07,30.57,0,CIPLA,,
CIPCIS102,CIPLADINE SOLUTION.  1 100ML,Pcs,5,0,0,0,0,37.5,187.5,45.92,37.5,0,CIPLA,,
0610,CIPLADIN POWDER 10GM,TAB.,2,0,0,0,0,25,50,90.03,25,0,CORONA,,
CIPCI1101,CIPLAR 10MG TAB 1*15,TAB,8,0,0,0,0,15.8625,126.9,21.09,16.07,0,CIPLA,,C007
CIPCI4101,CIPLAR 40MG TAB 1*15,TAB,14,0,0,0,0,38.8395,543.75,51.65,39.35,0,CIPLA,,C007
CIPCIL201,CIPLAR LA 20MG TAB 1*10TAB,TAB,6,0,0,0,0,48.392,290.35,64.35,49.03,0,CIPLA,,C007
ZZZ10369,CIPLAR LA 40 TAB 1*15,TAB.,6.1,0,0,0,0,93.693,571.53,123.28,93.93,0,CIPLA,,C007
CIPCIDE01,CIPLOX D EYE DROP 10ML,Pcs,3,0,0,0,0,20.588,61.76,29.2,20.86,0,CIPLA,,
0000850,CIPOFRESH MOUTH WASH 100ML,TAB.,3,0,0,0,0,35,105,101,35,0,MACLEODS,,
CADCI5101,CIPROBID 500MG TAB 1*10TAB,TAB,10.2,0,0,10,1,30.507,311.17,44.63,34,0,CADILA,,C007
000783,CIPROFRESH MOUTH GEL 12GM,TAB.,10,0,0,0,0,17,170,72.19,17,0,P G HEALTH LTD,,
000445,CIR ADELT DIPPER,TAB.,1,0,0,0,0,252,252,561,252,0,ARISTO,,
ZZZ8164,CIRROSAM 400MG TAB 1*10TAB,TABS,2,0,0,0,0,1322.037,2644.07,1757.81,1339.45,0,LA RENON HEALTHCARE,,C002
MACCIP101,CITIMAC P* 10 TAB,Pcs,3,0,0,0,0,612.263,1836.79,822.93,627,0,MACLEODS,,C003
00000422,CIZASPA-X 1*10T,TAB.,7,0,0,0,0,164.503,1151.52,218.75,166.67,0,LUPIN,,C009
ZZZ9439,CLARIBID 250MG TAB 1*10TAB,TABS,5,0,0,0,0,192.015,960.08,252.63,192.5,0,ABBOTT,,C009
ALKCL3101,CLAVAM 375MG TAB 1*10TAB,TAB,3.3,0,0,9,1,150.661,497.18,225,171.43,0,ALKEM LAB.,,C013
ALKCL6101,CLAVAM 625MG TAB 1*10TAB,TAB,1.9,0,0,0,0,137.615,261.47,195.47,148.94,0,ALKEM LAB.,,SHELF
ALKCLD101,CLAVAM DROP 10ML,PCS,1,0,0,5,1,78.1133,78.11,124.65,94.97,0,ALKEM LAB.,,
ALKCLDS01,CLAVAM DRY SYP 30ML,PCS,3,0,0,5,1,40.82,122.46,65.84,50.16,0,ALKEM LAB.,,
000273,CLAVAM ES DRY SYP 50ML,PCS,4,5,1,5,1,132.7617,531.05,211.85,161.41,0,ALKEM LAB.,,
ALKCLFD01,CLAVAM FORTE DRY SYRUP 30ML,Pcs,3,0,0,5,1,114.56,343.68,182.8,139.28,0,ALKEM LAB.,,
ZZZ6510,CLAVILIP 10MG TAB 1*15TAB,TABS,3,0,0,0,0,219.7095,659.13,295.31,225,0,INTAS,,C007
ZZZ5495,CLAVILIP 20MG CAP 1*10CAP,CAPS,3,0,0,0,0,307.25,921.75,412.97,314.64,0,SYNOKEM,,C007
INTCLA101,CLAVIX AS 150MG TAB 1*15TAB,TAB,12,0,0,0,0,71.8515,862.22,96.56,73.58,0,INTAS,,C0010
INTCL7102,CLAVIX AS 75MG TAB 1*15TAB,TAB,8,0,0,0,0,70.4535,563.63,94.68,72.15,0,INTAS,,C010
ZZZ10388,CLINDAC A 1% GEL 20GM,TAB.,4,0,0,0,0,187.506,750.02,252,192.02,0,PURE AND CURE HEALTHCARE PVT.LTD.,,
ARICLF101,CLINGEN FORTE VAGINAL 1*7VEG,VEG,1,0,0,0,0,147.8841,147.88,198.75,151.44,0,ARISTO,,C013
2650,CLINSOL GEL 15G,TAB.,2,0,0,0,0,25.4433,50.89,92.81,24.23,0,LEFORD,,
ZZZ11010,CLOBA 10 MG 1*15 TAB,TAB.,7,0,0,0,0,118.116,826.81,158.76,120.96,0,INTAS,,C010
INTCL2101,CLOBA 20MG TAB 1*10TAB,TAB,3,0,0,0,0,248.163,744.49,330,251.43,0,INTAS,,C010
ZZZ10790,CLOBA 5MG TAB 1*15,TAB.,4,0,0,0,0,65.76,263.04,91.82,69.96,0,NESTLE,,C010
ALKCL1102,CLOBAKEM 10MG TAB 1*10TAB,TABS,5,0,0,0,0,79.038,395.19,105.1,80.08,0,ALKEM LAB.,,C003
ALKCL5101,CLOBAKEM 5MG TAB 1*10TAB,TABS,2,0,0,0,0,45.943,91.89,61.1,46.55,0,ALKEM LAB.,,C003
ZZZ4289,CLOBA MT 10MG TAB 1*10TAB,TAB,3,0,0,0,0,118.56,355.68,157.66,120.12,0,INTAS,,CO10
TETS78,CLOBA SUSP 1 X120ML,TAB.,4,0,0,0,0,314.57,1258.28,422.81,322.14,0,NICHOLAS,,
ZZZ11238,CLOBETA GM 10GM(PLASTIC) 72*10,TAB.,50,0,0,0,0,16.3694,818.47,75.94,15.59,0,CIPLA,,
0611,CLOCIP KZ SOAP 75GM,TAB.,11,0,0,0,0,44,484,105,44,0,CORONA,,
CIPCLP701,CLOCIP POWDER 75GM,Pcs,4,0,0,0,0,58,232,87.19,58,0,CIPLA,,
SAPCL1T01,CLOCIT 10MG TAB 1*10TAB,TAB,2,0,0,0,0,195.84,391.68,288.5,195.84,0,SALAS PHARMA,,C003
SAPCL1T02,CLOCIT 5MG TAB 1*10TAB,TAB,3,0,0,0,0,128.24,384.72,170.53,129.93,0,SALAS PHARMA,,C003
MANCL1T01,CLONAFIT BETA TAB 1*10TAB,TAB,5,0,0,0,0,49.02,245.1,65.89,50.2,0,MANKIND,,C015
MANCLM101,CLONAFIT MD-0.25 TAB 1*10TAB,TAB,10,0,0,0,0,16.137,161.37,21.46,16.35,0,MANKIND,,C015
MANCLM102,CLONAFIT MD-0.50 TAB 1*10TAB,TAB,3,0,0,0,0,27.412,82.24,36.84,28.07,0,MANKIND,,C015
MANCL1T02,CLONAFIT PLUS TAB 1*10TAB,TAB,5,0,0,0,0,126.592,632.96,170.15,129.64,0,MANKIND,,C015
HHPCLL101,CLONATE LOTION 25ML,Pcs,1,0,0,0,0,137.485,137.49,182.82,139.29,0,H&H PHARAMA.,,
INTCL2102,CLONIL 25MG TAB 1*10TAB,TAB,4,0,0,0,0,74.973,299.89,99.69,75.96,0,INTAS,,C012
INTCL5101,CLONIL 50MG TAB 1*10TAB,TAB,4,0,0,0,0,210.093,840.37,279.38,212.86,0,INTAS,,C012
TORCL0101,CLONOTRIL 0.25MG TAB 1*15TAB,TAB,7,0,0,0,0,24.0405,168.28,32.32,24.62,0,TORRENT,,C009
LHLCLC201,CLOP G CREAM 30 GM,Pcs,10,0,0,0,0,33.371,333.71,44.37,33.81,0,LIVA HEALTHCARE LTD.,,
ZZZ2054,CLOP GM NEO CREAM 15GM,PCS,5,0,0,5,1,81.685,408.43,131.75,100.38,0,LIVA HEALTHCARE LTD.,,
USV123,CLOPIKIND 1*10TAB,TAB.,6,0,0,0,0,23.3583,140.15,31.39,23.92,0,USV PRIVATE LTD.,,C010
SUNCL7102,CLOPILET 75MG TAB 1*15TAB,TAB,6,0,0,0,0,79.283,475.7,106.55,81.19,0,SUN,,C012
SUNCL1102,CLOPILET A 150MG CAP 1*10CAP,CAP,6,0,0,0,0,78.12,468.72,105,80,0,SUN,,SELF RACK
SUNCLA701,CLOPILET A 75MG CAP 1*15CAP,CAP,9.14,0,0,0,0,72.4095,661.82,102.19,77.86,0,SUN,,C0016
LUPCL1C01,CLOPITAB 75MG TAB 1*15TAB,TAB,9,0,0,0,0,79.311,713.8,106.55,81.22,0,LUPIN,,C012
LUPCLA101,CLOPITAB A 150MG CAP 1*15CAP,CAP,14,0,0,0,0,104.226,1459.16,138.6,105.6,0,LUPIN,,C016
LUPCLA701,CLOPITAB A 75MG CAP 1*15CAP,CAP,3,0,0,0,0,102.297,306.89,137.5,104.76,0,LUPIN,,C008
ZZZ2244,CLOPITAB CV 10MG CAP 1*15CAP,CAP,5,0,0,0,0,227.31,1136.55,302.25,230.3,0,LUPIN,,C016
000437,CLOPITAB CV-20 1*15TAB,TAB.,3,0,0,0,0,431.45,1294.35,579.9,441.83,0,ARISTO,,C008
ZZZ8763,CLOPITAB CV GOLD 20 1*10CAP,TABS,3,0,0,0,0,85.05,255.15,113.1,86.17,0,LUPIN,,C012
3169,CLOPITOP 75MG,TAB.,4,0,0,0,0,79.31,317.24,106.55,81.22,0,BIOLOG,,
CIPCL7101,CLOPIVAS 75MG TAB 1*15TAB,TAB,8,0,0,0,0,79.311,634.49,106.55,81.22,0,CIPLA,,C012
ZZZ2932,CLOP-S NANO LOTION 20ML,PCS,1,0,0,0,0,166.72,166.72,224.06,170.73,0,LIVA HEALTHCARE LTD.,,
CLOTT,CLOT TAB 10 S,Pcs,1,0,0,0,0,106.88,106.88,154.69,107.15,0,GUJJARAT LABARATORIES,,C007
SHRCLX501,CLOT XL 500MG TAB 1*10TAB,TAB,0.7,0,0,0,0,133.115,93.18,194.6,133.45,0,SHRINIVAS(GUJARAT)LAB,,C013
A00032,CLOVE OIL 2ML,TAB.,3,0,0,0,0,30,90,50,30,0,AAREEN PHARMA,,
GLACOC101,COBADEX CZS TAB 1*15TAB,TAB,4,0,0,0,0,95.061,380.24,128,97.35,0,GLAXO,,C009
ZZZ7140,COBAFORTE OD CAP 1*10CAP,CAPS,6,0,0,0,0,151.537,909.22,199.4,151.92,0,EMCURE,,C005
1351,COFSIL DX 100 ML SYRUP,TAB.,17,0,0,0,0,34.1,579.7,120,34.1,0,CIPLA,,
1350,COFSIL LS 100ML YP,TAB.,9,0,0,0,0,34.1,306.9,98.44,34.1,0,CIPLA,,
000391,COFSILS 100ML,TAB.,5,0,0,0,0,20.5,102.5,99,20.5,0,UNICHEM,,
000513,COFSILS  ORANGE,TAB.,253,0,0,0,0,2.292,579.88,38,22.92,0,CONCEPT BIOSCIENCES PVT LTD,,
0612,COFSILS TOFFY,TAB.,203,0,0,0,0,0.6341,128.72,190,130,0,CORONA,,
STRCOS101,COLAX SYRUP 100ML,PCS,2,0,0,0,0,119.87,239.74,160,121.45,0,STRASSENBURG,,
HIFEN737,COLDKIND DROP 15ML* 1*15 ML,PCS,7,0,0,0,0,15.29,107.03,67.03,15.29,0,INDCHEMIE HEALTH PRIMUS,,
ZZZ2835,COLICAID DROPS 30ML,PCS,1,0,0,0,0,49.2533,49.25,65.5,49.9,0,MEYER ORGANICS,,
ZZZ2836,COLICAID EZ DROPS 15ML,PCS,4,0,0,0,0,88.915,355.66,117,89.14,0,MEYER ORGANICS,,
WALCO1M01,COLIMEX-DROP 10ML,Pcs,3,0,0,0,0,75.8017,227.41,100.8,76.8,0,WALLACE,,
WALCOS301,COLIMEX SUSP. 30ML,Pcs,6,0,0,0,0,51.885,311.31,69,52.57,0,WALLACE,,
01CO1T01,COLOBAG  1 TABL,Pcs,1,0,0,0,0,370,370,430,370,0,01,,
ABBCOR101,COLOSPA RETARD CAP 1*10CAP,CAP,3,0,0,0,0,430.983,1292.95,579.28,441.36,0,ABBOTT,,C015
ROUCOS601,COMBIFLAM SUSP. 60ML,Pcs,7,0,0,0,0,34.2767,239.94,46.07,35.1,0,ROUSSEL,,
ZZZ5573,COMBIFLAM TAB 1*20TAB,TABS,9.4,0,0,0,0,42.74,401.76,57.45,43.77,0,SANOFI AVENTIS.,,RACK BELOW INJ
ALLCOE501,COMBIGAN EYE DROP 5ML,Pcs,2,0,0,0,0,373.54,747.08,502.02,382.53,0,ALLERGAN,,
GERCOI102,COMBIMIST L INHALER 1PCS,PCS,4,0,0,0,0,336.815,1347.26,452.71,344.92,0,GERMAN REMEDIES,,
CADCOR101,COMBIMIST-L R/C 1*30CAP,CAP,3,0,0,0,0,109.72,329.16,147.46,112.36,0,CADILA,,
ARICODS01,COMBITHER DRY SYP 15ML,Pcs,4,0,0,0,0,112.8025,451.21,150,114.29,0,ARISTO,,
ARICOF601,COMBITHER FORTE TAB 1*6TAB,TAB,3,0,0,0,0,121.6332,364.9,163.48,124.56,0,ARISTO,,C003
LUPCO1101,COMBUTOL 1000MG TAB 1*10TAB,TAB,5,0,0,0,0,130.275,651.38,175.1,133.41,0,LUPIN,,C016
LUPCO8102,COMBUTOL 800MG TAB 1*10TAB,TAB,7,0,0,0,0,39.393,275.75,52.95,40.34,0,LUPIN,,C008
HEICOCJ01,COMPLAN CHOCLATE JAR 1KG,PCS,1,0,0,0,0,515,515,586,515,0,HEINZ,,8901542012730
HEICOKB02,COMPLAN NEW ROYAL CHOCOLATE RE 500GM,PCS,1,0,0,0,0,277.2,277.2,311.44,277.2,0,HEINZ,,8901542007736
1068,COMPLAN ROYAL CHOCOLATE REFIL5 500G,TAB.,1,0,0,0,0,275.4,275.4,306,275.4,0,JOHNSON,,
MMLCO1101,CONCOR 10MG TAB 1*10TAB,TABS,8,0,0,0,0,170.093,1360.74,223.81,170.52,0,MERCK,,C004
ZZZ10865,CONCOR 5MG TAB 1*10,TAB.,5,0,0,0,0,108.177,540.89,145.39,110.78,0,NESTLE,,C004
ZZZ1720,CONCOR AM 2.5MG TAB 1*10TAB,TAB,2,0,0,0,0,65.525,131.05,100.63,69.71,0,MERCK,,C004
ZZZ1721,CONCOR AM 5MG TAB 1*10TAB,TAB,5,0,0,0,0,94.86,474.3,132.44,100.91,0,MERCK,,C004
ZZZ1713,CONCOR COR 1.25MG TAB 1*10TAB,TAB,6,0,0,0,0,59.175,355.05,79.53,60.6,0,MERCK,,C004
ZZZ1718,CONCORCOR 2.5MG TAB 1*10TAB,TAB,4,0,0,0,0,72.477,289.91,97.4,74.22,0,MERCK,,C004
ZZZ11105,CONCOR T 2.5 TAB 1*10,TAB.,7,0,0,0,0,113.42,793.94,152.43,116.15,0,MERCK,,C004
ZZZ11106,CONCOR T 5MG TAB 1*10,TAB.,4,0,0,0,0,118.32,473.28,169.62,121.17,0,MERCK,,C004
RACCOI001,CONTIFLO ICON 0.4MG TAB 1*10TAB,TAB,3,0,0,0,0,118.283,354.85,155.63,118.58,0,RANBAXY (MRKT.BY CIPLA),,C004
UNICO1102,CORBIS 10MG 10'S,Pcs,5,0,0,0,0,97.642,488.21,129.84,98.93,0,UNISEARCH,,C016
ZZZ8963,CORBIS 2.5MG TAB 1*15TAB,TAB,10.11,0,0,0,0,78.228,790.89,105.15,80.11,0,UNICHEM,,C016
ZZZ6970,CORBIS 5MG TAB 1*15TAB,TABS,9,0,0,0,0,87.573,788.16,115.22,87.79,0,UNICHEM,,C0016
UNICO2101,CORBIS AM 2.5MG TAB 1*10TAB,TAB,2,0,0,0,0,88.0605,176.12,117.1,89.22,0,UNICHEM,,C016
UNICOH501,CORBIS H 5 10 TABL,Pcs,5,0,0,0,0,145.87,729.35,193.97,147.79,0,UNICHEM,,C016
1235,CORBIS T 2.5 TAB,TAB.,9,0,0,0,0,101.8667,916.8,135.46,103.21,0,CIPLA,,C007
PFICOD101,COREX DX SYRUP 100ML,Pcs,6,0,0,0,0,113.26,679.56,159.83,121.78,0,PFIZER LIMITED,,
PFICOD501,COREX DX SYRUP 50ML,Pcs,5,0,0,0,0,78.48,392.4,105.48,80.37,0,PFIZER LIMITED,,
01COD101,CORIMINIC DROP 15ML,Pcs,6,0,0,5,1,56.7183,340.31,90.51,68.96,0,WANBURY LTD,,
ZZZ3338,CORIMINIC SYRUP 60ML,PCS,1,0,0,0,0,80,80,110.39,80,0,WANBURY LTD,,
SATCOC101,CORN CAPS 1PCS,Pcs,9,0,0,0,0,22.05,198.45,28.13,21,0,SURGICAL,,
USV081,CORTEL LN-40 1*10TAB,TAB.,5,0,0,0,0,134.9433,674.72,179.44,136.72,0,SUN,,C014
AIHCO1G02,COSVATE GM CREAM 20GM,Pcs,4,0,0,9,1,27.165,108.66,40.14,30.58,0,COSME,,
000785,COTN COT 1*8 25g 1*8,PKT,1,0,0,0,0,118.87,118.87,264,113.21,0,COTEX,,
MICRO481,COTTEN 1*1,TAB.,14,0,0,0,0,7,98,20,7,0,SMART,,
000633,CRACK HEAL CREAM 25GM,TAB.,12,0,0,0,0,40,480,82,40,0,OTHER PRODUCTS,,
USV159,C RED 1*10TAB,TAB.,2,0,0,0,0,153.508,307.02,204,155.53,0,USV PRIVATE LTD.,,
ZZZ10520,CREMAFFIN MIXED FRUIT. 1 X225M 225ML,TAB.,4,0,0,0,0,239.584,958.34,318.59,242.74,0,ABBOTT,,
ZZZ10389,CREMAFFIN PLUS SYRUP. 225ML,TAB.,8,0,0,0,0,251.322,2010.58,337.8,257.37,0,PURE AND CURE HEALTHCARE PVT.LTD.,,
ZZZ10482,CREMAFIN MIXED FRUIT 225ML,TAB.,5,0,0,0,0,237.036,1185.18,318.59,242.74,0,PURE AND CURE HEALTHCARE PVT.LTD.,,
ABBCRR301,CREMAGEL GEL 2% 30GM,Pcs,7,0,0,0,0,197.0043,1379.03,261.97,199.6,0,ABBOTT,,
000382,CREMALEX TAB 1X6TAB 1*6,PCS,5,0,0,0,0,56.6367,283.18,76.12,58,0,LUPIN,,C013
SURCRB401,CREPE BANDAGE 4INCH 1PIC,Pcs,5,0,0,0,0,20.8533,104.27,128,19.86,0,SURGICAL,,
SURCRB601,CREPE BANDAGE 6INCH 1PIC,Pcs,10,0,0,0,0,28.35,283.5,192,27,0,SURGICAL,,
CIPCRA101,CRESAR AM TAB 1*10TAB,TAB,5,0,0,0,0,104.048,520.24,138.35,105.42,0,CIPLA,,C010
ASZCR2101,CRESTOR 20MG TAB 1*10TAB,TAB,6,0,0,0,0,599.248,3595.49,796.87,607.14,0,ASTRA ZENECA,,C013
ZZZ668,CRINA NCR 10MG TAB 1*10TAB,TAB,2.4,0,0,0,0,150.38,360.91,202.13,154,0,ALEMBIC,,C007
ZZZ5043,CRINA NCR 15MG TAB 1*5TAB,TABS,7,0,0,0,0,91.587,641.11,123.09,93.79,0,ALEMBIC,,C007
GLACRR101,CROCIN 650MG TAB 1*15TAB,TAB,8.6,0,0,0,0,62.49,537.41,87.48,65.09,0,GLAXO,,C010
GLACRA101,CROCIN ADVANCE TAB 1*20,TAB,5.7,0,0,0,0,16.072,91.61,18.9,15.46,0,GLAXO,,C010
ZZZ6059,CTD 12.5MG TAB 1*15TAB,TAB,5,0,0,0,0,118.674,593.37,159.5,121.53,0,IPCA,,C004
ZZZ5706,CTD 6.25MG TAB 1*15TAB,TAB,15,0,0,0,0,86.742,1301.13,116.58,88.83,0,IPCA,,C004
IPCCT6102,CTD L 6.25/25MG TAB 1*10TAB,TAB,2,0,0,0,0,82.01,164.02,107.91,82.21,0,IPCA,,C004
IPCCT6103,CTD L 6.25/50MG TAB 1*10TAB,TAB,2,0,0,0,0,101.805,203.61,133.97,102.06,0,IPCA,,C004
ZZZ5949,CTD T 6.25/40MG TAB 1*15TAB,TAB,16,0,0,0,0,176.307,2820.91,236.95,180.55,0,IPCA,,C011
LRHCUFC01,CUDO FORTE CAP 1*10CAP,STRP,2,0,0,0,0,1442.08,2884.16,1938.04,1476.78,0,LA RENON HEALTHECARE,,
GEPCYD101,CYPON DROP 15ML,PCS,6,0,0,11,1,51.5433,309.26,74.76,56.97,0,GENO PHARMA,,
GEPCYS201,CYPON SYRUP. 200ML,PCS,5,0,0,11,1,105.83,529.15,153.52,116.97,0,GENO PHARMA,,
SYSCY1T01,CYRA D CAP 1*10CAP,CAP,12,0,0,0,0,37.947,455.36,51,38.86,0,SYSTOPIC,,C014
SYSCYI101,CYRA IT CAP 1*10CAP,CAP,5,0,0,0,0,557.95,2789.75,749.95,571.39,0,SYSTOPIC,,C014
SYSCYL101,CYRA LS TAB 1*10TAB,TAB,8,0,0,0,0,87.182,697.46,117.18,89.28,0,SYSTOPIC,,C001
ZZZ9700,CYSTONE FORTE TAB 1*30TAB,TABS,0.2,0,0,0,0,119.562,23.91,159,121.14,0,HIMALAYA,,
HIFEN997,CYSTONE-SF SYP 100ML,TAB.,2,0,0,0,0,142.505,285.01,196.88,144.38,0,SUN,,
HIMCYY101,CYSTONE SYRUP 200ML,Pcs,3,0,0,0,0,201.6433,604.93,271,206.5,0,HIMALAYA,,
HIMCYT101,CYSTONE TAB 60TAB,PCS,4,0,0,0,0,180.85,723.4,243,185.2,0,HIMALAYA,,
NICCYO101,CYTOGARD OD 60MG CAP 1*15CAP,CAP,3,0,0,0,0,434.7255,1304.18,584.25,445.19,0,ABBOTT,,C011
ZZZ6131,D3 MUST 60K TAB 1*12 TAB,TABP,3,0,0,5,1,105.7428,317.23,166.97,127.21,0,MANKIND,,D008
MAND3MD01,D3 MUST DROP 15ML,PCS,4,0,0,0,0,31.11,124.44,41.81,31.86,0,MANKIND,,
ZZZ8465,D3 MUST FORTE DROPS 15ML,PHYL,6,0,0,0,0,76.02,456.12,102.18,77.85,0,MANKIND,,
HIFEN754,D-5% FFS,PCS,23,0,0,0,0,19.5424,449.48,39.9,18.8,0,INDCHEMIE HEALTH PRIMUS,,
DABDAHJ01,DABUR HAJMOLA REGULAR 120TAB,PCS,2,0,0,0,0,135,270,158.87,135,0,DABUR,,
VOG3,DABUR HONEY 1 KG,TAB.,1,0,0,0,0,430,430,495,430,0,MEDLEY,,
DABDAH201,DABUR HONEY 300GM,PCS,2,0,0,0,0,102.5,205,125,102.5,0,DABUR,,8901207035364
DABDAH501,DABUR HONEY 500GM,PCS,3,0,0,0,0,210,630,250,210,0,DABUR,,
DABDAH502,DABUR HONEY 50GM,PCS,3,0,0,0,0,36.9,110.7,45,36.9,0,DABUR,,
ZZZ2025,DABUR LAL TAIL 50ML,PCS,5,0,0,0,0,50.4,252,70,50.4,0,DABUR,,
USV114,DABUR LAVANBHASKAR CHURNA,TAB.,2,0,0,0,0,59.5,119,85,59.5,0,USV PRIVATE LTD.,,
ZZZ11339,DADURIN LOTION 10 ML,TAB.,2,0,0,0,0,23.052,46.1,32.81,23.11,0,CIPLA,,
PFIDAC302,DALACIN C 300MG CAP 1*10CAP,CAP,4.6,0,0,0,0,238.023,1094.91,297.6,243.75,0,PFIZER LIMITED,,D001
PFIDAC301,DALACIN C 300MG INJ 2ML,PCS,2,0,0,0,0,105.265,210.53,127.2,104.43,0,PFIZER LIMITED,,
MICRO792,DAMITA 10,TAB.,3,0,0,0,0,125.7133,377.14,168.98,128.74,0,MACLEODS,,D009
CIPDA1101,DANOGEN 100MG CAP 1*10CAP,CAP,3,0,0,0,0,310.133,930.4,416.81,317.6,0,CIPLA,,D004
ZZZ6454,DAONIL 5MG TAB 1*30TAB,TAB,2,0,0,0,0,42.036,84.07,55.29,42.14,0,SANOFI AVENTIS.,,D003
ZZZ8103,DAPAMAC 10 1*10,TAB.,6,0,0,0,0,128.43,770.58,168.98,128.75,0,MSN LAB LIMTED,,D010
MICRO599,DAPAMAC L TAB 1*10,TAB.,2,0,0,0,0,125.395,250.79,165,125.71,0,MACLEODS,,D004
TETS154,DAPAMAC M 10/1000 TAB. 1X10,TAB.,5,0,0,0,0,138.6333,693.17,186.33,141.97,0,NICHOLAS,,D004
ZZZ10277,DAPAMAC M 10/500,TAB.,6,0,0,0,0,131.428,788.57,176.64,134.59,0,MACLEODS,,D014
000432,DAPAMAC TRIO 500 1*10TAB,TAB.,7,0,0,0,0,136.5357,955.75,183.51,139.82,0,ARISTO,,D015
MANF1,DAPANORM 10,TAB.,7,0,0,0,0,220.7483,1545.24,296.7,226.06,0,MANKIND(SPL),,D007
ZZZ10391,DAPANORM 5MG 10TAB 1*10,TAB.,4,0,0,0,0,118.99,475.96,156.56,119.29,0,ALKEM LAB.,,D013
1385,DAPANORM DUO 10 1*10,TAB.,1,0,0,0,0,155.5367,155.54,223,159.28,0,CIPLA,,D008
000000287,DAPANORM GM1 1*10TAB,TAB.,4,0,0,0,0,105.46,421.84,141.75,108,0,PFIZER,,D008
IFEN425,DAPANORM GM 1 FORTE TAB 1X10,PCS,3,0,0,0,0,122.768,368.3,165,125.72,0,ALKEM METABOLICS,,D007
HIFEN379,DAPANORM GM2 1*10TAB,TAB.,4,0,0,0,0,113.908,455.63,153.1,116.65,0,ARISTO OTSIRA GENETICA,,D006
DAPMT275,DAPANORM GM2 FORTE 1*10,PCS,3,0,0,0,0,136.0033,408.01,182.8,139.28,0,ALKEM,,D001
000325,DAPANORM GM2 FORTE 1*10TAB,TAB.,3,0,0,0,0,104.68,314.04,139.2,106.06,0,INTAS,,D001
000553,DAPANORM-HF-50 1*10TAB,TAB.,3,0,0,0,0,112.8067,338.42,150,114.29,0,SUN,,D007
3312,DAPANORM LM 1*10TAB,TAB.,11,0,0,0,0,138.1067,1519.17,185.62,141.43,0,BIOLOG,,D007
000001682,DAPANORM M 10 FORTE TAB 1*10,PCS,3,0,0,0,0,116.33,348.99,154.69,117.86,0,ALKEM,,
MNTAB38,DAPANORM M 10MG 10X10,PCS,6,0,0,0,0,115.0617,690.37,154.65,117.83,0,ALKEM,,D007
ZZZ10686,DAPANORM TRIO FORTE TAB 1*10,TAB.,1,0,0,0,0,165.1833,165.18,232,176.76,0,ALKEM,,D009
A000662,DAPANORM TRIO TAB 10TAB,PCS,2,0,0,0,0,167.4333,334.87,222.65,169.64,0,ALKEM(METABOLICS),,D008
A00137,DAPANOVA 5MG 1*10,PCS,5,0,0,0,0,145.088,725.44,195.01,148.58,0,MEDLEY PHARMACEUTICALS LTD.(GLYCEKARE),,D006
ZZZ1993,DAPANOVA S10/100 1*10TAB,TAB,1,0,0,0,0,169.493,169.49,227.81,173.57,0,MEDLEY,,D006
2642,DAPARYL 10MG TAB 1 X10,TAB.,5,0,0,0,0,109.98,549.9,146.25,111.43,0,SUNCARE FORMALATION,,D013
ZZZ10609,DAPARYL M 10/500 1*10,TAB.,5,0,0,0,0,104.985,524.93,141.09,107.51,0,INTAS,,D011
000002875,DAPARYL M 10/500MG 1 X10,Pcs,11,0,0,0,0,104.985,1154.84,141.09,107.51,0,INTAS PHARMACEUTICALS LTD.,,D011
1000,DAPATURN SM FORTE 10 1*10TAB,TAB.,3,0,0,0,0,177.07,531.21,238,181.33,0,ALKEM,,D011
ZZZ10433,DAPAVEL GM 10/2/500,TAB.,1,0,0,0,0,107.413,107.41,144.38,110,0,INTAS,,D007
ZZZ10601,DAPLO 10MG 1*10,TAB.,3,0,0,0,0,168.23,504.69,226.09,172.28,0,DR REDDYS,,D007
ALEDA7101,DARIF 7.5MG TAB 1*10TAB,TAB,4,0,0,0,0,307.33,1229.32,404.34,308.1,0,ALEMBIC,,D002
ARIDAC101,DAROLAC CAP 1*10CAP,CAP,5.1,0,0,0,0,101.14,515.81,135.93,103.57,0,ARISTO,,D003
ZZZ8126,DAROLAC SYP 30ML,PHYL,2,0,0,0,0,142.02,284.04,186.9,142.38,0,ARISTO,,
SUNDA1102,DAZTOR 10MG TAB 1*10TAB,TAB,6,0,0,0,0,130.424,782.54,173.44,132.14,0,SUN,,D0011
INFDE2101,DECADURABOLIN 25MG INJ 1ML,Pcs,3,0,0,0,0,244.16,732.48,350,250.03,0,CADILA,,
INFDE5101,DECADURABOLIN 50MG INJ 1ML,Pcs,3,0,0,0,0,378.085,1134.26,508.12,387.19,0,CADILA,,
KONDED101,DECOLIC DROP 15ML,Pcs,1,0,0,0,0,55.6967,55.7,74.06,56.43,0,KONTEST,,
KONDES301,DECOLIC SUSP 50 ML,Pcs,1,0,0,0,0,62.0433,62.04,82.5,62.86,0,KONTEST,,
SHRDEFT01,DEECEE FORTE TAB 1*10TAB,TAB,8.6,0,0,10,1,30.124,259.07,44.53,33.93,0,SHRINIVAS(GUJARAT)LAB,,D006
ZZZ3845,DEFCORT TM TAB 1*10TAB,TAB,2,0,0,0,0,497.025,994.05,660.94,503.57,0,MACLEODS,,D010
001976,DEFVIN 6MG 1*10TAB,TAB.,5,0,0,0,0,45,225,168,45,0,INTAS,,
INTDE3401,DEJAC 30MG TAB 1*4TAB,TAB,3,0,0,0,0,132.5432,397.63,178.12,135.73,0,INTAS,,D014
NICDES102,DELETUS D SYP 100 ML,Pcs,3,0,0,0,0,119.8867,359.66,157.75,120.19,0,ABBOTT,,
HIFEN723,DEMELAN FACEWASH 100ML,TAB.,2,0,0,0,0,367.3617,734.72,549,372.2,0,INDCHEMIE HEALTH PRIMUS,,
ZZZ10356,DEPLATT 150MG TAB 1*10,TAB.,5,0,0,0,0,150.818,754.09,202.71,154.45,0,PURE AND CURE HEALTHCARE PVT.LTD.,,D002
ZZZ7173,DEPLATT 75MG TAB 1*15TAB,TABS,7,0,0,0,0,76.5975,536.18,102.95,78.44,0,TORRENT,,D003
TORDEA101,DEPLATT A 150MG TAB 1*15TAB,TAB,6,0,0,0,0,84.527,507.16,112.4,85.64,0,TORRENT,,D003
TORDEA701,DEPLATT A 75MG TAB .1*15TAB,TAB,6,0,0,0,0,82.027,492.16,110.25,84,0,TORRENT,,D003
TORDE2102,DEPLATT CV 20MG CAP 1*10CAP,CAP,3,0,0,0,0,164.3,492.9,220.83,168.25,0,TORRENT,,D011
1002,DEPLATT CV40,TAB.,4,0,0,0,0,146.9933,587.97,197.57,150.53,0,ALKEM,,D007
TORDE1T01,DEPLATT CV CAP 1*10CAP,CAP,3,0,0,0,0,110.41,331.23,146.81,111.86,0,TORRENT,,D-011
INTDE1101,DEPRAN 10MG TAB 1*10TAB,TAB,4,0,0,0,0,228.08,912.32,306.56,233.57,0,INTAS,,D012
ZZZ6056,DEPRANEX 10MG TAB 1*10TAB,TAB,5,0,0,0,0,72.328,361.64,96.18,73.28,0,INTAS,,D009
ZZZ6449,DEPRANEX 20MG TAB 1*10TAB,TABS,5,0,0,0,0,115.36,576.8,153.4,116.88,0,INTAS,,D009
ZZZ10525,DEPSONIL 25 1*10,TAB.,10,0,0,0,0,13.606,136.06,17.9,13.64,0,ABBOTT,,D012
ZZZ3911,DEREK D CAP 1*10CAP,CAPS,2,0,0,0,0,83.975,167.95,111.67,85.08,0,ALBERT DAVID,,D009
GERDEA201,DERIPHYLLIN INJ 2ML,Pcs,12,0,0,0,0,7.7607,93.13,10.21,7.78,0,GERMAN REMEDIES,,
GERDEM101,DERIPHYLLIN M TAB 1*10TAB,TAB,4,0,0,0,0,108.667,434.67,144.5,110.1,0,GERMAN REMEDIES,,D005
ZZZ4926,DERIPHYLLIN RET 300MG TAB 1*30TAB,TABS,5.27,0,0,0,0,48.462,255.39,64.43,49.1,0,ZYDUS HEALTHCARE,,D005
GLEDEBG01,DERIVA BPO GEL 15GM,PCS,2,0,0,0,0,385.325,770.65,512.34,390.4,0,GLENMARK,,
GLEDEG101,DERIVA CMS GEL 15GM,Pcs,4,0,0,0,0,324.3733,1297.49,435.94,332.18,0,GLENMARK,,
ZZZ3586,DERMI COOL POWDER 150GM,PCS,3,0,0,0,0,124,372,155,124,0,RECKITT,,
ZZZ9716,DERMIFORD CREAM 15G,TUBP,3,0,0,0,0,30,90,110,30,0,LEEFORD,,
ZZZ7411,DERMIKEM OC CREAM 15GM,PHYL,19,0,0,0,0,25,475,110,25,0,ALKEM (BERGEN),,
USVDEO301,DEROBIN OINT 30GM,Pcs,2,0,0,0,0,97.3,194.6,130.78,99.64,0,USV,,
TETS45,DETTOL 125 ML 125 ML,TAB.,4,0,0,0,0,73,292,83,73,0,NICHOLAS,,
ZZZ11315,DETTOL 60ML,TAB.,6,0,0,0,0,35,210,41.49,35,0,CIPLA,,
SUN046,DETTOL HANSAPLAST,TAB.,1,0,0,0,0,225,225,250,225,0,ALKEM,,
WL6DE2501,DEXOLAC 1 REFIL 400GM,PCS,5,0,0,0,0,416.5033,2082.52,490,396.67,0,WOCKHARDT LTD,,8906048500026
ZZZ8673,DEXOLAC 2 REFFIL 400GM,PHYL,8,0,0,0,0,416.5033,3332.03,490,396.67,0,NUTRICIA,,
6217,DEXOLAC 3 400 GM 400GM,PCS,7,0,0,0,0,416.5033,2915.52,490,396.67,0,NUTRICIA,,
SUN045,DEXOLAC 4,TAB.,6,0,0,0,0,395,2370,465,395,0,ALKEM,,
IFEN426,DEXOLAC NUSOBEE 400GM,TAB.,4,0,0,0,0,535.5,2142,630,510,0,ALKEM METABOLICS,,
WL6DESC01,DEXOLAC SPECIAL CARE TIN 500GM,PCS,3,0,0,0,0,471.7,1415.1,530,471.7,0,WOCKHARDT LTD,,
CADDET101,DEXONA TAB 1*30TAB,TAB,53.16,0,0,0,0,5.157,274.15,6.93,5.28,0,CADILA,,D012
CADDEI103,DEXONA VAIL 2ML,Pcs,8,0,0,0,0,8.1738,65.39,10.87,8.28,0,CADILA,,
FRADEC301,DEXORANGE CAP 30CAP,Pcs,2,0,0,0,0,131.9517,263.9,175.45,133.69,0,FRANCO-INDIAN,,
FRADES201,DEXORANGE SYRUP 200ML,PCS,6,0,0,11,1,134.9117,809.47,197.8,150.72,0,FRANCO-INDIAN,,
ARIDE1T01,DEZACOR 6MG TAB 1*10TAB,TAB,33,0,0,0,0,93.002,3069.07,125,95.24,0,ARISTO,,D010
ZZZ9270,D.F.O. 4X GEL 50GM,PHYL,1,0,0,0,0,136.4867,136.49,215.49,164.19,0,OZONE,,
SE5DIX601,DIAMICRON XR 60MG TAB 1*14TAB,TAB,2,0,0,0,0,238.4298,476.86,317.06,241.57,0,SERDIA 5,,D005
MICDIMO01,DIANORM M OD TAB 1*10TAB,TAB,6,0,0,0,0,169.873,1019.24,225.9,172.11,0,MICRO LAB,,D008
MICDI1103,DIAPRIDE 1MG TAB 1*30TAB,TAB,2,0,0,0,0,87.648,175.3,116.55,88.8,0,MICRO,,D002
MICDI2103,DIAPRIDE 2MG TAB 1*10TAB,TAB,6,0,0,0,0,137.392,824.35,182.7,139.2,0,MICRO,,D009
MICDIM101,DIAPRIDE M 1 FORTE TAB 1*10TAB,TAB,4,0,0,0,0,94.174,376.7,126.56,96.44,0,MICRO LAB,,D015
USVDI1T01,DIATAAL D CAP 1*10CAP,CAP,8,0,0,0,0,100.387,803.1,133.47,101.71,0,USV,,D015
FRADIP101,DIAVIT PLUS CAP 1*10CAP,CAP,5,0,0,0,0,111.22,556.1,157.97,120.37,0,FRANCO-INDIAN,,D013
00001117,DICALIS TAB 1X10,MPC,3,0,0,0,0,110.17,330.51,146.5,111.62,0,SUN,,D010
WINDIT101,DICLOMOL TAB 1*10TAB,TAB,3,0,0,0,0,80.163,240.49,105.47,80.36,0,WIN-MEDICARE,,D003
SUNDI1T01,DICORATE ER 1GM TAB 1*10TAB,TAB,3,0,0,0,0,209.813,629.44,282,214.86,0,SUN,,D014
SUNDI5101,DICORATE ER 500MG TAB 1*10TAB,TAB,3,0,0,0,0,167.402,502.21,225,171.43,0,SUN,,D010
SUNDIE701,DICORATE ER 750MG TAB 1*10TAB,TAB,3,0,0,0,0,197.153,591.46,265,201.9,0,SUN,,D014
KNODIGO01,DIGENE GEL ORANGE 200ML,PCS,3,0,0,0,0,134.484,403.45,180.74,137.72,0,KNOLL,,
ZZZ4145,DIGENE ORANGE TAB 1*15TAB,TAB,9.5,0,0,10,1,20.355,193.37,30.1,22.93,0,ABBOTT,,D002
00000857,DIGENE TAB 1*15T,PCS,0.1,0,0,10,1,18.51,1.85,27.37,20.85,0,ABBOTT,,
SHRDI2201,DIGEPLEX SYRUP 200ML,PCS,2,0,0,0,0,120.6667,241.33,162.19,123.57,0,PIRAMAL,,
SHRDII101,DIGEPLEX T TAB 1*10TAB,TAB,6,0,0,0,0,126.188,757.13,167.81,127.85,0,SHREYA,,D014
000389,DIGERAFT PLUS 200ML,TAB.,5,0,0,0,0,241.37,1206.85,324.42,247.18,0,UNICHEM,,
MANF8,DIGERAFT SUSP 1*200ML,TAB.,5,0,0,0,0,224.652,1123.26,301.96,230.06,0,MANKIND(SPL),,
ZZZ3912,DIGIHALER FB 200 INHALER 1PHYL,PHYL,2,0,0,0,0,282.2,564.4,379.26,288.99,0,GLENMARK,,
ZZZ9629,DIGIPEN CHEW TAB 1*10TAB,TABS,10,0,0,9,1,66.827,668.27,99.8,76.04,0,ALKEM LAB.,,D013
ZZZ9612,DIGIPEN DROPS 15ML,PHYL,7,0,0,9,1,89.73,628.11,134,102.1,0,ALKEM (BERGEN),,
ALKDIS201,DIGIPEN JUNIOR SYP 60ML,PHYL,5,0,0,0,0,117.18,585.9,157.5,120,0,ALKEM LAB.,,
ZZZ10049,DIGIPEN SYRUP,TAB.,2,0,0,0,0,108.81,217.62,146.25,111.43,0,TRINITY,,
ORV021,DILNIP-M 25MG TAB 1X10,PCS,3,0,0,0,0,90.2867,270.86,121.35,92.46,0,ORIVA LIFESCIENCES PVT LTD,,D001
ZZZ10441,DILNIP M 50 1*10 1*10,TAB.,5,0,0,0,0,106.74,533.7,141.95,108.15,0,PURE AND CURE HEALTHCARE PVT.LTD.,,D001
ZZZ10270,DILNIP T 40 TAB 1*15,TAB.,6,0,0,0,0,224.748,1348.49,295.69,225.31,0,LUPIN,,D001
MAPDIAI01,DILONA AQUA INJ 1ML,Pcs,10,0,0,9,1,23.701,237.01,34.65,26.4,0,MAPRA,,
ZZZ11198,DILONA INJ 1AMP,TAB.,45,0,0,0,0,4.3092,193.91,5.4,4.32,0,CIPLA,,
MAPDI3104,DILONA INJ 3ML,Pcs,7,0,0,0,0,4.31,30.17,5.4,4.32,0,MAPRA,,
MAPDI1T04,DILONA SP TAB 1*10TAB,TAB,12.6,0,0,9,1,102.61,1292.89,153.23,116.76,0,MAPRA,,D008
TORDIC102,DILZEM CD 120MG TAB 1*10TAB,TAB,5,0,0,0,0,231.5,1157.5,311.15,237.07,0,TORRENT,,D012
TORDIC901,DILZEM CD 90MG TAB 1*10TAB,TAB,6,0,0,0,0,110.374,662.24,148.35,113.03,0,TORRENT,,D009
MAPDID101,DIN DS TAB 1*10 TAB,TAB,5,0,0,9,1,63.192,315.96,93.37,71.14,0,MAPRA,,D009
AHCDIT101,DISPERZYME TAB 1*10TAB,TAB,1,0,0,0,0,494.065,494.07,650,495.3,0,AKSIGEN HOSPITAL CARE,,D010
SURDIV101,DISPO VAN 10ML,PCS,7,0,0,0,0,4,28,18,4,0,HINDUSTAN SYRINGES,,
ZZZ3601,DISPO VAN 3ML,PCS,46,0,0,0,0,2,92,9.5,2,0,HINDUSTAN SYRINGES,,
DAPMT264,DISPOVAN 5 ML,TAB.,10,0,0,0,0,4,40,10,4,0,INTAS PHARMACEUTICALS LTD.SUPRIVA,,
00001333,DISPOVAN NEDDILE 24 NO 1*1,PCS,82,0,0,0,0,1,82,2.66,1,0,ANDOSA PVT LTD,,
ZZZ10319,DISPRIN TAB 1*10,TAB.,26,0,0,0,0,6.06,157.56,7.03,5.83,0,PURE AND CURE HEALTHCARE PVT.LTD.,,
EPT TA5,DIVAA OD 1000MG TAB 1X10,TAB.,3,0,0,0,0,200.5567,601.67,269.53,205.38,0,CADILA,,SELF
INTDIO501,DIVAA OD 500MG TAB 1*10TAB,TAB,2,0,0,0,0,229.626,459.25,308.6,235.15,0,INTAS,,SELF NEAR FRIDGE
INTDIO701,DIVAA OD 750MG TAB 1*10TAB,TAB,7,0,0,0,0,198.297,1388.08,266.5,203.07,0,INTAS,,SELF BACK
HIFEN753,DNS-9% FFS,PCS,24,0,0,0,0,19.5424,469.02,40.1,18.8,0,INDCHEMIE HEALTH PRIMUS,,
4512,DOLO 120 SYP 1*1,TAB.,13,0,0,10,1,25.24,328.12,39,29.71,0,MICRO,,
ZZZ10987,DOLO 250MG SUSP 1 PCS,PCS,8,0,0,5,1,25.4,203.2,42.8,32.61,0,ICPA,,
MICDO6101,DOLO 650MG TAB 1*15TAB,TAB,31.2,0,0,0,0,20.2245,631,32.28,20.49,0,MICRO LAB,,D004
HIFEN943,DOLOFASE-MX 1*10TAB,TAB.,3,0,0,0,0,36.7514,110.25,70,35,0,SUN,,D001
1228,DOLONEX IM 2ML 1X1AMP 1*1,PCS,7,0,0,0,0,54.001,378.01,72.58,55.3,0,CIPLA,,
000476,DOLOSTAT SP 1*10 CAP,TAB.,1,0,0,0,0,42.0425,42.04,55.31,42.15,0,UNICHEM,,D009
USV102,DOLTAC-SP 1*10TAB,TAB.,4,0,0,0,0,25,100,76.7,25,0,USV PRIVATE LTD.,,
MORDOD101,DOM DT 10MG TAB 1*10TAB,TAB,3,0,0,0,0,18.555,55.67,24.68,18.8,0,MORPEN,,D010
ZZZ2260,DOMPAN SR TAB 1*10TAB,TAB,5,0,0,0,0,177.857,889.29,239.06,182.14,0,MEDLEY,,D008
TORDO5D01,DOMSTAL  DT` 10'S,Pcs,6,0,0,0,0,27.813,166.88,36.99,28.18,0,TORRENT,,D008
ZZZ8532,DONEP 5MG TAB 1*15TAB,TABS,4,0,0,0,0,144.267,577.07,193.89,147.74,0,ALKEM (BERGEN),,D013
ALKDOF101,DONEP M FORTE TAB 1*10TAB,TAB,3,0,0,0,0,322.533,967.6,428.9,326.78,0,ALKEM LAB.,,D013
ALKDOM101,DONEP M TAB 1*10TAB,TAB,3,0,0,0,0,282.713,848.14,379.95,289.52,0,ALKEM LAB.,,D013
INTDOD501,DORTAS T EYE DROP 5ML,Pcs,9,0,0,0,0,422.0367,3798.33,567.19,432.19,0,INTAS,,
THDDO1T05,DOTCAM-P TAB 1*10TAB,TAB,20,0,0,0,0,93.002,1860.04,125,95.24,0,THREE DOTS,,
THDDO1T09,DOTZIDE 80MG TAB 1*10TAB,TAB,5,0,0,0,0,56.33,281.65,74.91,57.07,0,THREE DOTS,,D001
SVPDOT301,DOXINATE TAB 1*30TAB,TAB,3.8,0,0,0,0,212.691,808.23,285.84,217.81,0,SVIZERA HEALTHCARE,,D007
HIFEN970,DOXIRICH-LB 1*10CAP,TAB.,1.6,0,0,0,0,52.5,84,103,50,0,SUN,,D007
GERDO1C01,DOXOLIN-M 10 CAP,Pcs,5,0,0,0,0,79.877,399.39,107.36,81.8,0,GERMAN REMEDIES,,D011
ZZZ9356,DOXOMAX OD 650 1*10TAB,TABS,12,0,0,0,0,82.3,987.6,110.62,84.28,0,ARISTO,,D009
SURDPGT01,DP GESIC TAB  10 CAP,Pcs,4.9,0,0,0,0,7.592,37.2,31.03,7.23,0,SURGICAL,,
USVDR6401,D RISE 60K CAP 1*4CAP,CAP,1,0,0,0,0,65.9332,65.93,131,66.8,0,USV,,D008
ZZZ10495,DR MOREPEN BG-03 STRIP 25PCS,TAB.,2,0,0,0,0,310.005,620.01,467.81,310,0,PURE AND CURE HEALTHCARE PVT.LTD.,,
0450450,DR MOREPEN BP DIGITAL,TAB.,1,0,0,0,0,880.01,880.01,1470,880,0,ZYDUS HEALTHCARE LTD(CARDIVA),,
1985,DR.MOREPEN GLUCOONE KIT 1*1,TAB.,2,0,0,0,0,390.005,780.01,623.44,390,0,DR. REDDY,,
ZZZ11453,DR.MOREPEN GLUCO ONE STRIP 50PCS,TAB.,2,0,0,0,0,510.015,1020.03,795.94,510,0,BE,,
000480,DR.MOREPEN TOOTH BRUSH,TAB.,4,0,0,0,0,55,220,110,55,0,UNICHEM,,
000559,DR MOREPHAN MOUTH ULCER GEL,TAB.,5,0,0,0,0,42.5,212.5,0,42.5,0,SUN,,
000483,DR.MORPEN COLIV OIL 2ML,TAB.,3,0,0,0,0,29.99,89.97,50,29.99,0,UNICHEM,,
000561,DR.MORPENMOUTH ULCER TAB,TAB.,9,0,0,0,0,1.05,9.45,0,1.05,0,SUN,,
SBBDRC101,DR ORTHO CAP 1*10CAP,CAP,3,0,0,0,0,137.683,413.05,171.56,141,0,SBS BIOTECH,,
SBBDRO101,DR ORTHO OIL 120ML,PCS,3,0,0,0,0,225.5729,676.72,276,231,0,DIVISA HERBAL CARE,,
WABDRD101,DROTIN DS TAB 1*10TAB,TAB,3.1,0,0,0,0,189.274,586.75,254.4,193.83,0,WALTER BUSHNELL,,D006
ZZZ7255,DROTIN DS TAB 1*15TAB,TABS,1.14,0,0,0,0,191.313,218.1,254.4,193.83,0,MARTIN & HARRIS,,D006
WABDRRT01,DROTIN-M TAB 1*10TAB,TAB,3.2,0,0,0,0,179.607,574.74,241.41,183.93,0,WALTER BUSHNELL,,D006
MARDRP101,DROTIN PLUS TAB 1*10TAB,TAB,2,0,0,0,0,157.237,314.47,209.09,159.31,0,MARTIN,,D006
WABDR4101,DROTIN TAB 1*15TAB,TAB,2.11,0,0,0,0,107.355,226.52,144.29,109.94,0,WALTER BUSHNELL,,D006
SUNDU2101,DULANE 20MG CAP 1*10CAP,CAP,3,0,0,0,0,106.458,319.37,141.56,107.86,0,SUN,,D009
DUUC01,DULCOFLEX CHILDREN SUPPOS. 1*5SUPP.,PIC,2,0,0,0,0,42.4965,84.99,53.25,42.6,0,GERMAN REMEDIES,,FREEDGE
GERDUT101,DULCOFLEX TAB 1*10TAB,TAB,21,0,0,0,0,14.863,312.12,18.59,14.9,0,BOEHRINGER INGELHEIM,,D001
ZZZ9064,DUOLIN FORTE ROTACAPS 1PHYL,PHYL,2,0,0,0,0,156.37,312.74,205.75,156.76,0,CIPLA,,
CIPDUI101,DUOLIN INHALER 1PCS,PCS,6,0,0,0,0,315.74,1894.44,425.65,323.34,0,CIPLA,,
CIP001,DUOLIN RESPULES 1BOX,Pcs,1,0,0,0,0,757.9,757.9,1097.2,750,0,CIPLA,,SM
ZZZ10133,DUOLIN ROTACAP 60CAP,TAB.,4,0,0,0,0,173.1767,692.71,245.97,187.42,0,MEDLEY,,
HIFEN983,DUOMATE R/C 1PHY 1*1,PCS,2,0,0,0,0,115.5567,231.11,155.25,118.34,0,SUN,,
LUPDUT301,DUOMATE TRANSCAP 30CAP,CAP,3,0,0,0,0,115.5467,346.64,155.25,118.33,0,LUPIN,,
ARIDU1T01,DUOPIL 1/500MG TAB 1*10TAB,TAB,10,0,0,0,0,55.72,557.2,74.9,57.06,0,ARISTO,,D008
ARIDUUF01,DUOPIL 1 FORTE TAB 1*10TAB,TAB,6,0,0,0,0,69.938,419.63,94,71.62,0,ARISTO,,D008
ARIDU1T02,DUOPIL 2/500MG TAB 1*10TAB,TAB,6,0,0,0,0,76.02,456.12,102.18,77.85,0,ARISTO,,D009
ARIDUUF02,DUOPIL 2 FORTE TAB 1*10TAB,TABS,5,0,0,0,0,84.74,423.7,113.9,86.78,0,ARISTO,,D008
ZZZ10534,DUPHALAC SYRUP 1*250ML,TAB.,1,0,0,0,0,244.1267,244.13,328.12,250,0,ABBOTT,,
SOLDU4M01,DUPHALAC SYRUP 450ML,PCS,2,0,0,0,0,420.524,841.05,590.62,450,0,ABBOTT,,
ABBDU1101,DUPHASTON 10MG TAB 1*10TAB,TAB,1,0,0,0,0,671.025,671.03,901.82,687.18,0,ABBOTT,,D008
0772,DUREX AIR 10p 9box,BOX,1,0,0,0,0,259.21,259.21,324,270.01,0,OTHER PRODUCTS,,
0778,DUREX EXTRA THIN 3p 27box,BOX,23,0,0,0,0,25,575,55,25,0,OTHER PRODUCTS,,
DRRDU1C01,DUTAS 0.5MG CAP 1*30CAP,CAP,2,0,0,0,0,1072.806,2145.61,1441.93,1098.62,0,DR REDDYS,,D003
DRRDUU101,DUTAS T CAP 1*2*10KIT,CAP,3,0,0,0,0,530.8567,1592.57,713.43,543.63,0,DR REDDYS,,D002
SUNDU2103,DUZELA 20MG CAP 1*10CAP,CAP,14,0,0,0,0,105.327,1474.58,141.56,107.86,0,SUN,,D012
SUNDU3103,DUZELA 30MG CAP 1*10CAP,CAP,3,0,0,0,0,158.667,476,211,160.76,0,SUN,,D012
SUNDU6102,DUZELA 60MG CAP 1*10CAP,CAP,16,0,0,0,0,227.542,3640.67,299.4,228.11,0,SUN,,
SUNDUM202,DUZELA M 20MG CAP 1*10CAP,CAP,3,0,0,0,0,134.603,403.81,179,136.38,0,SUN,,D012
SUNDUM301,DUZELA M 30MG CAP 1*10CAP,CAP,3,0,0,0,0,173.713,521.14,231,176,0,SUN,,D012
INDDV4T01,DV 60K CAP 1*12CAP,CAP,3,0,0,0,0,282.61,847.83,394.56,300.65,0,INDCHEMIE,,D001
000003671,D-VENIZ 100,TAB.,5,0,0,0,0,272.8283,1364.14,362.81,276.42,0,SUN,,D007
SUNDV1T02,D VENIZ 50MG TAB 1*10TAB,TAB,6,0,0,0,0,152.987,917.92,203.44,155,0,SUN,,D007
ZZZ4847,D VENIZEP 50MG TAB 1*10TAB,TAB,2,0,0,0,0,162.157,324.31,215.63,164.29,0,SUN PHARMACEUTICALS,,D007
MANF9,DYDROBOON TAB 1*10,TAB.,7,0,0,5,1,455.87,3191.09,735.27,560.21,0,MANKIND(SPL),,D011
000608,DYDROJOY 1*10TAB,TAB.,3,0,0,9,1,408.09,1224.27,609.37,464.34,0,EMCURE PHARMA NUCRON,,D0009
OL603,DYDROWELL 1*10TAB,TAB.,3,0,0,2,1,278.51,835.53,561.51,427.82,0,MACLEODS,,D011
HIFEN905,DYNADUO 10,TAB.,3,0,0,0,0,56.3267,168.98,74.91,57.07,0,INDCHEMIE HEALTH PRIMUS,,DOO2
ZZZ8334,DYNAGLIPT M TAB 1*10TAB,TABS,3,0,0,0,0,111.293,333.88,149.58,113.97,0,MANKIND,,D013
ZZZ5220,DYNAGLIPT TAB 1*10TAB,TAB,8,0,0,0,0,64.235,513.88,85.42,65.08,0,MANKIND,,D013
TRODYA701,DYNAPAR AQ 75 INJ` 1 ML,Pcs,10,0,0,0,0,30.378,303.78,40.84,31.11,0,TROIKAA,,
TRODYAA01,DYNAPAR AQ INJ 1ML,Pcs,2,0,0,0,0,26.3,52.6,40.83,28.28,0,TROIKAA,,
TRODYG301,DYNAPAR GEL 30GM,PCS,5,0,0,0,0,118.1567,590.78,158.81,121,0,TROIKAA,,
CIPDY1102,DYTOR 100MG TAB 1*10TAB,TABS,3,0,0,0,0,362.23,1086.69,476.63,363.14,0,CIPLA,,D003
CIPDY1101,DYTOR 10MG TAB 1*15TAB,TAB,8,0,0,0,0,78.813,630.5,105.92,80.71,0,CIPLA,,D003(K)AVL
ZZZ3886,DYTOR 20MG TAB 1*15TAB,TAB,3,0,0,0,0,155.6145,466.84,209.14,159.36,0,CIPLA,,D003
CIPDY4101,DYTOR 40MG TAB 1*10 TAB,TAB,6,0,0,0,0,183.497,1100.98,246.61,187.91,0,CIPLA,,D003
CIPDY5101,DYTOR 5MG TAB 1*15TAB,TAB,5,0,0,0,0,60.5235,302.62,81.35,61.98,0,CIPLA,,D003
000465,DYTOR E-10 1*10TAB,TAB.,3,0,0,0,0,236.15,708.45,314.03,239.26,0,UNICHEM,,D003
CIPDYI201,DYTOR INJ 2ML,Pcs,20,0,0,0,0,20.808,416.16,27.37,20.86,0,CIPLA,,
CIPDYP101,DYTOR PLUS 10MG TAB 1*15TAB,TAB,9,0,0,0,0,91.197,820.77,122.56,93.39,0,CIPLA,,D003
ZZZ442,DYTOR PLUS 20MG TAB 1*15TAB,TAB,11,0,0,0,0,108.04,1188.44,145.2,110.64,0,CIPLA,,D003
ZZZ10406,DYTOR PLUS 5MG TAB 1*15,TAB.,8.1,0,0,0,0,74.55,603.86,105.2,80.16,0,PURE AND CURE HEALTHCARE PVT.LTD.,,D003
CIPDYPL01,DYTOR PLUS LS 10 TAB 1*15,TAB,5,0,0,0,0,58.083,290.42,78.05,59.48,0,CIPLA,,D003
MICEB1101,EBAST 10MG TAB 1*10TAB,TAB,3,0,0,0,0,130.78,392.34,175.78,133.93,0,MICRO LAB,,E004
MICEBB101,EBAST 20MG TAB 1*10TAB,TAB,3,0,0,0,0,141.418,424.25,209.06,144.82,0,MICRO LAB,,E004
MICEBB102,EBAST DC TAB 1*10TAB,TAB,5,0,0,0,0,93.764,468.82,124.69,95,0,MICRO LAB,,E004
MICEB1T01,EBAST M TAB 1*10TAB,TAB,3,0,0,0,0,226.647,679.94,304.6,232.1,0,MICRO LAB,,E004
ZZZ000301,ECOJOINT 1*10TAB,TAB.,37,0,0,0,0,9,333,262.67,90,0,ROCHE DIAG.,,
ZZZ11201,ECONORM 250MG CAP 1*6TAB,TAB.,4,0,0,0,0,209.5128,838.05,275.65,210.04,0,CIPLA,,E003
3181,ECONORM-250MG SACHET 1X765MG 1,PCS,6,0,0,0,0,52.9067,317.44,71.11,54.18,0,ERIS LIFE SCIENCES,,E003
USVEC1101,ECOSPRIN 150MG TAB 1*14TAB,TAB,5,0,0,0,0,8.7598,43.8,10.58,8.69,0,USV,,E005
USVEC3101,ECOSPRIN 325MG TAB 1*14TAB,TAB,5,0,0,0,0,8.0696,40.35,9.85,8.09,0,USV,,E002
USVEC7101,ECOSPRIN 75MG TAB 1*14TAB,TAB,16,0,0,0,0,4.3288,69.26,5.29,4.34,0,USV,,E005
USVECA101,ECOSPRIN AV 150/20MG CAP 1*10CAP,CAP,21,0,0,0,0,39.092,820.93,48.98,39.19,0,USV,,E008
USVECA102,ECOSPRIN AV 150MG CAP 1*15CAP,CAP,13,0,0,0,0,49.1955,639.54,61.64,49.32,0,USV,,E-08
USVECA701,ECOSPRIN AV 75/20MG CAP 1*10CAP,CAP,14,0,0,0,0,53.306,746.28,66.8,53.44,0,USV,,E006
ZZZ11406,ECOSPRIN AV 75/40 TAB 1X10 1*10,TAB.,5,0,0,0,0,164.967,824.84,206.72,165.38,0,CIPLA,,E005
USVECA103,ECOSPRIN AV 75 CAP 1*15CAP,CAP,13,0,0,0,0,48.8475,635.02,61.22,48.97,0,USV,,E008
USVEC1102,ECOSPRIN GOLD 10MG CAP 1*15CAP,CAP,11,0,0,0,0,103.092,1134.01,129.19,103.35,0,USV,,E-07
USVEC2101,ECOSPRIN GOLD 20MG CAP 1*15CAP,CAP,3,0,0,0,0,145.5855,436.76,182.44,145.95,0,USV,,E-02
000047,ECOSPRIN GOLD 40 CAP 1*15,TAB.,5,0,0,0,0,206.0467,1030.23,258.19,206.56,0,LA RENON HEALTHCARE,,E-05
ZZZ3844,EKRAN AQUA GEL SPF30 50GM,PCS,2,0,0,0,0,274.38,548.76,364.81,277.99,0,KLM LABORTORIS,,
ZZZ8076,ELATA 5MG CAP 1*10CAP,CAPS,3,0,0,0,0,991.957,2975.87,1333.12,1015.83,0,PHARMANOVA,,E003
0496,ELECTRAL 4.4GM,PCS,123,0,0,0,0,3.58,440.34,4.65,3.58,0,TYNOR,,
000395,ELECTRAL 5 FLAVOURS 4.40G,TAB.,150,0,0,0,0,3.7,555,4.57,3.7,0,UNICHEM,,
ZZZ11327,ELECTRAL ORANGE 21.8,TAB.,7,0,0,0,0,17,119,22.66,17,0,CIPLA,,
000422,ELECTRAL ORANGE 4.4GM,TAB.,40,0,0,0,0,3.7,148,4.65,3.7,0,ARISTO,,
SUNEL1101,ELIWEL 10MG TAB 1*10TAB,TAB,9,0,0,0,0,18.914,170.23,25.42,19.37,0,SUN,,E005
FULELC101,ELOCON CREAM 10GM,Pcs,3,0,0,0,0,225.5967,676.79,300,228.57,0,FULFORD,,
000616,ELOIS HAIR REMOVAL 25G,TAB.,10,0,0,0,0,48,480,60,48,0,OTHER PRODUCTS,,
HIFEN384,ELOIS XL,TAB.,22,0,0,0,0,66,1452,99,66,0,ARISTO OTSIRA GENETICA,,
0000708,ELOIS XL SMALL,TAB.,90,0,0,0,0,21.5,1935,35,21.5,0,MACLEODS PROCARE  AHT,,
00000703,ELOSONE HT CREAM 1*20GRM,PH,4,0,0,0,0,45,180,164,45,0,LEEFORD,,
GLAEL1101,ELTROXIN 100MG TAB 100TAB,PCS,5,0,0,0,0,125.6283,628.14,168.84,128.65,0,GLAXO,,
000754,ELTROXIN 12.5 1*120TAB,TAB.,3,0,0,0,0,141.15,423.45,189.72,144.55,0,CIPLA,,
ZZZ5224,ELTROXIN 125MG TAB 60TAB,PCS,2,0,0,0,0,81.47,162.94,108.32,82.54,0,GLAXO,,
GLAEL2601,ELTROXIN 25MG TAB 60TAB,PCS,1,0,0,0,0,138.8333,138.83,184.6,140.66,0,GLAXO,,
GLAEL1P01,ELTROXIN 50MG TAB 100TAB,PCS,1,0,0,0,0,85.7733,85.77,114.03,86.9,0,GLAXO,,
GLAELL101,ELTROXIN 75MG TAB 60TAB,PCS,3,0,0,0,0,136.39,409.17,183.32,139.67,0,GLAXO,,
ZZZ9711,ELTROXIN 88MG TAB 60TAB,PHYL,3,0,0,0,0,79.05,237.15,105.11,80.09,0,GSK,,
INTEMA501,EMBETA AM 50MG TAB 1*10TAB,TAB,3,0,0,0,0,126.897,380.69,168.75,128.57,0,INTAS,,E001
INTEMT201,EMBETA TM 25MG TAB 1*10TAB,TAB,3,0,0,0,0,0,0,328,0,0,INTAS,,E001
INTEMX101,EMBETA XR 100MG TAB 1*10TAB,TABS,6,0,0,0,0,118.362,710.17,157.4,119.92,0,INTAS,,E001
INTEMX201,EMBETA XR 25MG TAB 1*15TAB,TAB,6,0,0,0,0,101.2515,607.51,136.08,103.69,0,INTAS,,E001
ZZZ7030,EMBETA XR 25MG TAB 1*30TAB,TABS,0.5,0,0,0,0,99.618,49.81,133.88,102.01,0,INTAS,,E001
ZZZ7307,EMBETA XR 50MG TAB 1*30TAB,TAB,2,0,0,0,0,139.218,278.44,187.11,142.57,0,INTAS,,E001
MELEMP101,EMELACTYL PLUS 100+2MG  10'S,Pcs,12,0,0,0,0,104.172,1250.06,140,106.68,0,MEDICO LABS,,
MELEM5105,EMELZINE 5MG  10'S,Pcs,6,0,0,0,0,163.7,982.2,220.31,167.64,0,MEDICO LABS,,
HIFEN739,EMITIN 30 ML DROPS 30ML*150 150*30 ML,PCS,3,0,0,0,0,19.776,59.33,39.06,16.76,0,INDCHEMIE HEALTH PRIMUS,,
ZZZ3714,EMOFORM R PASTE 100GM,PCS,5,0,0,0,0,101.525,507.63,125,103.97,0,JL MORISON,,
EXLEM5501,EMOFORM R PASTE 50GM,Pcs,1,0,0,0,0,60.63,60.63,75,60,0,EXCARE LABRATORIES,,
ZZZ4779,EMOLENE CREAM 100GM,PCS,1,0,0,0,0,293.99,293.99,390.94,297.86,0,MSD,,
000448,EMPAGLYN 25MG 1X10 TAB 1*10,PCS,3,0,0,0,0,119.8517,359.56,159.38,121.43,0,INDCHEMIE HEALTH PRIMUS,,E002
PULS001057,EMPAGREAT TRIO 10/1000 TAB 1X1 1*10,PCS,3,0,0,0,0,115.08,345.24,154.68,117.85,0,PULSE PHARMACEUTICALS P L,,E002
000296,EMPANORM-10MG 1*10TAB,TAB.,11,0,0,0,0,75.932,835.25,102.05,77.76,0,MACLEO,,E005
SUN055,EMPANORM 25 MG TAB,TAB.,6,0,0,0,0,96.9567,581.74,130.3,99.29,0,ALKEM,,E007
HIFEN712,EMPANORM DUO 10MG 1*10TAB,TAB.,12,0,0,0,0,110.891,1330.69,149.05,113.56,0,INDCHEMIE HEALTH PRIMUS,,E002
000449,EMPANORM DUO 25 TAB 1*10,PCS,3,0,0,0,0,129.602,388.81,174.2,132.72,0,INDCHEMIE HEALTH PRIMUS,,E005
SUN054,EMPANORM L 10 MG TAB,TAB.,6,0,0,0,0,106.6333,639.8,143.3,109.2,0,ALKEM,,E002
SUN061,EMPANORM L 25 MG 1*10,TAB.,6,0,0,0,0,121.974,731.84,163.95,124.91,0,ALKEM,,E007
HIFEN842,EMPANORM LM 10/5/1000 TAB 1X10 1*10,PCS,11,0,0,0,0,103.2267,1135.49,138.75,105.71,0,INDCHEMIE HEALTH PRIMUS,,E004
HIFEN847,EMPANORM LM 25/5/1000 1X10 1X1 1*10,PCS,2,0,0,0,0,117.875,235.75,158.44,120.71,0,INDCHEMIE HEALTH PRIMUS,,E008
000518,EMPANORM TRIO 25 1*10,PCS,4,0,0,0,0,131.7983,527.19,177.15,134.97,0,CONCEPT BIOSCIENCES PVT LTD,,E006
1151,EMPAZIO M 12.5/500,TAB.,3,0,0,0,0,67.6317,202.9,90.9,69.26,0,OTHER PRODUCTS,,E006
IFEN427,EMPAZIO SM 10/100/1000 1*10TAB,TAB.,4,0,0,0,0,143.6617,574.65,193.1,147.12,0,ALKEM METABOLICS,,E005
000532,EMPAZIO SM 25/100/1000 1*10TAB,TAB.,13,0,0,0,0,159.696,2076.05,214.65,163.54,0,SUN,,E002
ZZZ6682,EMTY ORAL SOLUTION 200ML,PHYL,4,0,0,0,0,195.3,781.2,262.5,200,0,ALKEM LAB.,,
SUNEN2101,ENCORATE 200MG TAB 1*10TAB,TAB,6,0,0,0,0,28.445,170.67,38.23,29.13,0,SUN,,E005
SUNENC201,ENCORATE CHRONO 200MG TAB 1*10TAB,TAB,8,0,0,0,0,28.445,227.56,38.23,29.13,0,SUN,,E005
SUNENC301,ENCORATE CHRONO 300MG TAB 1*10TAB,TAB,2,0,0,0,0,48.907,97.81,65.04,49.55,0,SUN,,E005
SUNENC401,ENCORATE CHRONO 400MG TAB 1*10TAB,TAB,5,0,0,0,0,91.652,458.26,121.88,92.86,0,SUN,,E003
SUNENC501,ENCORATE CHRONO 500MG TAB 1*10TAB,TAB,2,0,0,0,0,75.012,150.02,99.75,76,0,SUN,,E004
00000177,ENDOGEST 200 SR 1*10 TAB,TAB,1,0,0,0,0,382.38,382.38,503.14,383.35,0,CIPLA,,E003
ZZZ3512,ENDURA MASS CHOCLATE 500GM,PCS,2,0,0,0,0,526.61,1053.22,666.46,539.28,0,MEDINN BELLE HERBAL CARE PVT LTD.,,
ZZZ6438,ENERZAL LIQUID 200ML,PHYL,67,0,0,0,0,25,1675,40,25,0,FDC,,
000351,ENERZAL LIQUID 500ML,TAB.,18,0,0,0,0,41.8,752.4,60,41.8,0,DR.REDDY S LABORATORIES,,
SURENL101,ENERZAL POWDER 100GM,PCS,5,0,0,0,0,36.25,181.25,53,36.25,0,FDC,,
1067,ENERZAL ZERO 400ML,TAB.,20,0,0,0,0,58.52,1170.4,77,58.52,0,JOHNSON,,
HIFEN797,ENERZAL ZERO ORANGE LIQUID 1*400 ML,PCS,2,0,0,0,0,62.5,125,81,62.5,0,INDCHEMIE HEALTH PRIMUS,,
GLAENL101,ENO LAMON SACHET 5GM,PCS,18,0,0,0,0,7.6,136.8,10,7.6,0,GLAXO,,
MACENP201,ENSULES PLUS 200MG 10 TAB,Pcs,2,0,0,0,0,204.577,409.15,269.16,205.09,0,MACLEODS,,E001
ABBENGC01,ENSURE  CHOCHOLATE 400GM,PCS,1,0,0,0,0,556.25,556.25,625,556.25,0,ABBOTT,,
ZZZ8812,ENSURE DIABETES CARE CHOCOLATE 200GM,PHYL,1,0,0,0,0,680.19,680.19,747.46,647.8,0,ABBOTT,,
ZZZ8529,ENSURE DIABETES CARE VANILLA 400GM,PHYL,1,0,0,0,0,872,872,980,872,0,ABBOTT,,
ZZZ6177,ENSURE PLUS VANILLA POWDER 400GM,PHYL,1,0,0,0,0,639,639,710,639,0,ABBOTT,,
AVEENV101,ENTEROGERMINA SUSPENSION 5ML,PCS,1,0,0,0,0,50.4755,50.48,67.85,51.69,0,AVENTIS,,FREEZEE
MSN014,ENTROGERMINA LIQ 1*5ML,PCS,4,0,0,0,0,59.225,236.9,79.6,60.65,0,SANOFI,,
CADEN1T01,ENVAS-10MG TAB 1*15TAB,TAB,8,0,0,0,0,70.545,564.36,92.81,70.72,0,CADILA,,E006
CADEN2101,ENVAS 2.5MG TAB 1*15TAB,TAB,2,0,0,0,0,25.9845,51.97,34.93,26.61,0,CADILA,,E006
CADEN5101,ENVAS 5MG TAB 1*15TAB,TAB,4,0,0,0,0,43.14,172.56,59.22,45.41,0,CADILA,,E006
ELPENF101,ENZAR FORTE TAB 1*15TAB,TAB,4,0,0,0,0,153.264,613.06,203.8,155.28,0,ELDER PHARMA,,E002
MACENN101,ENZOHEAL OINT 5GM,PCS,6,0,0,0,0,76.9143,461.49,108.35,76,0,MACLEODS,,
GALENS201,ENZ SYRUP 200ML,PCS,3,0,0,0,0,115.48,346.44,153.56,117,0,GALPHA,,
000594,EPIFAST-500 1*10TAB,TAB.,3,0,0,0,0,83.0333,249.1,110.42,84.13,0,ARISTO PHARMACEUTICALS MF-3,,E006
ZZZ10538,EPILEX CHRONO 300 1*15,TAB.,3,0,0,0,0,71.4705,214.41,96.06,73.19,0,ABBOTT,,EOO2
ZZZ10539,EPILEX CHRONO 500 1*15,TAB.,3,0,0,0,0,109.914,329.74,146.16,111.36,0,ABBOTT,,E002
ZZZ10540,EPILEX ORAL SOLUTION 200ML,TAB.,5,0,0,0,0,103.12,515.6,138.6,105.6,0,ABBOTT,,
GLEEPL101,EPISOFT CLEANSING LOTION 125ML,Pcs,3,0,0,0,0,301.1233,903.37,400.41,305.09,0,GLENMARK,,
000005570,EPLEBLESS-25TAB 1*10,PCS,6,0,0,0,0,188.61,1131.66,253.51,193.15,0,MANKIND,,E001
001740,EPLEBLESS T 20 KIT 1X20,PCS,8,0,0,0,0,232.645,1861.16,309.37,235.71,0,ABBOTT INDIA LIMITED,,F002 MAIN H
CADEP1102,EPSOLIN 100MG TAB 100TAB,Pcs,2,0,0,0,0,139.845,279.69,187.95,143.21,0,CADILA,,
ZZZ8704,EPTOIN 100MG TAB 120TAB,TABS,1,0,0,0,0,167.78,167.78,225.52,171.82,0,ABBOTT,,
BOOEPE301,EPTOIN 300 ER TAB 30TAB,PCS,2,0,0,0,0,158.25,316.5,210.41,160.33,0,ABBOTT,,
ZZZ4991,EPTOIN 50MG TAB 150TAB,TABS,2,0,0,0,0,100.67,201.34,133.88,102,0,ABBOTT,,
KNOEPS101,EPTOIN SYRUP. 200ML,Pcs,1,0,0,0,0,56.2183,56.22,74.77,56.96,0,KNOLL,,
ZZZ1870,EPTUS 25MG TAB 1*10TAB,TAB,4,0,0,0,0,483.663,1934.65,650,495.3,0,GLENMARK,,E006
ZZZ4972,EPTUS T 10 KIT 1*10KIT,TAB,3,0,0,0,0,246.753,740.26,328.13,250,0,GLENMARK,,E002
HIFEN992,ERDOSTYNE-300MG 1*15TAB,TAB.,1,0,0,0,0,255.91,255.91,340.31,259.28,0,SUN,,E003
SABEST101,ESGIPYRIN TAB 1*10TAB,TAB,3,0,0,0,0,111.06,333.18,146.14,111.34,0,SARA BIOTECH,,E004
LUPES1T01,ESIFLO 100MG ROTACAP 30CAP,PCS,4,0,0,0,0,221.715,886.86,314.9,239.95,0,LUPIN,,
LUPESS101,ESIFLO 125 TRANSHALER 1PCS,Pcs,2,0,0,0,0,498.8,997.6,663.3,505.37,0,LUPIN,,
LUPEST301,ESIFLO 250 TRANSCAP 30CAP,Pcs,2,0,0,0,0,443.77,887.54,596.4,454.45,0,LUPIN,,
LUPESI101,ESIFLO 250 TRANSHALER 1PCS,Pcs,2,0,0,0,0,733.93,1467.86,986.35,751.59,0,LUPIN,,
ZZZ2274,ESLO 2.5MG TAB 1*10TAB,TAB,18,0,0,0,0,76.888,1383.98,103.35,78.74,0,ZUVENTUS HEALTHCARE,,E005
ZZZ6424,ESLO 2.5MG TAB 1*15TAB,TABS,3,0,0,0,0,78.543,235.63,103.35,78.74,0,ZUVENTUS HEALTHCARE,,E005
ZZZ2267,ESLO 5 AT TAB 1*10TAB,TAB,6,0,0,0,0,238.692,1432.15,314.06,239.29,0,ZUVENTUS HEALTHCARE,,E005
ZZZ6012,ESLO AT TAB 1*15TAB,TAB,3,0,0,0,0,176.922,530.77,237.8,181.18,0,ZUVENTUS HEALTHCARE,,E005
ZZZ5509,ESOGRESS 40MG TAB 1*10TAB,TAB,2,0,0,0,0,124.788,249.58,165.94,126.43,0,LA RENON HEALTHCARE,,E008
ZZZ8484,ESOKEM D CAP 1*10CAP,CAPS,2,0,0,0,0,149.102,298.2,200.39,152.69,0,ALKEM (BERGEN),,E002
001972,ESOLEMBIC-D 1*15CAP,TAB.,9,0,0,0,0,89.055,801.5,119.7,91.2,0,INTAS,,E002
ZZZ585,ESOMAC L 40MG CAP 1*10CAP,CAP,12,0,0,0,0,170.602,2047.22,226.87,172.85,0,CIPLA,,E002
0000705,ESPRA DSR 1*10 CAP,TAB.,2,0,0,0,0,112.248,224.5,150.87,114.95,0,MACLEODS PROCARE  AHT,,E002
SOLES1T01,ESSITA 10MG TAB 1*10TAB,TAB,10,0,0,0,0,67.73,677.3,96.18,73.3,0,SOLVATE,,E002
SOLES5101,ESSITA 5MG TAB 1*10TAB,TAB,10,0,0,0,0,40.853,408.53,53.66,41.39,0,SOLVATE,,E002
SOLESP101,ESSITA PLUS TAB 1*10TAB,TAB,3,0,0,0,0,106.349,319.05,139.68,107.75,0,SOLVATE,,E005
OL602,ESTROEASE 1*10TAB,TAB.,1,0,0,0,0,435.03,435.03,578.5,440.76,0,LUPIN,,F005
0998,ETILAAM-PRO 20MG TAB 1X15 1*15,PCS,4,0,0,0,0,104.62,418.48,140.63,107.14,0,ALKEM,,E005
INTET1T02,ETILAAM S 10MG TAB 1*10TAB,TABS,4,0,0,0,0,127.996,511.98,170.19,129.68,0,INTAS,,E001
MACET0101,ETIZOLA 0.25MG TAB 1*10TAB,TAB,9.1,0,0,0,0,56.841,517.25,76.4,58.21,0,MACLEODS,,E003
MACET0102,ETIZOLA 0.5MG TAB 1*15,TAB,6,0,0,0,0,91.9095,551.46,120.94,92.14,0,MACLEODS,,E003
MACETB002,ETIZOLA BETA 0.25MG TAB 1*10TAB,TAB,6,0,0,0,0,47.95,287.7,63.09,48.07,0,MACLEODS,,E006
MACET0103,ETIZOLA BETA 0.5MG TAB 1*10TAB,TAB,1,0,0,0,0,66.99,66.99,85.31,66.99,0,MACLEODS,,E006
000345,ETIZOLA LITE 5 TAB 1*10TAB,TABS,5,0,0,0,0,86.212,431.06,112.26,85.53,0,MACLEODS,,E002
ZZZ6895,ETIZOLA LITE 5 TAB 31*10TAB,TABS,3,0,0,0,0,78.403,235.21,102.09,77.78,0,MACLEODS,,E0002
ARIET9101,ETOCOX 90MG TAB 1*10TAB,TAB,5,0,0,0,0,99.036,495.18,133.12,101.42,0,ARISTO,,E002
CADETM101,ETOGESIC ER TAB 1*10TAB,TAB,16,0,0,0,0,182.61,2921.76,245.44,187,0,CADILA,,E008
000514,ETOLYTE-MR 1*10TAB,TAB.,2.6,0,0,0,0,80,208,180,80,0,CONCEPT BIOSCIENCES PVT LTD,,
ZZZ4424,ETONOW 90MG TAB 1*10TAB,TAB,3,0,0,0,0,90.42,271.26,120.24,91.61,0,GRANDCURE HEALTHCARE,,E001
00001231,ETOS-90MGTAB 1X10,MPC,6,0,0,0,0,54.286,325.72,72.18,55,0,SYSTOPIC,,E002
SUNET6101,ETOSHINE 60MG TAB 1*10TAB,TAB,4,0,0,0,0,114.217,456.87,151.88,115.72,0,SUN,,E001
ZZZ11230,ETOSHINE 90 TAB 1X15,TAB.,2,0,0,0,0,198.76,397.52,277.5,211.43,0,CIPLA,,E002
IPCET1T03,ETOVA-400MG TAB 1*10TAB,TAB,4,0,0,0,0,99.428,397.71,132.23,100.74,0,IPCA,,E003
IPCETE401,ETOVA ER 400MG TAB 1*10TAB,TAB,4,0,0,0,0,147.637,590.55,198.45,151.19,0,IPCA,,E001
IPCETE601,ETOVA ER 600MG TAB 1*10TAB,TAB,1,0,0,0,0,205.58,205.58,273.38,208.29,0,IPCA,,E003
IPCETM401,ETOVA MR 400/4MG TAB 1*10TAB,TAB,1.5,0,0,0,0,256.72,385.08,341.39,260.1,0,IPCA,,E003
CIPETT103,ETOZOX-90 1*10,Pcs,0.1,0,0,0,0,55,5.5,177.02,55,0,CIPLA,,E006
ZZZ2189,EUCALMIN CAP 1*10CAP,CAP,2,0,0,0,0,203.53,407.06,267.8,204.04,0,ZUVENTUS HEALTHCARE,,E006
ZZZ9646,EUCLIDE M 30 OD TAB 1*10TAB,TABS,3,0,0,0,0,81.948,245.84,110.15,83.92,0,ALKEM LAB.,,E002
GLAEUC102,EUMOSONE M CREAM 15GM,Pcs,1,0,0,0,0,104.32,104.32,138.7,105.69,0,GLAXO,,
TOREU1101,EUREPA 1MG TAB 1*10TAB,TAB,3,0,0,0,0,236.597,709.79,318,242.29,0,TORRENT,,E005
3580,EUTHYROX 25MG 100,PCS,3,0,0,0,0,122.69,368.07,153.75,123,0,MASAYA,,
HIAMOC308,EUTHYROX 50MCG TAB 100TAB,TABS,2,0,0,0,0,87.75,175.5,109.97,87.97,0,MERCK,,
00001221,EVECARE FORTE TAB 1*10TAB,MPC,9,0,0,0,0,67.6933,609.24,89.06,67.86,0,HIMALAYA,,E001
HIMEVS201,EVECARE SYRUP. 200ML,PCS,2,0,0,0,0,160.44,320.88,215.62,164.3,0,HIMALAYA,,
ZZZ2256,EVION 200MG CAP 1*10CAP,CAP,8,0,0,0,0,19.698,157.58,26.2,19.96,0,MERCK,,E002
ZZZ2257,EVION 400MG CAP 1*20CAP,CAP,6.1,0,0,0,0,66.646,406.54,89.57,68.25,0,MERCK,,E002
ZZZ2258,EVION LC CAP 1*10CAP,CAP,5,0,0,0,0,52.829,264.15,70.98,54.1,0,MERCK,,E002
OMNEX3301,EXDERM CREAM 30 GM,Pcs,2,0,0,0,0,110.2067,220.41,148.12,112.86,0,OMNI,,
OMNEXO201,EXDERM-S OINT 20GM,Pcs,3,0,0,0,0,105.0433,315.13,139.69,106.43,0,OMNI,,
000443,EXYGRA SPRAY 20G,TAB.,3,0,0,0,0,100,300,209,100,0,AAREEN PHARMA,,
003015,EZHH CREAM 30GM 1 X30GM,PCS,2,0,0,0,0,245.82,491.64,323.44,246.43,0,DR.REDDY,,
USV107,EZORB JOINTS 1*10TAB,TAB.,3,0,0,0,0,320.715,962.15,422,321.52,0,USV PRIVATE LTD.,,E006
LUPFA1T01,FAA 20MG TAB 1*15TAB,TAB,5,0,0,0,0,233.457,1167.29,313.75,239.07,0,LUPIN,,F002
SURFAM101,FACE MASK 1*1PCS,Pcs,90,0,0,0,0,1.8,162,10,1.8,0,SURGICAL,,
ZZZ10543,FAMTAC 40 1*14,TAB.,4,0,0,0,0,29.7346,118.94,39.96,30.45,0,ABBOTT,,F004
JOPFAO101,FAT GO OIL 110ML,PCS,26,0,0,0,0,130.421,3390.95,175.3,133.56,0,JOLLY PHARMA,,
ALBFB1T01,FBX 40MG TAB 1*10TAB,TAB,3,0,0,0,0,93.28,279.84,124.04,94.51,0,ALBERT DAVID,,F002
USV97,FCN-150 TAB,TAB.,1,0,0,0,0,11.55,11.55,27.01,11,0,USV PRIVATE LTD.,,
SUNFE1T01,FEBUGET 40MG TAB 1*15TAB,TAB,4,0,0,0,0,173.436,693.74,230.63,175.72,0,SUN,,F002
AJAFEEM01,FEBURIC 20MG TAB 1*10TAB,TAB,2,0,0,0,0,122.903,245.81,161.72,123.21,0,AJANTA,,F003
AJAFE4101,FEBURIC 40MG TAB 1*10TAB,TAB,3,0,0,0,0,177.19,531.57,254,181.45,0,AJANTA,,F002
AJAFE1T01,FEBURIC 80MG TAB 1*10TAB,TAB,3,0,0,0,0,303.857,911.57,404.06,307.86,0,AJANTA,,F002
ZZZ10544,FEBUSTAT 40 1*15,TAB.,2.1,0,0,0,0,251.184,527.49,337.58,257.23,0,ABBOTT,,F002
SUNFE1T03,FEBUTAZ 40MG TAB 1*15TAB,TAB,6,0,0,0,0,190.254,1141.52,253,192.76,0,SUN,,F002
MICRO707,FEBUTEC 40MG 1*10,TAB.,4,0,0,0,0,20.412,81.65,156.91,19.44,0,CIPLA,,F001
INTFEO101,FELICITA OD CAP 1*10CAP,CAPS,3,0,0,0,0,201.9,605.7,271.35,206.76,0,INTAS,,F003
ORGFE1101,FEMILON TAB 1*21TAB,TAB,4,0,0,0,0,295.368,1181.47,397,317.6,0,ORGANON,,F003
ALKFEPS01,FENCETA PLUS SYP 60ML,PHYL,6,0,0,14,1,30.898,185.39,44.5,33.9,0,ALKEM LAB.,,
CIPFE1T03,FENOLIP-145MG TAB 1*10TAB,TAB,3,0,0,0,0,220.617,661.85,293.37,223.52,0,CIPLA,,F003
ZZZ3423,FERIKIND-M SYP 170ML,PCS,2,0,0,0,0,141.365,282.73,190,144.77,0,MANKIND,,
HIFEN774,FERONIA MAX SYP 200 ML 1*200 ML,PCS,1,0,0,0,0,187.03,187.03,246.09,187.5,0,INDCHEMIE HEALTH PRIMUS,,
PFIFE4401,FERRADOL MALT 450ML,Pcs,3,0,0,0,0,278.36,835.08,370.17,282.03,0,PFIZER LIMITED,,
ALKEM260,FERRONEMIA PLUS TAB 1*10,PCS,2,0,0,0,0,477.59,955.18,628.34,478.79,0,ALVIO,,F003
OVEFE1T01,FEXID XT TAB 1*15TAB,TAB,3,0,0,0,0,170.34,511.02,226.5,172.58,0,OVERSEAS,,F003
USV162,FEXOVIZ 1*15,TAB.,4,0,0,0,0,75,300,232,75,0,USV PRIVATE LTD.,,
MAPFET103,FEZ XT TAB 1*10TAB,TAB,2,0,0,9,1,69.758,139.52,103.07,78.53,0,MAPRA,,
SUNFI1101,FIBATOR 10MG TAB 1*10TAB,TAB,4,0,0,0,0,220.97,883.88,297,226.29,0,SUN,,F-03
CONFIO101,FIGARO OIL 100ML,PCS,5,0,0,0,0,159,795,199,159,0,CONSUMER,,
ZZZ2114,FIGARO OIL 1LIT,PCS,1,0,0,0,0,1274,1274,1499,1274,0,CONSUMER,,
ZZZ2112,FIGARO OIL 200ML,PCS,5,0,0,0,0,327.18,1635.9,399,327.18,0,CONSUMER,,
1064,FIGRO 200ML,TAB.,3,0,0,0,0,296.65,889.95,0,296.65,0,JOHNSON,,
DRRFI5301,FINAST 5MG TAB 1*30TAB,TAB,4,0,0,0,0,758.016,3032.06,1008,768,0,DR REDDYS,,F004
USV98,FIXER,TAB.,47,0,0,0,0,14.7,690.9,70,14,0,USV PRIVATE LTD.,,
NICFL1T01,FLAGYL 200MG TAB 1*15TAB,TAB,6.14,0,0,0,0,13.2465,81.33,17.43,13.28,0,ABBOTT,,F001
ZZZ10321,FLAGYL 400 1*15,TAB.,7.13,0,0,0,0,24.1695,172.33,32.47,24.75,0,PURE AND CURE HEALTHCARE PVT.LTD.,,F001
NICFL1T02,FLAGYL 400MG TAB 1*15TAB,TAB,0.7,0,0,0,0,24.18,16.93,32.47,24.75,0,ABBOTT,,F001
SE5FL1T01,FLAVEDON MR TAB 1*10TAB,TAB,4,0,0,0,0,135.111,540.44,179.67,136.89,0,SERDIA 5,,F004
ARIFLM101,FLEXON MR TAB 1*10TAB,Pcs,9.1,0,0,0,0,20.952,190.66,29.44,22.42,0,ARISTO,,F004
ARIFLS601,FLEXON SYRUP. 60ML,PCS,4,0,0,0,0,32.255,129.02,43.35,33.03,0,ARISTO,,
ARIFLT101,FLEXON TAB 1*15TAB,TAB,59.3,0,0,0,0,22.7145,1346.97,35.25,25.79,0,ARISTO,,F004
SUNFLD101,FLEXURA D TAB 1*10TAB,TAB,3,0,0,0,0,169.203,507.61,225,171.43,0,SUN,,F002
000522,FLODART-DZ 1*10TAB,TAB.,4,0,0,0,0,341.7733,1367.09,459.37,350,0,SUN,,F003
ARIFLP101,FLODART PLUS CAP 1*10CAP,CAP,3,0,0,0,0,160.438,481.31,215.62,164.3,0,ARISTO,,F003
SUNFL5101,FLODART TAB 1*10 10'S,Pcs,3,0,0,0,0,76.377,229.13,101.57,77.38,0,SUN,,F004
MANFL1T01,FLOKIND-D. 10 Tabs,Pcs,3,0,0,0,0,124.7,374.1,165.82,126.34,0,MANKIND,,F002
MANFL1T02,FLOKIND F TAB 1*10TAB,TAB,3,0,0,0,0,161.977,485.93,215.4,164.11,0,MANKIND,,F004
CIPFLNS01,FLOMIST NASAL SPRAY 1PCS,PCS,2,0,0,0,0,358.855,717.71,514.43,367.49,0,CIPLA,,
CADFL1101,FLUDAC 10MG CAP 1*10CAP,CAP,6,0,0,0,0,26.912,161.47,35.36,26.98,0,CADILA,,F003
CADFL2101,FLUDAC 20MG CAP 1*15CAP,CAP,7,0,0,0,0,47.5665,332.97,63.93,48.71,0,CADILA,,F005
000643,FLUMONT-LC 1*15TAB,TAB.,69,0,0,0,0,3.6667,253,270,55,0,PANACEA  8,,
FDCFL1101,FLUNARIN 10MG TAB 1*10TAB,TAB,5,0,0,0,0,38.692,193.46,51.45,39.2,0,F.D.C.,,F003
INTFL2102,FLUNIL 20MG CAP 1*10CAP,CAP,4,0,0,0,0,31.95,127.8,42.95,32.72,0,INTAS,,F005
ZZZ10560,FLUTIVATE CREAM 1*20GM,TAB.,4,0,0,0,0,278.48,1113.92,370.31,282.15,0,ABBOTT,,
SUPFL2102,FLUTO 20MG TAB 1*10TAB,TAB,2,0,0,0,0,31.845,63.69,41.9,31.92,0,SURGE PHARMACUTICULS,,F003
HIFEN719,FLUTO 40 1*10TAB,TAB.,2,0,0,0,0,50.764,101.53,67.5,51.43,0,INDCHEMIE HEALTH PRIMUS,,F003
SUPFL1T01,FLUTO 60MG TAB 1*10TAB,TAB,2,0,0,0,0,88.34,176.68,116.25,88.57,0,SURGE PHARMACUTICULS,,F003
AJA060,FLUTROL 250 CAP 1*30,PCS,4,0,0,0,0,342.2733,1369.09,455.15,346.78,0,MACLEODS,,
ZZZ527,FLUTROL 500 R/C 1*30CAP,cap,4,0,0,0,0,369.81,1479.24,497.06,378.71,0,MACLEODS,,
L154,FMQ 300 TAB 1*10,PCS,2,0,0,0,0,961.875,1923.75,1265.6,964.29,0,ZYDUS,,F002
IPCFO1I01,FOLITRAX 15MG 1*5TAB,Pcs,2,0,0,0,0,210.9075,421.82,283.47,215.98,0,IPCA,,F002
IPCFO1102,FOLITRAX 15MG TAB 1*10TAB,TAB,4,0,0,0,0,210.908,843.63,283.47,215.98,0,IPCA,,F002
IPCFO7101,FOLITRAX 7.5MG TAB 1*10TAB,TAB,6,0,0,0,0,133.557,801.34,179.5,136.77,0,IPCA,,F004
OL611,FOLLIBUD 1*10TAB,TAB.,3,0,0,0,0,70,210,196,70,0,MACLEODS,,
WYEFOM101,FOLVITE MB CAP 1*15CAP,CAP,4,0,0,0,0,197.004,788.02,261.99,199.6,0,WYETH,,F002
WYEFOT101,FOLVITE TAB 1*45TAB,TAB,9.5,0,0,0,0,58.1805,552.71,72.58,59.58,0,WYETH,,F001
CIPFOR101,FORACORT-0.5MG RESPULES 1*5,PCS,2,0,0,0,0,1229.43,2458.86,1652.24,1259.02,0,CIPLA,,AB-07
CIPFO2R01,FORACORT 200 ROTACAP 30CAP,PCS,5,0,0,0,0,130.522,652.61,183.32,139.67,0,CIPLA,,
CIPFO4I01,FORACORT 400 INHALER 1PCS,Pcs,2,0,0,0,0,321.57,643.14,432.17,329.31,0,CIPLA,,
FORA,FORACORT-400 R/C 1X30,Pcs,5,0,0,0,0,165.7017,828.51,222.7,169.69,0,CIPLA,,
CIPFOFR01,FORACORT FORTE ROTACAP 30CAP,PCS,2,0,0,0,0,391.475,782.95,526.12,400.9,0,CIPLA,,
ZZZ4655,FORAN TIME 1*1TAB,BOTT,4,0,0,0,0,25,100,75,25,0,ABBOTT,,
001978,FORCE RED-XT 1*10TAB,TAB.,11,0,0,0,0,50,550,180,50,0,INTAS,,
MACFOT601,FORECOX TAB 1*6TAB,TAB,4,0,0,0,0,84.3498,337.4,113.37,86.38,0,MACLEODS,, F004
ZZZ7158,FORGLYN RESPICAPS CAP 1*10CAP,PHYL,2,0,0,0,0,311.305,622.61,418.38,318.8,0,GERMAN REMEDIES,,
ALKFOP101,FORMIN PG 1MG TAB 1*10TAB,TAB,2,0,0,0,0,157.248,314.5,211.35,161.03,0,ALKEM LAB.,,F004
ZZZ6124,FORMIN PG 1MG TAB 1*15TAB,TAB,1,0,0,0,0,142.9905,142.99,192.19,146.43,0,ALKEM LAB.,,F004
ZZZ5417,FORMIN PG 2MG TAB 1*15TAB,TAB,3,0,0,0,0,239.3895,718.17,321.75,245.15,0,ALKEM LAB.,,F005
ALKFOS101,FORMIN SR 1000MG TAB 1*10TAB,TAB,7,0,0,0,0,48.249,337.74,64.85,49.41,0,ALKEM LAB.,,F002
LUPFOT101,FORMOFLO 250 TRANSCAP 30CAP,PCS,4,0,0,0,0,396.4133,1585.65,532.75,405.95,0,LUPIN,,
ZZZ2888,FORMOFLO FORTE TRANSCAPS 1*30CAP,CAP,3,0,0,0,0,471.9033,1415.71,634.2,483.26,0,LUPIN,,
HIFEN717,FORMOFLO-G  CAPSULES CAP,TAB.,8,0,0,0,0,153.0533,1224.43,205.7,156.74,0,INDCHEMIE HEALTH PRIMUS,,F004
GERFOR101,FORMONIDE-FORTE ROTACAP 30CAP,PCS,2,0,0,0,0,376.955,753.91,495.94,377.9,0,GERMAN REMEDIES,,
ZZZ3817,FORXIGA 10MG TAB 1*14TAB,TABS,2,0,0,0,0,425.824,851.65,566.25,431.43,0,ASTRA ZENECA,,F005
GEBFO1101,FOURDERM CREAM 10GM,PCS,7,0,0,0,0,25.652,179.56,110.6,24.43,0,GENESIS BIOTEC,,
ALEFRP101,FREEGO POWDER 150GM,PCS,3,0,0,0,0,324.7967,974.39,427.36,325.61,0,ALEMBIC,,
4551,FREIGHT,TAB.,83,0,0,0,0,250,20750,9800,250,0,ALKEM,,
HIFEN740,FUL-AID GOLD POW CHOCO 200GM*5 200 GM*50,PCS,4,0,0,0,0,74.162,296.65,422.75,62.85,0,INDCHEMIE HEALTH PRIMUS,,
000130,FUTUREZYME SYP 200ML 60*200ML 1*200 ML,PCS,1,0,0,0,0,68.604,68.6,141.56,58.14,0,INDCHEMIE HEALTH PRIMUS,,
ZZZ2457,GABAMAX GOLD CAP 1*10CAP,CAP,5,0,0,0,0,125.89,629.45,169.21,128.92,0,ARISTO,,G004
ZZZ9911,GABAMAX NT 75/10MG TAB 1*10TAB,TABS,5,0,0,0,0,149.46,747.3,210.93,160.71,0,ARISTO,,G013
000169,GABANEURON-NT 200 1*10TAB,TAB.,5,0,0,0,0,190.54,952.7,225.46,171.78,0,INDCHEMIE HEALTH PRIMUS,,G014
000536,GABANEURON NT 300TAB 1*15TAB,TAB,7.9,0,0,0,0,305.08,2410.13,410,312.42,0,ARISTO,,G004
000001953,GABANTIN GRS 300 1*10,PCS,2,0,0,0,0,203.748,407.5,270.94,206.43,0,SUN,,G003
INTGA1101,GABAPIN 100MG TAB 1*10TAB,TAB,6,0,0,0,0,125.82,754.92,169.1,128.85,0,INTAS,,G001
ZZZ9031,GABAPIN 300MG CAP 1*15CAP,CAPS,5,0,0,0,0,263.0805,1315.4,392.34,298.96,0,INTAS,,G-007
INTGA4101,GABAPIN 400MG CAP 1*10CAP,CAP,2,0,0,0,0,245.55,491.1,330,251.46,0,INTAS,,G001
ZZZ4079,GABAPIN NT 100MG TAB 1*10TAB,TAB,16,0,0,0,0,106.589,1705.42,218.3,114.06,0,INTAS,,G001
ZZZ10272,GABAPIN NT 200 MG 1*15,TAB.,4,0,0,0,0,219.732,878.93,295.31,225.02,0,INTAS,,G001
HIFEN69,GABAPIN NT 300 TAB 1X10,TAB,1,0,0,0,0,219.4733,219.47,288.75,220.02,0,INTAS PHARMA AQUILA,,G001
ZZZ6712,GABAPIN NT 400MG TAB 1*15TAB,TAB,4,0,0,0,0,383.676,1534.7,515.63,392.91,0,INTAS,,G012
TORGA1101,GABATOR 100. 10 TABL,Pcs,5,0,0,0,0,69.484,347.42,92.4,70.4,0,TORRENT,,G013
ZZZ7760,GABATOR NT TAB 1*10TAB,TABS,3,0,0,0,0,255.043,765.13,342.8,261.18,0,TORRENT,,G012
HIFEN962,GABA Z NT 400/10,TAB.,1,0,0,0,0,274.96,274.96,365.62,278.58,0,SUN,,G011
000640,GALVAS MET-50/1000MG 1X10T,PCS,3,0,0,0,0,293.5033,880.51,420.75,300.57,0,AJANTA PHARMA ILLUMA,,G020
EPT TA6,GANATON TAB 1X10,TAB.,2,0,0,0,0,157.052,314.1,208.85,159.12,0,CADILA,,G009
ALLGAE101,GANFORT EYE DROP 3ML,Pcs,2,0,0,0,0,624.95,1249.9,831.04,633.18,0,ALLERGAN,,
NICGA6201,GARDENAL 60MG TAB 1*30TAB,TAB,4,0,0,0,0,151.602,606.41,201.6,153.6,0,ABBOTT,,
ZZZ3467,GARDENAL SYRUP. 100ML,PCS,3,0,0,0,0,39.36,118.08,52.34,39.88,0,ABBOTT,,
HIMGAS101,GASEX SYRUP 200ML,Pcs,1,0,0,0,0,101.17,101.17,140,104.3,0,HIMALAYA,,
HIMGAT101,GASEX TAB 100TAB,PCS,3,0,0,0,0,154.9233,464.77,206,156.96,0,HIMALAYA,,
ZZZ11061,GAS O FAST JEERA 1*120,TAB.,186.115,0,0,0,0,6.66,1239.53,10,6.66,0,MORISON,,
000404,GAS-O-FAST PLUS TABLETS 1*2TAB,TAB.,18,0,0,0,0,13.3,239.4,20,13.3,0,MACLEODS,,
BEGAT101,GASPAZ CAP 1*10CAP,CAP,2,0,0,0,0,28.36,56.72,37.31,28.43,0,BIOLOGICAL-E.LTD.,,G006
BIOGA1T01,GASPAZ-DS CAP 1*10CAP,CAP,2,0,0,0,0,52.525,105.05,69.11,52.66,0,BIOLOGICAL-E.LTD.,,G-006
MANGAD101,GASTICA DROP 15ML,Pcs,5,0,0,0,0,47.43,237.15,63.75,48.57,0,MANKIND,,
MANGAE501,GATIKIND E/D`  5ML,Pcs,3,0,0,0,0,68.1167,204.35,90.57,69.01,0,MANKIND,,
00001335,GB-29 SR TAB 1*10T,PCS,2,0,0,0,0,247.177,494.35,328.69,250.43,0,CORONA,,G006
ALKGEC101,GEMCAL CAP 1*15CAP,CAP,2,0,0,0,0,275.8965,551.79,391.88,298.59,0,ALKEM LAB.,,G007
ZZZ11204,GEMCAL D3 15CAP,TAB.,1,0,0,0,0,160.0005,160,217,160,0,CIPLA,,G004
ALKGEC102,GEMCAL DS CAP 1*15CAP,CAP,5,0,0,0,0,341.094,1705.47,479.06,365,0,ALKEM LAB.,,G015
ZZZ661,GEMCAL PLUS CAP 1*10CAP,CAP,6,0,0,0,0,317.087,1902.52,445.3,339.31,0,ALKEM (BERGEN),,
ALKGES101,GEMCAL SYRUP 120ML,PCS,3,0,0,0,0,161.1133,483.34,216.55,164.99,0,ALKEM LAB.,,
ZZZ10639,GEMCAL XT TAB 1*15,TAB.,2,0,0,0,0,189.87,379.74,255.2,194.44,0,ALKEM LAB.,,G015
SUNGE1101,GEMER 1MG TAB 1*10TAB,TAB,4,0,0,0,0,120.838,483.35,167.81,127.87,0,SUN,,G002
ZZZ11231,GEMER 1MG TAB 1*15TAB,TAB.,3,0,0,0,0,124.854,374.56,167.81,127.86,0,CIPLA,,G002
GEM,GEMER 2MG TAB 10X15,Pcs,9,0,0,0,0,170.788,1537.09,237.18,180.73,0,SUN,,G002
SUNGE2101,GEMER 2MG TAB 1*15TAB,TAB,1,0,0,0,0,164.5905,164.59,216.56,165,0,SUN,,G002
SUNGED101,GEMER DS 1MG TAB 1*10TAB,TAB,2,0,0,0,0,126.825,253.65,166.87,127.14,0,SUN,,G002
SUNGED201,GEMER DS 2MG TAB 1*10TAB,TAB,4,0,0,0,0,190.253,761.01,253,192.76,0,SUN,,G002
SUNGED301,GEMER DS 3MG TAB 1*10TAB,TAB,7,0,0,0,0,123.532,864.72,171.56,130.72,0,SUN,,G002
SUNGEF101,GEMER FORTE 1 TAB 1*10TAB,TAB,5,0,0,0,0,76.96,384.8,106.88,81.44,0,SUN,,G002
SUNGEP101,GEMER P 1MG TAB 1*10TAB,TAB,4,0,0,0,0,118.44,473.76,157.5,120,0,SUN,,G020
SUNGEP102,GEMER P 2MG TAB 1*10TAB,TAB,4,0,0,0,0,162.856,651.42,216.56,165,0,SUN,,G020
MACGE1T01,GEMINOR 1MG TAB 1*10TAB,TAB,6,0,0,0,0,29.362,176.17,39.47,30.07,0,MACLEODS,,G019
ZZZ4393,GEMINOR M1 FORTE TAB 1*15,TAB,5,0,0,0,0,128.676,643.38,171.09,130.37,0,MACLEODS,,G012
MACGE1101,GEMINOR-M 1MG TAB 1*10TAB,TAB,36,0,0,0,0,113.029,4069.04,151.88,115.75,0,MACLEODS,,G005
ZZZ4489,GEMINOR M 1MG TAB 1*15,TAB,9,0,0,0,0,124.2885,1118.6,167.05,127.28,0,MACLEODS,,G003
MACGEEF01,GEMINOR M2 FORTE TAB 1*10TAB,TAB,3,0,0,0,0,176.803,530.41,235.11,179.13,0,MACLEODS,,
ZZZ4198,GEMINOR M2 FORTE TAB 1*15TAB,TAB,3.7,0,0,0,0,153.0885,566.43,213.75,162.86,0,MACLEODS,,G001
ZZZ2518,GEMINOR M 2 TAB 1*10,TAB,5,0,0,0,0,172.468,862.34,231.81,176.62,0,MACLEODS,,G009
MACGE2101,GEMINOR-M 2 TAB 1*15TAB,TAB,1,0,0,0,0,156.817,156.82,210.75,160.59,0,MACLEODS,,G009
000000283,GEMINOR-M3 1*10TAB,TAB.,6,0,0,0,0,136.182,817.09,183.04,139.46,0,PFIZER,,G019
ZZZ9412,GEMINOR M3 FORTE TAB 1*15TAB,TABS,7,0,0,0,0,185.2815,1296.97,249.04,189.74,0,MACLEODS,,G008
001971,GEMINOR-M4 1*10TAB,TAB.,5,0,0,0,0,154.83,774.15,205.89,156.87,0,INTAS,,G003
00000328,GEMINOR M4 FORTE 1*15T,TAB.,5,0,0,0,0,195.6495,978.25,262.97,200.36,0,MACLEODS,,G009
MAPMAC112,GEMINOR MP 1 TAB 1*15TAB,TABS,5,0,0,0,0,158.82,794.1,213.46,162.64,0,MACLEODS,,G009
ZZZ9344,GEMINOR MP 2MG TAB 1*15TAB,TABS,2,0,0,0,0,219.81,439.62,295.44,225.1,0,MACLEODS,,G002
1340,GEMINOR-MS-1/50/1000MG TAB 1X1 1*10,PCS,4,0,0,0,0,112.25,449,150.87,114.95,0,CIPLA,,G020
000252,GEMINOR MS 2 50/1000 1*10TAB,TAB.,5,0,0,0,0,128.8033,644.02,171.28,130.5,0,INDCHEMIE HEALTH PRIMUS,,G013
000441,GEMISTAR-D3 STRONG 1*10CAP,TAB.,19,0,0,0,0,75,1425,234,75,0,ARISTO,,
000654, GEMISTAR K2-7 1*15CAP,TAB.,13,0,0,0,0,70,910,275,70,0,PANACEA  8,,
GLEN339,GEMSOLINE CAP 1*15,TAB.,4,0,0,0,0,40.0005,160,294.5,40,0,MEDLEY,,
MACGE6401,GEN D3 60K CAP 1*4CAP,CAP,2,0,0,0,0,95.796,191.59,127.4,97.06,0,MACLEODS,,G015
000546,GENTICYN 80MG INJ,TAB.,49,0,0,0,0,4.3,210.7,11.04,4.3,0,SUN,,
MEDGE1101,GEPRIDE 1MG TAB 1*10TAB,TAB,15,0,0,0,0,29.218,438.27,38.44,29.29,0,MEDLEY,,G005
MEDGE2101,GEPRIDE 2MG TAB 1*10TAB,TAB,9,0,0,0,0,43.72,393.48,61.03,46.51,0,MEDLEY,,G005
ZZZ4637,GEPRIDE M 0.5 TAB 1*10TAB,TABS,6,0,0,0,0,55.797,334.78,75,57.14,0,MEDLEY,,G019
MEDGEF101,GEPRIDE M1 FORTE 1*10,TAB,12,0,0,0,0,85.863,1030.36,112.97,86.08,0,MEDLEY,,G005
MEDGEF102,GEPRIDE M2 FORTE TAB 1*10,TAB,12,0,0,0,0,116.488,1397.86,156.57,119.29,0,MEDLEY,,G003
MEDGEM201,GEPRIDE M 2 TAB 1*10TAB,TAB,11,0,0,0,0,110.247,1212.72,148.13,112.9,0,MEDLEY,,G003
ZZZ4579,GEPRIDE M3 FORTE TAB 1*10TABS,TABS,5,0,0,0,0,116.328,581.64,154.69,117.86,0,MEDLEY,,G003
ZZZ4860,GEPRIDE M-3 TAB 1*10TABS,TABS,19,0,0,0,0,116.809,2219.37,157,119.62,0,MEDLEY,,G003
000375,GEPRIDE-MS FORTE 1MG TAB 1X10 1*10,PCS,5,0,0,0,0,86.3133,431.57,116.02,88.39,0,CIPLA,,G0019
1392,GEPRIDE MS FORTE 2 TAB 1*10,TAB.,7,0,0,0,0,95.209,666.46,127.97,97.5,0,CIPLA,,G006
ALEGEE101,GERIFLO D TAB 30TAB,PCS,3,0,0,0,0,790.38,2371.14,1073.76,818.2,0,ALEMBIC,,
ZZZ2450,GERIPOD 8MG CAP 1*10CAP,CAP,3,0,0,0,0,266.963,800.89,354.98,270.48,0,ALEMBIC,,G003
ZZZ2446,GERIPOD D CAP 1*10CAP,CAPS,6,0,0,0,0,383.91,2303.46,550.35,393.15,0,ALEMBIC,,G003
ZZZ2558,GEROZ-LP TAB 1*10TAB,TAB,3,0,0,0,0,232.15,696.45,312,237.74,0,ALNICHE LIFE SCINCES,,G004
SRIGF1T01,G-FOLVIN-LB TAB 1*10,STRP,15,0,0,5,1,30.35,455.25,48.94,37.29,0,SRINIVAS,,G005
000048,G-FOLVIN MOUTH PANT 10G,TAB.,6,0,0,0,0,34.456,206.74,45.94,34.91,0,SHRINIVAS(GUJARAT)LAB,,
ZZZ11184,G-FOLVIN RF TAB 1X10,TAB.,5,0,0,0,0,26.472,132.36,35.59,27.11,0,CIPLA,,G017
SHRGFS201,G-FOLVIN SYRUP 300ML,PCS,2,0,0,0,0,130.4233,260.85,173.44,132.14,0,SHRINIVAS(GUJARAT)LAB,,
00001123,GINETTE 35MG TAB 1*21T,MPC,3,0,0,0,0,372.9201,1118.76,526.24,400.99,0,CIPLA,,L006
DRRGL1301,GLA 120MG CAP 1*30CAP,CAP,6,0,0,0,0,510.063,3060.38,678.28,516.78,0,DR REDDYS,,G015
NICGL2101,GLIMER 2 TAB 1*10TAB,TAB,10,0,0,0,0,29.578,295.78,39.75,30.29,0,ABBOTT,,G013
MANGL1T01,GLIMESTAR-1 TAB 1*10TAB,TAB,6,0,0,0,0,23.77,142.62,31.94,24.34,0,MANKIND,,G014
GLM2,GLIMESTAR 2MG TAB 10X10,Pcs,12,0,0,0,0,29.5775,354.93,39.75,30.29,0,MANKIND (DISCOVERY),,G014
MANGLF101,GLIMESTAR M1 FORTE TAB 1*10TAB,TAB,6,0,0,0,0,206.912,1241.47,278.1,211.89,0,MANKIND,,G001
MANGL1T03,GLIMESTAR M1 TAB 1*10TAB,TAB,6,0,0,0,0,56.317,337.9,74.89,57.06,0,MANKIND,,G014
MANGLF102,GLIMESTAR M2 FORTE TAB 1*10TAB,TAB,6,0,0,0,0,261.022,1566.13,347.1,264.46,0,MANKIND,,G014
GL2,GLIMESTAR M2 TAB 1X10,Pcs,7,0,0,0,0,120.315,842.21,161.71,123.21,0,MANKIND (DISCOVERY),,G014
GLP2,GLIMESTAR PM 2 TAB 6X10,Pcs,24,0,0,0,0,95.8933,2301.44,128.89,98.2,0,MANKIND (DISCOVERY),,G014
ARIGL1101,GLIMIPREX 1MG TAB 1*10TAB,TAB,6,0,0,0,0,29.362,176.17,39.47,30.07,0,ARISTO,,G012
ZZZ11185,GLIMIPREX MF 1/500MG TAB 1X15,TAB.,3,0,0,0,0,90.8235,272.47,122,93.01,0,CIPLA,,G016
ZZZ11186,GLIMIPREX MF 2/500MG TAB 1X15,TAB.,9,0,0,0,0,124.0755,1116.68,165,125.71,0,CIPLA,,G017
TETS82,GLIMIPREX MF 4/500MG TAB 1 X10,TAB.,3,0,0,0,0,83.2133,249.64,111.84,85.22,0,NICHOLAS,,G012
ARIGLM101,GLIMIPREX MF FORTE 1/1000MG 1*10TAB,TAB,19,0,0,0,0,64.136,1218.58,86.2,65.68,0,ARISTO,,G011
TETS84,GLIMIPREX MF FORTE 2MG TAB 1X1,TAB.,4,0,0,0,0,77.418,309.67,104.06,79.28,0,NICHOLAS,,G011
000003081,GLIMIPREX SM FORTE 2 TAB 1X10 1*10,PCS,4,0,0,0,0,97.65,390.6,131.25,100,0,BIOLOG,,G014
ELSGL2101,GLIMISAVE 2MG TAB 1*10TAB,TAB,12,0,0,0,0,46.091,553.09,61.95,47.2,0,ERIS LIFE SCIENCES,,
HIFEN860,GLIMSER-1MG TAB 1X15 1*15,PCS,3,0,0,0,0,104.835,314.51,140.91,107.36,0,INDCHEMIE HEALTH PRIMUS,,G008
ZZZ9288,GLIPON 20MG TAB 1*10TAB,TABS,5,0,0,0,0,75.573,377.87,101.58,77.39,0,OTSIRA(GENETICA),,G009
ZZZ9289,GLIPON MF 20/500MG TAB 1*10TAB,TABS,5,0,0,0,0,136.03,680.15,182.81,139.3,0,OTSIRA(GENETICA),,G001
ZZZ10483,GLIPON MF TAB 1*10,TAB.,1,0,0,0,0,133.947,133.95,178.12,135.71,0,PURE AND CURE HEALTHCARE PVT.LTD.,,G009
000003687,GLIPTAGREAT D10 1*15TAB,TAB.,5,0,0,0,0,145.0217,725.11,192.84,146.93,0,SUN,,G014
000000285,GLIPTAGREAT DM-500 1*10TAB,TAB.,5,0,0,0,0,136.555,682.78,183.54,139.84,0,PFIZER,,G012
000036,GLIPTAGREAT M 500 1*10,TAB.,6,0,0,0,0,63.295,379.77,84.17,64.13,0,MANKIND,,G007
ZZZ6825,GLISEN MF FORTE 1MG TAB 1*15TAB,TABS,10,0,0,0,0,142.8975,1428.98,190.03,144.78,0,ALEMBIC,,G001
ZZZ8887,GLISEN PM 1MG TAB 1*15TAB,TABS,6,0,0,0,0,160.905,965.43,216.28,164.78,0,ALEMBIC,,G014
ZZZ5952,GLISEN PM 2MG TAB 1*15TAB,TAB,4,0,0,0,0,234.9855,939.94,315.84,240.64,0,ALEMBIC,,G003
00000359,GLISEN VM2 1*10T,TAB.,4,0,0,0,0,191.61,766.44,257.53,196.22,0,DABUR,,G007
1167,GLITARAY 2MG TAB 1X10,PCS,5,0,0,0,0,46.42,232.1,61.72,47.03,0,CIPLA,,G019
PB8GL4101,GLIZID 40MG TAB 1*10TAB,TAB,3,0,0,0,0,28.187,84.56,37.49,28.56,0,PANACEA BIOTECH,,
PB8GL8101,GLIZID 80MG TAB 1*15TAB,TAB,3,0,0,0,0,65.559,196.68,87.18,66.42,0,PANACEA BIOTECH,,G009
PA8GLM101,GLIZID M TAB 1*15TAB,TAB,9,0,0,0,0,163.9005,1475.1,217.95,166.06,0,PANACEA  8,,G007
000000282,GLIZID XR-60 1*10TAB,TAB.,6,0,0,0,0,135.3583,812.15,179.99,137.14,0,PFIZER,,G016
00001019,GLOVES 6.5 SURGICARE 1*1,PCS,22,0,0,0,0,18.9732,417.41,97,18.07,0,KANAM LATEX,,
TETS132,GLOVES 7 NO,TAB.,19,0,0,0,0,18.9732,360.49,97,18.07,0,NICHOLAS,,
000004801,GLUCO D ORANGE 400G,TAB.,1,0,0,0,0,165,165,209,165,0,ASTRA ZENECA,,
ALLGL0E01,GLUCOMOL 0.5% EYE DROP 5ML,Pcs,6,0,0,0,0,58.565,351.39,71.51,58.71,0,ALLERGAN,,
HELGLFS01,GLUCON-D * 100 GM,Pcs,2,0,0,0,0,32,64,40,32,0,HEILEN LAB,,8901542011580
USV163,GLUCON-D 250GM,TAB.,2,0,0,0,0,61,122,85,61,0,USV PRIVATE LTD.,,
A00662,GLUCON-D LIQUID 200ML,TAB.,7,0,0,0,0,22,154,45,22,0,USV LIMITED.,,
000004799,GLUCON D ORANGE 125G,TAB.,4,0,0,0,0,51.5,206,55,51.5,0,ASTRA ZENECA,,
ZZZ10797,GLUCON D ORANGE 200GM,TAB.,2,0,0,0,0,78.33,156.66,99,78.33,0,NESTLE,,
000004803,GLUCON D REGULAR 1KG,TAB.,2,0,0,0,0,212.5,425,269,212.5,0,ASTRA ZENECA,,
HEIGLDJ02,GLUCON D REGULAR JAR 200GM,PCS,4,0,0,0,0,61.62,246.48,79,61.62,0,HEINZ,,
ZZZ2509,GLUCONORM G1 FORTE TAB 1*15TAB,TAB,7,0,0,0,0,180.294,1262.06,242.3,184.63,0,LUPIN,,G006
LUPGLGF02,GLUCONORM G1 TAB 1*15TAB,TAB,5,0,0,0,0,172.85,864.25,232.3,177.01,0,LUPIN,,G002
LUPGLG101,GLUCONORM G 1 TAB 1*15TAB,TAB,3,0,0,0,0,174.7185,524.16,232.31,177.02,0,LUPIN,,G002
LUPGLGF03,GLUCONORM G2 FORTE TAB 1*15TAB,TAB,6,0,0,0,0,210.7995,1264.8,283.3,215.87,0,LUPIN,,G019
LUPGLG201,GLUCONORM G 2 TAB 1*15TAB,TAB,10,0,0,0,0,243.3525,2433.53,327.05,249.21,0,LUPIN,,G012
LUPGL3102,GLUCONORM G 3 TAB 1*10TAB,TAB,3,0,0,0,0,241.313,723.94,324.35,247.12,0,LUPIN,,G008
ZZZ5319,GLUCONORM G 4 TAB 1*10TAB,TAB,5,0,0,0,0,221.76,1108.8,294.9,224.68,0,LUPIN,,G011
GLA073,GLUCONORM-GS 2MG TAB 1X15,PCS,2,0,0,0,0,114.39,228.78,153.75,117.14,0,GLAXOS,,G008
LUPGLP103,GLUCONORM P 15MG TAB 1*10TAB,TAB,7,0,0,0,0,124.816,873.71,167.75,127.82,0,LUPIN,,G012
LUPGLP102,GLUCONORM-PG 1MG TAB 1*10TAB,TAB,8,0,0,0,0,197.792,1582.34,265.73,202.55,0,LUPIN,,G0018
HIFEN679,GLUCONORM PG2 1X15 1*10,PCS,1,0,0,0,0,268.879,268.88,361.35,275.35,0,INDCHEMIE HEALTH PRIMUS,,G005
LUPGLP202,GLUCONORM PG 2MG TAB 1*15TAB,TAB,5,0,0,0,0,295.734,1478.67,397.45,302.85,0,LUPIN,,G005
6079,GLUCONORM SR 1 GM 1x15,TAB,5,0,0,0,0,48.7275,243.64,64.8,49.37,0,LUPIN,,G008
LUPGLS101,GLUCONORM SR 500MG TAB 1*15,TAB,9,0,0,0,0,24.2505,218.25,32.25,24.57,0,LUPIN,,G0016
ZZZ3967,GLUCONORM SR 850MG TAB 1*10TAB,TAB,10,0,0,0,0,49.637,496.37,66,50.29,0,LUPIN,,G005
000062,GLUCONORM ZXR 60 1*15,TAB.,4,0,0,0,0,179.118,716.47,240.75,183.43,0,LUPIN,,G007
MORGLOM01,GLUCO ONE MACHINE BG-03`,Pcs,1,0,0,0,0,500,500,620,500,0,MORPEN,,
JEECL1T19,GLUCOPLUS C ORANG 1 KG,PHYL,2,0,0,0,0,286.3,572.6,409,286.3,0,DABUR,,
ALKGL1101,GLUCORYL 1MG TAB 1*10TAB,TAB,7,0,0,0,0,29.688,207.82,39.48,30.08,0,ALKEM LAB.,,G009
ZZZ6879,GLUCORYL M 1 FORTE TAB 1*15TAB,TAB,1,0,0,0,0,137.277,137.28,184.5,140.58,0,ALKEM LAB.,,G009
ZZZ7236,GLUCORYL M 1 TAB 1*15TAB,TABS,4,0,0,0,0,142.6635,570.65,191.75,146.1,0,ALKEM LAB.,,G019
HIFEN987,GLUCORYL M2 1*15TAB,TAB.,3,0,0,0,0,186.56,559.68,250.75,191.05,0,SUN,,G010
ZZZ5746,GLUCORYL M 2 FORTE TAB 1*15TAB,TAB,7,0,0,0,0,165.9705,1161.79,235.75,179.62,0,ALKEM LAB.,,G008
ZZZ10638,GLUCORYL M3 1*15,TAB.,10,0,0,0,0,139.5045,1395.05,187.5,142.86,0,MICRO,,G008
00000509,GLUCORYL M3 FORTE 1*15T,TAB.,3,0,0,0,0,189.0105,567.03,254.05,193.56,0,ALKEM LAB.,,G008
0000840,GLUCORYL MD 2 FORTE 1*10,TAB.,4,0,0,0,0,136.0067,544.03,182.8,139.28,0,MACLEODS,,G009
ZZZ7480,GLUCORYL MP 2 TAB 1*15TAB,TABS,3,0,0,0,0,217.6245,652.87,292.5,222.86,0,ALKEM (BERGEN),,G008
000005854,GLUCORYL MV 1/0.3MG TAB 1X15,PCS,4,0,0,0,0,198.5275,794.11,264,201.14,0,TORRENT PHARMA SPECTRA,,G014
ZZZ7635,GLUCORYL MV 1MG TAB 1*15TAB,TABS,8,0,0,0,0,218.6385,1749.11,290.75,221.52,0,ALKEM LAB.,,G009
ZZZ5811,GLUCORYL MV 2MG TAB 1*15TAB,TAB,8,0,0,0,0,260.8335,2086.67,346.85,264.27,0,ALKEM LAB.,,G017
A00450,GLUCORYL MV FORTE 2 1*15TAB,TAB.,1,0,0,0,0,105.57,105.57,140.38,106.96,0,USV PRIVATE LTD.,,G0013
001973,GLUCRETA-10 1*10TAB,TAB.,3,0,0,0,0,126.6367,379.91,170.2,129.68,0,INTAS,,G003
ZZZ10809,GLUVILDA D10 1*10,TAB.,10,0,0,0,0,173.533,1735.33,242.3,184.61,0,ALKEM LAB.,,G020
ZZZ10758,GLUVILDA M1000 1*15,TAB.,1,0,0,0,0,84.2235,84.22,112,85.33,0,NESTLE,,G006
001987,GLUVILDA M500 1*15TAB,TAB.,2,0,0,0,0,94,188,156.05,94,0,INTAS,,
1266,GLUXIT PRO TAB 1X15 1*15,PCS,3,0,0,0,0,197.7433,593.23,262.96,200.35,0,CIPLA,,
ARIGLMS01,GLYCIGON M SR TAB 1*10TAB,TAB,6,0,0,0,0,89.28,535.68,120,91.43,0,ARISTO,,G001
ARIGLM103,GLYCIGON M TAB 1*10TAB,TAB,3,0,0,0,0,78.462,235.39,105.46,80.35,0,ARISTO,,G013
IPCGL4101,GLYCINORM 40MG TAB 1*10TAB,TAB,2,0,0,0,0,76.36,152.72,101.53,77.36,0,IPCA,,G017
IPCGL8101,GLYCINORM 80MG TAB 1*10TAB,TAB,5,0,0,0,0,125.736,628.68,168.98,128.76,0,IPCA,,G017
FRAGLGF01,GLYCIPHAGE G1 FORTE TAB 1*10TAB,TAB,10,0,0,0,0,78.124,781.24,110.96,84.55,0,FRANCO-INDIAN,,
FRAGLG101,GLYCIPHAGE G1 TAB 1*10TAB,TAB,19,0,0,0,0,61.65,1171.35,87.56,66.72,0,FRANCO-INDIAN,,G014
FRAGLG102,GLYCIPHAGE G2 TAB 1*10TAB,TAB,20,0,0,0,0,98,1960,139.19,106.06,0,FRANCO-INDIAN,,G014
GLY1,GLYCIPHAGE SR 1GM TAB 10X10,Pcs,18,0,0,0,0,32.039,576.7,43.07,32.81,0,FRANCO-INDIAN PHARMA LTD,,G015 RC10
FRAGLS102,GLYCIPHAGE SR 500MG TAB 1*10TAB,TAB,5,0,0,0,0,19.804,99.02,26.62,20.28,0,FRANCO-INDIAN,,G014
MICRO626,GLYCO 12,TAB.,2,0,0,0,0,245.55,491.1,330,251.46,0,DR REDDYS,,
MICGL6C01,GLYCO 6 CREAM 30 GM,Pcs,1,0,0,0,0,181.4717,181.47,243.38,185.84,0,MICRO LAB,,
1386,GLYCOHALE FB TAB,TAB.,3,0,0,0,0,157.56,472.68,209.51,159.64,0,CIPLA,,G016
INTGL1101,GLYCOLATE 1 TAB 1*10TAB,TAB,5,0,0,0,0,82.482,412.41,109.69,83.57,0,INTAS,,G003
USVGL1102,GLYCOMET 1GM TAB 1*15TAB,TAB,9,0,0,0,0,46.911,422.2,63.05,48.04,0,USV,,G007
3323,GLYCOMET 500MG 1*10TAB,TAB.,4,0,0,0,0,14.806,59.22,19.46,14.84,0,BIOLOG,,G019
ZZZ10620,GLYCOMET 500 SR 1*20,TAB.,5,0,0,0,0,31.565,157.83,41.97,31.98,0,ABBOTT,,G007
USVGL8101,GLYCOMET 850MG TAB 1*10TAB,TAB,11,0,0,0,0,33.696,370.66,44.81,34.14,0,USV,,G-06
AMT10,GLYCOMET 850 SR,TAB.,3,0,0,0,0,39.06,117.18,52.5,40,0,OTSIRA GENETICA,,G-07
ZZZ3931,GLYCOMET GP 0.5MG FORTE TAB 1*10TAB,TAB,5,0,0,0,0,58.83,294.15,83.02,63.26,0,USV,,G011
USVGLG103,GLYCOMET GP 0.5MG TAB 1*10TAB,TAB,9,0,0,0,0,66.148,595.33,88.88,67.74,0,USV,,G010
ZZZ10266,GLYCOMET GP1 FORTE 1*10 TAB,TAB.,10,0,0,0,0,71.982,719.82,95.72,72.93,0,PURE AND CURE HEALTHCARE PVT.LTD.,,G010
USVGLG102,GLYCOMET GP 1MG TAB 1*15TAB,TAB,9,0,0,0,0,91.722,825.5,123.28,93.93,0,USV,,G002
ZZZ8691,GLYCOMET GP 2/850MG TAB 1*10,TAB.,8,0,0,0,0,76.7,613.6,102,77.71,0,CHARAK PHARMA,,G-018
USVGLG202,GLYCOMET GP 2 FORTE TAB 1*10TAB,TAB,11,0,0,0,0,85.932,945.25,115.5,88,0,USV,,G016
USVGLG201,GLYCOMET GP 2  TAB 1*15TAB,TABS,4,0,0,0,0,133.9185,535.67,180,137.14,0,USV,,G018
USVGL3101,GLYCOMET GP 3/850MG TAB 1*10TAB,TAB,5,0,0,0,0,125.276,626.38,168.38,128.29,0,USV,,L002 MAIN
USVGLG301,GLYCOMET GP3 FORTE 1*10 TAB,TAB,4,0,0,0,0,82.485,329.94,122.85,87.75,0,USV,,G010
USVGLG401,GLYCOMET GP4 FORTE TAB 1*10TAB,TAB,8,0,0,0,0,98.353,786.82,132.19,100.72,0,USV,,G010
MANF34,GLYCOMET TAB 1*10,TAB.,5,0,0,0,0,14.58,72.9,19.59,14.93,0,MANKIND(SPL),,AB-06
ZZZ8520,GLYCOMET TRIO 1/0.3MG TAB 1*10,TABS,5,0,0,0,0,119.658,598.29,160.83,122.54,0,USV,,G010
ZZZ8320,GLYCOMET TRIO 1/0.3MG TAB 1*10TAB,TABS,5,0,0,0,0,120.948,604.74,160.83,122.54,0,USV,,
GLEN330,GLYCOMET TRIO 1 MG 1*10,PCS,2,0,0,0,0,119.3786,238.76,160.45,122.25,0,USV,,G001
USVGL2102,GLYCOMET TRIO 2MG TAB 1*10TAB,TAB,8,0,0,0,0,157.354,1258.83,211.5,161.14,0,USV,,G003
ZZZ2515,GLYCOMET TRIO FORTE 1MG TAB 1*10TAB,TAB,2,0,0,0,0,113.785,227.57,149.72,114.07,0,USV,,G018
ZZZ549,GLYCOMET TRIO FORTE 2MG TAB 1*10TAB,TAB,5,0,0,0,0,156.862,784.31,208.59,158.93,0,USV,,G014
MANGLL102,GLYKIND M TAB 1*10TAB,TAB,9,0,0,0,0,68.971,620.74,92.7,70.63,0,MANKIND,,G003
USVGL5102,GLYNASE 5MG TAB 1*10TAB,TAB,3,0,0,0,0,7.631,22.89,10.03,7.65,0,USV,,G017
USVGLL101,GLYNASE MF TAB 1*10TAB,TAB,17,0,0,0,0,15.654,266.12,20.81,15.86,0,USV,,G013
IPCGL3102,GLYREE 3 TAB 1*10TAB,TAB,6,0,0,0,0,102.796,616.78,136.69,104.15,0,IPCA,,G007
000482,GLYROSE 50ML,TAB.,1,0,0,0,0,35,35,70,35,0,UNICHEM,,
INTGO4101,GOLBI SR 450MG TAB 1*10TAB,TAB,1.5,0,0,0,0,708.375,1062.56,942,717.71,0,INTAS,,G009
HIFEN934,GOLDEN BULLET 1*8TAB,TAB.,3,0,0,0,0,80,240,240,80,0,SUN,,
000650,GOOD KNIGHT COMBO,TAB.,4,0,0,0,0,99,396,110,99,0,PANACEA  8,,
USVGP0101,GP 0.5MG TAB 1*10TAB,TAB,3,0,0,0,0,51.572,154.72,68.58,52.25,0,USV,,G015
USVGP1101,GP 1 TAB 1*10TAB,TAB,6,0,0,0,0,29.375,176.25,39.48,30.08,0,USV,,G013
USVGP2101,GP 2 TAB 1*10TAB,TAB,11,0,0,0,0,46.09,506.99,61.95,47.2,0,USV,,G013
MICGR1102,GRAMOCEF-O 100 SYP,Pcs,5,0,0,0,0,57.533,287.67,76.5,58.29,0,MICRO,,
STAGRS601,GRAMOGYL SYP 60 ML,Pcs,7,0,0,0,0,24.15,169.05,32.13,23,0,REXCIN PHARMACEUTICALS,,
00001352,GRANDPRIDE MV 1MG TAB 1*10T,PCS,6,0,0,0,0,70.372,422.23,93.58,71.3,0,GRANDCURE HEALTHCARE,,G003
JEECL1T21,GRANDPRIDE MV2 TAB 1*10TAB,TABS,3,0,0,0,0,102.647,307.94,136.5,104,0,GRANDCURE HEALTHCARE,,G003
000177,GRANDSTAT GOLD CAPSULE 1*10,TAB.,2,0,0,0,0,104.585,209.17,123.75,94.29,0,INDCHEMIE HEALTH PRIMUS,,G001
TETS135,GRD CHOCLATE POWDER 400GM,TAB.,1,0,0,0,0,506.0667,506.07,611.76,512.73,0,NICHOLAS,,
KAAGRT101,GRENIL TAB 1*10TAB,TAB,2,0,0,0,0,36.265,72.53,48.75,37.14,0,KARNATAKA ANTIBIOTICS,,G001
00000504,GRILINCTUS BM DROP 1*30ML,TAB.,4,0,0,11,1,37.8183,151.27,54.28,41.36,0,FRANCO-INDIAN,,
FRAGRS102,GRILINCTUS BM SYRUP 100ML,Pcs,3,0,0,11,1,81.8533,245.56,120,91.44,0,FRANCO-INDIAN,,
FRAGRS101,GRILINCTUS DX SYRUP. 100ML,PCS,3,0,0,5,1,88.4533,265.36,142.65,108.69,0,FRANCO-INDIAN,,
ZZZ8500,GRILINCTUS LS-SUSP 100ML,PHYL,1,0,0,11,1,86.8017,86.8,124.59,94.93,0,LABORATOIRES GRIFFON PVT LTD,,
NICGTS201,GTN SORBITRATE CR 2.6MG TAB 30TAB,PCS,5,0,0,0,0,230.972,1154.86,313.78,239.1,0,ABBOTT,,
NICGTS601,GTN SORBITRATE CR 6.4MG TAB 30TAB,PCS,2,0,0,0,0,313.0267,626.05,420.69,320.56,0,ABBOTT,,
CIP036,GUBB 2 IN 1 TOOTH PICKS 50,TAB.,1,0,0,0,0,80.5025,80.5,115,97.46,0,CIPLA,,
ZZZ10919,GUBB 7 DAYS PILL MEDECINE BOX BOX,TAB.,2,0,0,0,0,87.5,175,125,105.93,0,GUBB,,STAND
ZZZ11136,GUBB ALL PURPOSE SESSIOR MEDIU POUCH,TAB.,4,0,0,0,0,89.295,357.18,135,114.41,0,GUBB,,DISPLAY
ZZZ10927,GUBB COTTON PADFS EMBOSED 50S,TAB.,2,0,0,0,0,65.635,131.27,93.75,89.29,0,GUBB,,STAND
ZZZ11144,GUBB LOSE LOOFAH POUCH,TAB.,2,0,0,0,0,49.834,99.67,80,67.8,0,GUBB,,DISPLAY
ZZZ11145,GUBB LUXE SPONGE ROUND CORAL POUCH,TAB.,4,0,0,0,0,214.8917,859.57,345,292.37,0,GUBB,,DISPLAY
ZZZ11147,GUBB NAIL CLIPER BOX POUCH,TAB.,2,0,0,0,0,214.8917,429.78,345,292.37,0,GUBB,,DISPLAY
000093,GUBB NAIL CLIPPER,TAB.,2,0,0,0,0,48,96,80,48,0,INCA,,
000484,GUBB TONGE CLEANER PLASTIC,TAB.,1,0,0,0,0,39,39,65,39,0,UNICHEM,,
MANGU1T03,GUDCEF-100MG TAB 1*10TAB,TAB,6,0,0,0,0,103.398,620.39,149.99,104.76,0,MANKIND,,G004
ZZZ6407,GUDCEF CV 200MG TAB 1*10TAB,TAB,5.2,0,0,5,1,216.192,1124.2,344.99,262.85,0,MANKIND,,G0016
MANGUS101,GUDCEF DRY SYP 30ML,Pcs,4,0,0,0,0,71.082,284.33,103.12,72.02,0,MANKIND,,
MANGUX201,GUDPRES XL 25MG CAP 1*10CAP,CAP,15,0,0,0,0,32.81,492.15,44.1,33.6,0,MANKIND,,G003
MANGUX501,GUDPRES XL 50MG CAP 1*10CAP,CAP,9,0,0,0,0,46.168,415.51,62.05,47.28,0,MANKIND,,G003
USV140,GULABARI JAL 18ML,TAB.,10,0,0,0,0,8.66,86.6,0,8.66,0,USV PRIVATE LTD.,,
USV141,GULABARI JAL 59 ML,TAB.,4,0,0,0,0,26,104,0,26,0,USV PRIVATE LTD.,,
3250,GUTRIC TAB 100MG,TAB.,2,0,0,0,0,96,192,160,96,0,BIOLOG,,
HIFEN971,GYPSOSOFTORTHOPEDIC BANDAGE,TAB.,2,0,0,0,0,110,220,230,110,0,SUN,,
USV136,HAJMOLA JAR REGULAR,TAB.,1,0,0,0,0,150,150,170,150,0,USV PRIVATE LTD.,,
ZZZ2751,HALOTOP-S OINT 30GM,PCS,2,0,0,0,0,285.3767,570.75,379.5,289.14,0,IPCA,,
GLEHAC101,HALOVATE F CREAM 30GM,PCS,1,0,0,0,0,241.28,241.28,324.27,247.09,0,GLENMARK,,
ZZZ2761,HALOVATE-S OINT 10GM,PCS,2,0,0,0,0,306.26,612.52,411.59,313.63,0,GLENMARK,,
ZZZ10466,HANSAPLAST 100 1*140,TAB.,139.32,0,0,0,0,1.05,146.29,250,1,0,PURE AND CURE HEALTHCARE PVT.LTD.,,
0603,HAPPIBIOTIC CAP 1X5,PCS,3,0,0,0,0,116.8733,350.62,155.41,118.41,0,AAREEN PHARMA,,
ZZZ6868,HCQS 200MG TAB 1*15TAB,TABS,7,0,0,0,0,76.2855,534,102.53,78.12,0,IPCA,,H001
IPCHC3101,HCQS 300MG TAB 1*10TAB,TAB,3,0,0,0,0,236.465,709.4,314.44,239.58,0,IPCA,,H001
IPCHC1T01,HCQS 400MG TAB 1*10TAB,TAB,8,0,0,0,0,166.29,1330.32,221.12,168.48,0,IPCA,,H001
ZZZ6653,HEALTH OK TAB 1*15TAB,TABS,15,0,0,0,0,56.5005,847.51,106.78,56.5,0,MANKIND,,
MAGHEO301,HEALTH OK WOMEN 1*10TAB,TAB,12,0,0,0,0,75,900,140,75,0,MAGNUM,,H004
RASHIC101,HEIGHT GROW CAP+ 10 TABL,Pcs,1,0,0,0,0,180,180,600,180,0,RATAN AYURVEDIC SANSTHAN,,
ZZZ11062,HELOKIND GEL 11GM 1*1,TAB.,4,0,0,0,0,39.5,158,74,39.5,0,MORISON,,
ALKHEC301,HEMFER CAP 1*30CAP,CAPS,4.24,0,0,0,0,129.003,546.97,171.55,130.7,0,ALKEM LAB.,,H002
ZZZ5900,HEMFER DROP 15ML,PHYL,2,0,0,0,0,67.31,134.62,90.47,68.93,0,ALKEM LAB.,,
ALKHE5M01,HEMFER-INJ 5ML,Pcs,7,0,0,1,1,114.066,798.46,306.63,233.62,0,ALKEM LAB.,,
HIFEN862,HEMFER-KID SYP 100ML 1X100ML 1*100 ML,PCS,3,0,0,0,0,102.2333,306.7,135.94,103.58,0,INDCHEMIE HEALTH PRIMUS,,
ZZZ4562,HEMFER KID SYRUP 60ML,PHIS,3,0,0,0,0,101.1433,303.43,135.9,103.58,0,ALKEM LAB.,,
ALKHES301,HEMFER SYRUP 225ML,PCS,1,0,0,5,1,124.3817,124.38,200.6,152.85,0,ALKEM LAB.,,
ALKHEX101,HEMFER XT TAB 1*10TAB,TAB,1,0,0,0,0,216.57,216.57,291.05,221.78,0,ALKEM LAB.,,H002
000543,HEMOFHAR RED 200ML,TAB.,3,0,0,0,0,60,180,225,60,0,SUN,,
ZZZ2007,HEMPUSHPA SYP 170ML,PCS,4,0,0,0,0,215.75,863,267.15,216.29,0,RAJVAIDYA SHITAL,,
SPSHE4101,HEMPUSHPA SYP 454 ML,Pcs,3,0,0,0,0,442.83,1328.49,548.4,443.94,0,RAJVAIDYA SHITAL,,
ZZZ5193,HEPAKIND 300MG TAB 1*10TAB,TABS,3,0,0,0,0,315.09,945.27,423.5,322.67,0,MANKIND,,H002
LUPHEF301,HEPP FORTE SYP 300 ML,Pcs,2,0,0,0,0,74.498,149,234.38,70.95,0,LUPIN,,
ZZZ10840,HEPTAGON SYP 200 ML 200 ML,TAB.,2,0,0,0,0,231.8,463.6,305,232.38,0,SUN PHARMACEUTICALS,,
ABBHET101,HEPTRAL 400MG TAB 1*10TAB,TAB,2,0,0,0,0,1084.523,2169.05,1457.51,1110.62,0,ABBOTT,,H003
MANHE1T01,HERPIKIND-400MG TAB 1*10TAB,TAB,4,0,0,0,0,99.438,397.75,145.81,101.83,0,MANKIND,,H004
WYEHE1101,HETRAZAN 100MG TAB 1*30TAB,TAB,4.2,0,0,0,0,43.941,184.55,53.1,43.59,0,WYETH,,H003
ZZZ2749,HHLITE CREAM 20GM,PCS,3,0,0,0,0,179.77,539.31,239.06,182.14,0,H&H PHARAMA.,,
HHPHHO201,HHSALIC OINT 20GM,PCS,2,0,0,0,0,242.25,484.5,318.75,242.86,0,H&H PHARAMA.,,
USV103,HICKS DIGITAL THERMOMETER,TAB.,10,0,0,0,0,130,1300,198,130,0,USV PRIVATE LTD.,,
USV99,HICKS NIDDEL 1*10STRIP,TAB.,1,0,0,0,0,85,85,350,85,0,USV PRIVATE LTD.,,
MANHI1T07,HICOPE 25MG TAB 1*10TAB,TAB,6,0,0,9,1,60.512,363.07,90.37,68.85,0,MANKIND,,H004
MANHID101,HICOPE DROP 15ML,Pcs,5,0,0,0,0,48.044,240.22,71.76,49.2,0,MANKIND,,
HHLHI2D01,HIFEN 200 DT TAB 1*10TAB,TAB,5,0,0,0,0,82.412,412.06,104.1,82.62,0,HETERO HEALTHCARE LTD,,H003
INTHIM101,HIFENAC MR TAB 1*10TAB,TAB,3,0,0,0,0,85.943,257.83,115.5,88.01,0,INTAS,,H002
INTHII101,HIFENAC P TAB 1*15TAB,TAB,6,0,0,0,0,80.3715,482.23,106.88,81.43,0,INTAS,,H002
000000284,HIFENAC-SP 1*10TAB,TAB.,3,0,0,0,0,102.5633,307.69,137.81,105.03,0,PFIZER,,H002
INTHIS101,HIFENAC SR TAB 1*10TAB,TAB,7,0,0,0,0,69.057,483.4,92.81,70.72,0,INTAS,,H002
INTHIT101,HIFENAC-TH TAB 1*10TAB,TAB,5,0,0,0,0,205.562,1027.81,276.3,210.51,0,INTAS,,H002
HIMHIAS02,HIMALAYA ANTI-DANDRUFF SHAMPO* 180 ML,Pcs,1,0,0,0,0,148.75,148.75,175,148.75,0,HIMALAYA,,
1074,HIMALAYA BABY COCONUT OIL 100ML,TAB.,2,0,0,0,0,100.8,201.6,150,140,0,JOHNSON,,
1938,HIMALAYA BABY COCONUT OIL 200 GM,TAB.,1,0,0,0,0,185,185,250,185,0,HIMALAYA,,
HIFEN807,HIMALAYA BABY CREAM 30G 1*30G,PCS,3,0,0,0,0,46.8,140.4,65,65,0,INDCHEMIE HEALTH PRIMUS,,
HIMHIBC03,HIMALAYA BABY CREAM 50gm,Pcs,3,0,0,0,0,75.6,226.8,105,105,0,HIMALAYA,,
HIMHIBL01,HIMALAYA BABY LOTION* 100 ML,Pcs,3,0,0,0,0,80,240,150,80,0,HIMALAYA,,8901138511463
HIMHIBM02,HIMALAYA BABY MASSAGE OIL* 50 ML,PIC,3,0,0,0,0,54,162,75,75,0,HIMALAYA,,8901138512590
HIMHIBP01,HIMALAYA BABY POWDER 100GM,Pcs,2,0,0,0,0,86.4,172.8,120,86.4,0,HIMALAYA,,
HIMHIBP02,HIMALAYA BABY POWDER 200GM,Pcs,1,0,0,0,0,172,172,240,172,0,HIMALAYA,,
TETS57,HIMALAYA BABY POWDER  200GM,TAB.,2,0,0,0,0,146.88,293.76,204,146.88,0,NICHOLAS,,
.1913,HIMALAYA BABY SHAMPOO 100ML,PCS,5,0,0,0,0,86.94,434.7,115,115,0,HIMALAYA,,
.1914,HIMALAYA BABY SHAMPOO 200ML 200ML,PCS,2,0,0,0,0,170.1,340.2,225,225,0,HIMALAYA,,
1075,HIMALAYA BABY SHOP 50GM,TAB.,2,0,0,0,0,36,72,50,50,0,JOHNSON,,
ZZZ3224,HIMALAYA BABY SOAP 75GM,PCS,2,0,0,0,0,44.64,89.28,62,62,0,HIMALAYA,,
000525,HIMALAYA BABY WASH,TAB.,4,0,0,0,0,90,360,125,90,0,SUN,,
5605,HIMALAYA BABY WIPES 72,TAB.,1,0,0,0,0,77.9633,77.96,99,99,0,SUN PHARMACEUTICALS,,
SURHIDR01,HIMALAYA DIAPER RUSH CREAM 20GM,Pcs,3,0,0,0,0,90,270,100,90,0,HIMALAYA,,
HIMHIFG02,HIMALAYA F/WASH GEL* 100 ML,Pcs,2,0,0,0,0,134.33,268.66,189,134.33,0,HIMALAYA,,
ZZZ8550,HIMALAYA GENTLE BABY SOAP 75GM,PHYL,1,0,0,0,0,35.0167,35.02,41.82,33.35,0,HIMALAYA,,
000760,HIMALAYA HEAT TO TOE BABY W 100ML,TAB.,3,0,0,0,0,128.52,385.56,170,170,0,CIPLA,,
HIMHIC301,HIMCOLIN GEL 30GM,PCS,3,0,0,0,0,207.9833,623.95,276.56,210.72,0,HIMALAYA,,
HIMHIT301,HIMPLASIA TAB 1*30TAB,TAB,5,0,0,0,0,333.882,1669.41,475,338.28,0,HIMALAYA,,
MANHI1T01,HISTAFREE 120MG TAB 1*10TAB,TAB,3,0,0,0,0,91.903,275.71,123.53,94.12,0,MANKIND,,H002
MANHI1T02,HISTAFREE 180MG TAB 1*10TAB,TAB,3,0,0,0,0,129.943,389.83,174.65,133.07,0,MANKIND,,H002
MANHI1T03,HISTAFREE M TAB 1*10TAB,TAB,3,0,0,0,0,117.427,352.28,157.83,120.25,0,MANKIND,,H002
ZZZ10917,HITAP ER 50 1*15,TAB.,4,0,0,0,0,248.3145,993.26,333.75,254.29,0,INTAS,,H002
ALKHOC101,HOMOCHEK TAB 1*10TAB,TABS,4,0,0,0,0,90.58,362.32,120.45,91.77,0,ALKEM LAB.,,H003
MICHO1T01,HOPACE 5MG TAB 1*15TAB,TAB,3,0,0,0,0,194.9535,584.86,262,199.64,0,MICRO LAB,,H001
0306,HORLICKS 450GM POUCH 450 GM,PCS,3,0,0,0,0,213.83,641.49,235,213.83,0,MANKIND NEO,,
ZZZ8709,HORLICKS JAR 1KG,PHYL,3,0,0,0,0,400.33,1200.99,440,400.33,0,GSK,,
GLAHO2J02,HORLICKS JAR 500GM,PCS,1,0,0,0,0,240,240,264,240,0,GLAXO,,
TETS29,HORLICKS JAR 500GM 500GM,TAB.,2,0,0,0,0,279.76,559.52,293.64,266.44,0,NICHOLAS,,
0000855,HORLICKS JUNIOR 500 POUCH,TAB.,3,0,0,0,0,198,594,235,198,0,MACLEODS,,
000114,HORLICKS WOMEN CARAMEL REFIL 400GM,PCS,1,0,0,0,0,261.4533,261.45,253.36,249,0,GLAXO,,
MICRO541,HOT WATER BAG ELECTRIC,TAB.,1,0,0,0,0,300,300,790,300,0,ABBOTT,,
KNOHUA101,HUMAN ACTRAPID 100I.U./ML  10 ML V,Pcs,10,0,0,0,0,144.7483,1447.48,181.39,145.11,0,KNOLL,,
NONHUA401,HUMAN ACTRAPID 40IU 10 ML,INJ,6,0,0,0,0,144.7469,868.48,181.39,145.11,0,NOVO NORDIKS,,
NONHUM401,HUMAN MIXTARD 40IU 10 ML,INJ,5,0,0,0,0,144.7483,723.74,181.39,145.11,0,NOVO NORDIKS,,
ELRHU3C01,HUMINSULIN 30/70 100IU CARTI. 3ML,PCS,5,0,0,0,0,411.688,2058.44,515.9,412.72,0,ELI LILLY RANBAXY,,
ELRHU3102,HUMINSULIN 30/70 100IU VAIL 10ML,Pcs,7,0,0,0,0,519.5,3636.5,651,520.8,0,ELI LILLY RANBAXY,,
ZZZ10430,HUMINSULIN 30/70 1X1,TAB.,4,0,0,0,0,141.2467,564.99,177,141.6,0,PURE AND CURE HEALTHCARE PVT.LTD.,,
000348,HYANE EYE DROP EYE DROP,TAB.,2,0,0,0,0,243.93,487.86,324.38,247.14,0,DR.REDDY S LABORATORIES,,
ABBHY1101,HYDENT K PASTE 100GM,PCS,10,0,0,0,0,139.3667,1393.67,197.94,150.83,0,ABBOTT,,
ZZZ9873,HYDENT PRO SENSITIVE PASTE 70G,PICS,3,0,0,0,0,251.604,754.81,334.58,254.92,0,ABBOTT,,
CHLHYP101,HYDROGEN PEROXIDE 100ML 100ML,Pcs,4,0,0,0,0,16.172,64.69,32,15.4,0,CHEMICAL LTD`,,
CADHY0101,HYPONAT-O 15MG TAB 1*10TAB,TAB,3,0,0,0,0,580,1740,771.27,587.64,0,CADILA,,H002
ZZZ1309,IBSET TAB 1*10TAB,TAB,2,0,0,0,0,528.793,1057.59,703.17,535.76,0,ALIDAC,,I003
CIPIBPS01,IBUGESIC PLUS SYRUP. 100ML,Pcs,3,0,0,0,0,42.1267,126.38,56.61,43.14,0,CIPLA,,
CIPIB1102,IBUGESIC SYRUP 100ML,PCS,5,0,0,0,0,17.6667,88.33,23.49,17.9,0,CIPLA,,
00001385,IGNICAR 400 TAB 1*10T,TAB.,2,0,0,0,0,561.265,1122.53,738.5,562.67,0,LINUX LAB,,I003
ZZZ4359,IKNOW OVULATION STRIP 1PCS,PCS,1,0,0,0,0,0,0,56.25,1,0,PIRAMAL,,
1239,IMAX-XT DROP,TAB.,0.5,0,0,9,1,57.6356,28.82,85.31,65,0,CIPLA,,
000013,IMEGLYN 500 1*10,PCS,5,0,0,0,0,63.718,318.59,85.64,65.25,0,ZYDUS (CADILA),,I003
ZZZ8232,INDERAL 10MG TAB 1*15TAB,TABS,2,0,0,0,0,15.909,31.82,20.94,15.95,0,ABBOTT,,I002
ZZZ7395,INDERAL 20MG TAB 1*15TAB,TABS,9,0,0,0,0,38.328,344.95,51.52,39.25,0,ABBOTT,,I002 (AVL)
ZZZ5918,INDERAL LA 20MG TAB 1*15TAB,TAB,5.5,0,0,0,0,38.4915,211.7,51.19,39,0,ABBOTT,,I002
ZZZ9211,INDERAL LA 40MG TAB 1*15TAB,TABS,4,0,0,0,0,38.1105,152.44,50.67,38.61,0,ABBOTT,,I002
ZZZ1302,INDOCAP CAP 1*10CAP,CAP,14,0,0,0,0,46.354,648.96,62.31,47.47,0,JAGSONPAL,,I004
JAGINC101,INDOCAP SR CAP 1*10CAP,CAP,4,0,0,0,0,125.118,500.47,168.15,128.13,0,JAGSONPAL,,I004
3178,INMIL POWDER STAGE 1,TAB.,1,0,0,0,0,593.8,593.8,666,593.8,0,BIOLOG,,
MICRO715,INSTARAFT SYP 200ML,TAB.,3,0,0,0,0,158.6567,475.97,210.94,160.75,0,ALEMBIC,,
BIRIN3R01,INSUGEN 30/70 100IU REFIL 3ML,PCS,1,0,0,0,0,1163.09,1163.09,1564.2,1191.09,0,BIOCON,,
BIRIN3401,INSUGEN 30/70 40IU 10ML,Pcs,3,0,0,0,0,134.7471,404.24,181.09,137.99,0,BIOCARE REMIDES,,
BIRIN1104,INSUGEN-R 100IU REGULAR 10 ML,INJ,3,0,0,0,0,498.7633,1496.29,625,500.01,0,BIOCARE REMIDES,,
BIRIN4101,INSUGEN-R 40IU 10ML,PCS,1,0,0,0,0,142.0433,142.04,178,142.4,0,BIOCARE REMIDES,,
ZZZ2801,INSULIN SYRINGE 40IU 1*10PCS,PCS,62,0,0,0,0,4.5,279,12,4.5,0,HINDUSTAN SYRINGES,,
ZZZ1307,INTAFOL D CAP 1*10CAP,CAP,3,0,0,0,0,216.35,649.05,290.8,221.56,0,INTAS,,I001
MANIN1T01,INZOFRESH-10MG TAB 1*10TAB,TAB,2,0,0,0,0,47.235,94.47,63.48,48.37,0,MANKIND,,I001
CIPIPT101,I-PILL 1PCS,Pcs,6,0,0,0,0,63.07,378.42,76.66,66.39,0,CIPLA,,
LUPIS1T02,ISOLAZINE TAB 1*10TAB,TAB,2,0,0,0,0,176.845,353.69,237.7,181.1,0,LUPIN,,I001
ABBISP401,ISOMIL POWDER 400GM,PCS,3,0,0,0,0,557.92,1673.76,645,557.92,0,ABBOTT,,
LUPIS1T03,ISONORM 20MG TAB 1*10TAB,TAB,6,0,0,0,0,24.158,144.95,32.45,24.74,0,LUPIN,,I002
IPCIS1T01,ISORDIL 5MG TAB 1*10TAB,TAB,20,0,0,0,0,6.544,130.88,8.61,6.56,0,IPCA,,I003
CIPISS101,ISOTROIN 20MG CAP 1*10CAP,CAP,6,0,0,0,0,386.635,2319.81,519.62,395.94,0,CIPLA,,I003
SYS0225,ISRYL M2 TAB 1X15,Pcs,10,0,0,0,0,47.087,470.87,63.28,48.22,0,SYSTOPIC (TRADE WINGS (INDIA),,I003
ZZZ3966,ISTAMET 50/1000MG TAB 1*15TAB,TAB,4.6,0,0,0,0,1893.7005,8711.02,356.26,135.75,0,SUN,,I001
ZZZ3812,ISTAMET 50/500MG TAB 1*15TAB,TAB,10,0,0,0,0,132.5445,1325.45,176.25,134.29,0,SUN,,I001
000271,ISTAMET XR 1*10,PCS,7,0,0,0,0,122.675,858.73,163.13,124.29,0,BIOLOG,,I001
ZZZ10867,ISTAVEL D 10/100MG TAB 1*15,TAB.,3,0,0,0,0,223.9005,671.7,300.94,229.29,0,NESTLE,,I001
ZZZ10866,ISTAVEL D 5/50MG TAB 1*15 TAB,TAB.,4,0,0,0,0,223.347,893.39,297,226.29,0,NESTLE,,I002
000226,ISTAVEL EMPA 10 1X10 1X10 1*10,PCS,3,0,0,0,0,141.002,423.01,187.5,142.86,0,INDCHEMIE HEALTH PRIMUS,,I001
ZZZ8474,ITASPOR 100MG CAP 1*10CAPS,CAPS,3,0,0,0,0,122.5464,367.64,164.7,125.5,0,INTAS,,I004
ZZZ9783,IT MAC 100MG CAP 1*10CAP,CAPS,1,0,0,0,0,81.71,81.71,1150.52,86.01,0,MACLEODS,,I001
ZZZ10178,ITMAC 100MG CAP 1*10CAP,CAPS,12.4,0,0,3,1,60.2864,747.55,141.11,107.52,0,MACLEODS,,I002
ZZZ10247,IT-MAC 200 TAB 1*8 TAB,TAB.,1.5,0,0,0,0,167.36,251.04,236.25,180,0,MEDLEY,,I001
DEYITE101,ITONE EYE DROP 10ML,PCS,3,0,0,0,0,49.166,147.5,64.69,49.29,0,DEY S,,
000442,ITRADILA-200 1*10CAP,TAB.,10,0,0,0,0,75,750,236,75,0,ARISTO,,
LHCPA1T05,IVABRAD 5MG TAB 1*15TAB,TABS,3,0,0,0,0,381.891,1145.67,510.25,388.76,0,LUPIN,,I001
SURIV1P01,I.V.SET 1PCS,PCS,18,0,0,0,0,24.3184,437.73,216,23.16,0,ROMSONS,,
USVJAT101,JALRA 50MG TAB 1*15TAB,TAB,4,0,0,0,0,239.9055,959.62,331.41,252.53,0,USV,,J002
USVJA5101,JALRA M 50/1000MG TAB 1*10TAB,TAB,6,0,0,0,0,308.983,1853.9,415.31,316.42,0,USV,,J002
ZZZ11232,JALRA M 50/1000MG TAB. 1X15,TAB.,3,0,0,0,0,284.8095,854.43,415.31,316.46,0,CIPLA,,AB-04
USVJA5102,JALRA M 50/500MG TAB 1*10TAB,TAB,6,0,0,0,0,240.838,1445.03,316.88,241.44,0,USV,,J002
A00014,JALRA OD 100MG 1*15 TAB,TAB.,3,0,0,0,0,162,486,217.73,165.9,0,AMRUTANJAN HEALTHCARE LTD.,,J002
HIFEN995,JALRA TRIO 100/10/500 MG 1*15TAB,TAB.,3,0,0,0,0,126.196,378.59,167.81,127.86,0,SUN,,J002
000339,JANKEY DM500 TAB 1*10,TAB.,2,0,0,0,0,141.0033,282.01,187.5,142.86,0,SUN,,J003
MSDJA5102,JANUMET 50/500MG TAB 1*15TAB,TAB,2,0,0,0,0,581.292,1162.58,773,588.95,0,MSD,,J002
ZZZ2100,JAPANI OIL 15ML,PCS,1,0,0,0,0,142.5625,142.56,185.63,141.43,0,CHATURBHUJ,,
MICRO610,JAPANI OIL 15 ML 15 ML,TAB.,4,0,0,0,0,100,400,300,100,0,BIOCHEM,,
ZZZ3246,JOH BABY CREAM 30GM,PCS,1,0,0,0,0,52,52,65,52,0,JOHANSON & JOHANSON,,
JOJJOBC01,JOH BABY CREAM 50GM,Pcs,3,0,0,0,0,80,240,100,80,0,JOHNSION & JOHNSION,,
JOJJOBP04,JOH BABY POWDER 25GM,PCS,3,0,0,0,0,24,72,30,24,0,JOHNSION & JOHNSION,,
ZZZ3248,JOH BABY POWDER 50GM,PCS,3,0,0,0,0,52,156,65,52,0,JOHANSON & JOHANSON,,
JOJJOBS05,JOH BABY SOAP 100GM,PCS,12,0,0,0,0,77.5483,930.58,103.13,78.57,0,JOHNSION & JOHNSION,,
USV145,JOHNSAN BABY SOAP 50G,TAB.,3,0,0,0,0,37.4,112.2,44,37.4,0,USV PRIVATE LTD.,,
MICRO563,JOHNSON BABYSHAMPOO 100ML,TAB.,1,0,0,0,0,102,102,125,102,0,LEEFORD,,
TETS19,JOHNSON BABY SOAP 75 GM,TAB.,6,0,0,0,0,57.7,346.2,62,57.7,0,NICHOLAS,,
ZZZ2486,JOINTACE C2 TAB 1*10TAB,TAB,1,0,0,0,0,238.34,238.34,320.4,244.08,0,MEYER ORGANICS,,J003
ZZZ8482,JUBIGLIM M2 FORTE TAB 1*10TAB,TABS,3,0,0,0,0,136.843,410.53,180.05,137.19,0,JUBILANT LIFE SCIENCES,,J003
ZZZ11413,JUNIOR HORLICKS 400GM 400GM,TAB.,-1,0,0,0,0,0,0,200.21,0,0,CIPLA,,
ZZZ5988,JUPIROS 10MG TAB 1*15TAB,TABS,5,0,0,0,0,175.5195,877.6,233.4,177.83,0,ALKEM (BERGEN),,J004
ALKJU1T03,JUPIROS F TAB 1*10TAB,TAB,8,0,0,0,0,230.15,1841.2,306.05,233.18,0,ALKEM LAB.,,J004
00000515,JUPIROS GOLD 10 TAB 1*10T,TAB.,3,0,0,0,0,179.763,539.29,239.05,182.13,0,ALKEM LAB.,,J004
HIFEN812,JUPIROS GOLD 20MG 1*10,TAB.,7,0,0,0,0,204.458,1431.21,271.85,207.15,0,INDCHEMIE HEALTH PRIMUS,,J004
IFEN428,JUPIROUS EZ 10 1*10TAB,TAB.,3,0,0,0,0,213.7567,641.27,287.3,218.9,0,ALKEM METABOLICS,,J004
ZZZ11100,JUSTOZA 10MG TAB 1*15,TAB.,6,0,0,0,0,139.3365,836.02,185.28,141.17,0,MANKIND,,J003
000481,KAMA STAR 3P,TAB.,1,0,0,0,0,26,26,50,26,0,UNICHEM,,
,KAMASUTRA DEO 150ML,,33,0,0,0,0,13.6419,450.18,230,101.69,0,OTHER PRODUCTS,,
000578,KAMASUTRA SPARK SPAY 100/150ML,TAB.,2,0,0,0,0,120,240,230,120,0,AAREEN PHARMA,,
ABBKA1T01,KARVOL PLUS 1*10CAP,CAPS,10,0,0,5,1,92.627,926.27,156.09,118.94,0,ABBOTT,,K001
000005875,KAVERI PAIN BALM 8GM,TAB.,4,0,0,0,0,25,100,40,25,0,TORRENT PHARMA VIVA,,
ZZZ2013,KAYAM CHURNA 100GM,PCS,4,0,0,0,0,83.664,334.66,107.1,83,0,SHETH BROS,,
MACKC1201,K-COR 10MG TAB 20TAB,PCS,5,0,0,0,0,421.102,2105.51,559.97,426.65,0,MACLEODS,,
MACKC5201,K-COR 5MG TAB 20TAB,PCS,4,0,0,0,0,281.5033,1126.01,374.34,285.21,0,MACLEODS,,
NICKE0O01,KENACORT 0.1% OINT 5GM,Pcs,3,0,0,0,0,139.4267,418.28,187.37,142.78,0,ABBOTT,,
NICKE4101,KENACORT 40MG INJ 1ML,Pcs,2,0,0,0,0,144.98,289.96,192.79,146.89,0,ABBOTT,,
000519,KETANOV-DT TAB 1X10 1*10,PCS,10,0,0,0,0,73.324,733.24,97.5,74.29,0,CONCEPT BIOSCIENCES PVT LTD,,K001
SUNKET101,KETASMA TAB 1*10TAB,TAB,6,0,0,0,0,74.027,444.16,98.44,75,0,SUN,,K001
ZZZ000293,KETOKEM 75G SHOP,TAB.,1,0,0,0,0,60,60,139.95,60,0,ROCHE DIAG.,,
ZZZ11433,KETOKEM SHAMPO 2% 110ML,TAB.,2,0,0,0,0,90,180,242.3,90,0,CIPLA,,
000134,KETOMAC CREAM 30GM 12*30GM 1*30 GM,PCS,5,0,0,0,0,56.1333,280.67,148.13,47.57,0,INDCHEMIE HEALTH PRIMUS,,
DRRKED101,KETOROL DT 10MG TAB 1*10TAB,TAB,5.4,0,0,0,0,135.988,734.34,182.78,139.26,0,DR REDDYS,,K001
ZZZ4355,KHUSHI MT KIT 1*5TAB,CAP,1,0,0,0,0,49.9995,50,415,50,0,ALBRATOSS REMEDIES,,
000489,KIDODENT KIDI TOOTH BRUSH,TAB.,9,0,0,9,1,47.525,427.73,66,50.29,0,UNICHEM,,
ALEL11M01,KIDRICH D3 DROP 15ML,Pcs,4,0,0,5,1,117.2033,468.81,187.03,142.5,0,DR REDDYS,,
3330,KIDTRO STERILE EDGE 1*10,TAB.,2,0,0,0,0,205.76,411.52,276.56,210.71,0,BIOLOG,,
ZZZ7465,KIMET XL 25MG TAB 1*10TAB,TAB,3,0,0,0,0,115.64,346.92,152.16,115.93,0,ZUVENTUS HEALTHCARE,,K001
DRRKI1T02,KINPRIDE SR TAB 1*10TAB,TABS,3,0,0,0,0,269.133,807.4,357.89,272.68,0,DR REDDYS,,K001
NOUKIT101,K-ION TAB 1*10TAB,TABS,4,0,0,0,0,65.43,261.72,87,66.29,0,NOUVEAU MEDICAMENT P LTD,,K001
000958,KIT KATH 20 1.0*32 1*1,PCS,22,0,0,0,0,8.24,181.28,198,7.85,0,HINDUSTAN SYRINGES   MEDICAL DEVICES,,
000898,KIT KATH 22 0.80*25 1*1,PCS,24,0,0,0,0,8.03,192.72,198,7.65,0,HINDUSTAN SYRINGES   MEDICAL DEVICES,,
SURKI1101,KIT-KATH NO-18 1PIC,PCS,25,0,0,0,0,15.5192,387.98,169,14.78,0,SURGICAL,,
SURKI2102,KIT-KATH NO-24. 1PIC,PCS,22,0,0,0,0,10.8152,237.93,234.5,10.3,0,SURGICAL,,
MORKL4T01,KLARIM 500MG TAB 1*4TAB,TAB,2,0,0,0,0,123.87,247.74,162.98,124.18,0,MORPEN,,K001
00000592,KLMC 1000 1*20T,TAB.,3,0,0,0,0,312.516,937.55,420,320.04,0,KLM LABORTORIS,,
HIMKOS101,KOFLET SYRUP 100ML,Pcs,2,0,0,0,0,87,174,125,87,0,HIMALAYA,,
ZZZ10761,KOJIGLO GEL 20GM 20 GM,TAB.,3,0,0,0,0,323.7867,971.36,484,328.05,0,NESTLE,,
SUNKO1101,KORANDIL 10MG TAB 1*10TAB,TAB,3,0,0,0,0,229.123,687.37,304.69,232.14,0,SUN,,K001
SUNKO5101,KORANDIL 5MG TAB 1*10TAB,TAB,5,0,0,0,0,166.937,834.69,222,169.14,0,SUN,,K001
ZZZ1943,KRACK CREAM 25GM,PCS,2,0,0,0,0,74.6067,149.21,98.44,73.83,0,RECKITT,,
0000857,KS EXTRA DOTTETED 3PC,TAB.,15,0,0,0,0,26,390,50,26,0,MACLEODS,,
0000858,KS LONGLAST 10PC,TAB.,30,0,0,0,0,70,2100,150,70,0,MACLEODS,,
001981,KS LUBE STRBERRY 50ML,TAB.,3,0,0,0,0,212.08,636.24,299,182.2,0,INTAS,,
0000859,KS MIX FALVOR CONDOM 10PC,TAB.,16,0,0,0,0,52,832,100,52,0,MACLEODS,,
0000862,KS SKINFEEL STRAWBERRY 3PC,TAB.,15,0,0,0,0,15,225,60,15,0,MACLEODS,,
0000860,KS STRAWBERRY CONDOM 3PC,TAB.,10,0,0,0,0,15.5,155,30,15.5,0,MACLEODS,,
001980,KT5 DERM,TAB.,5,0,0,0,0,20,100,126.5,20,0,INTAS,,
000401,LACMOLAX POWDER 90GM,TAB.,1,0,0,0,0,150,150,245,150,0,MACLEODS,,
SUNLA1101,LACOSET 100MG TAB 1*10TAB,TAB,3,0,0,0,0,149.463,448.39,198.75,151.43,0,SUN,,L002
ZZZ9755,LACOTIDE 100MG TAB 1*10TAB,TABS,19,0,0,0,0,131.124,2491.36,176.25,134.28,0,INTAS,,L005
ZZZ9977,LACOTIDE 50MG TAB 1*10TAB,TABS,4,0,0,0,0,114.505,458.02,153.9,117.26,0,INTAS,,L005
000349,LACTIFIBER SYRUP 180ML SYRUP,TAB.,2,0,0,0,0,301.55,603.1,401,305.52,0,DR.REDDY S LABORATORIES,,
00000240,LACTIHEP PLUS SYP 1*250ML,TAB.,2,0,0,0,0,239.8933,479.79,319,243.05,0,SUN,,
IFEN1346,LACTIHEP SYP LEMON 200ML 1X200ML,PCS,3,0,0,0,0,246.6533,739.96,328,249.9,0,SUN PHARMA SUNRION,,
000456,LACTOBIOTIC SUSPENSION,TAB.,53,0,0,0,0,30,1590,75,30,0,UNICHEM,,
NICLACF01,LACTO CALAMINE FACE WASH 50ML,PHYL,2,0,0,0,0,78,156,99,78,0,PIRAMAL,,
NESLA1R01,LACTOGEN 1 REF 400GM,Pcs,7,0,0,0,0,409.5,2866.5,450,409.5,0,NESTLE,,
NESLA2T01,LACTOGEN 1 TIN* 200 G,Pcs,1,0,0,0,0,222.95,222.95,245,222.95,0,NESTLE,,
NESLA1T01,LACTOGEN 1 TIN 400GM,Pcs,4,0,0,0,0,500.5,2002,550,500.5,0,NESTLE,,
NESLA3R01,LACTOGEN 3 REF 400 GM,Pcs,4,0,0,0,0,418.6,1674.4,460,418.6,0,NESTLE,,
NESLA4R01,LACTOGEN 4 REFIL 400GM,Pcs,3,0,0,0,0,409.5,1228.5,450,409.5,0,NESTLE,,
000417,LACTOMAMA POWDER 300GM,TAB.,3,0,0,0,0,355,1065,699,355,0,LUPIN,,
INTLAO201,LAMEZ OD 200MG TAB 1*10TAB,TAB,3,0,0,0,0,476.445,1429.34,640.31,487.91,0,INTAS,,L004
SUNLA1T02,LAMOSYN-50MG TAB 1*10TAB,TAB,1,0,0,0,0,127.613,127.61,169.69,129.29,0,SUN,,L003
AVELAI101,LANTUS 100IU/ML INJ 10ML,PCS,2,0,0,0,0,1734.29,3468.58,2173.29,1738.63,0,AVENTIS,,
AVELAC301,LANTUS CARTRIDGE 3ML,PCS,2,0,0,0,0,516.762,1033.52,640.83,512.66,0,AVENTIS,,
AVELAS101,LANTUS SOLOSTAR 100IU 3 ML,INJ,1,0,0,0,0,630.92,630.92,782.39,625.91,0,AVENTIS,,
LRHLAT101,LANUM TAB 1*10TAB,TAB,2,0,0,0,0,57.355,114.71,75.47,57.5,0,LA RENON HEALTHECARE,,L-001
ZZZ9686,LAREGAB 100MG CAP 1*10CAP,CAPS,3,0,0,0,0,62.703,188.11,82.5,62.86,0,LA RENON HEALTHCARE,,L004
AVELA5101,LASILACTONE 50MG TAB 1*10TAB,TAB,2,0,0,0,0,50.268,100.54,66.84,50.93,0,AVENTIS,,L002
AVELA4101,LASIX 40MG TAB 1*15TAB,TAB,4,0,0,0,0,11.5305,46.12,14.42,11.56,0,AVENTIS,,L006
AVELAA201,LASIX INJ 2ML,Pcs,9,0,0,0,0,13,117,13.61,13,0,AVENTIS,,
ZZZ7143,LASIX INJ 4ML,PHYL,1,0,0,0,0,101.83,101.83,127.6,102.1,0,SANOFI AVENTIS.,,
APELA1T04,LASMA LC TAB 1*10TAB,TAB,3,0,0,0,0,87.277,261.83,116.06,88.43,0,APEX,,L004
ALELA1T01,LAVETA-A CAP 1*10CAP,CAPS,3,0,0,0,0,109.18,327.54,146.75,111.81,0,ALEMBIC,,L004
MAPLAS101,LAXIL SOLU. 100ML,PCS,3,0,0,0,0,98.7,296.1,131.25,100,0,MAPRA,,
000408,L-CETRIVER 10MG,TAB.,209,0,0,0,0,1.5,313.5,41,15,0,LUPIN,,
LUPLC2101,L-CIN 250MG TAB 1*5TAB,TAB,21,0,0,19,1,17.3865,365.12,51.42,39.17,0,LUPIN,,L002
LUPLC5101,L-CIN 500MG TAB 1*10TAB,TAB,9.7,0,0,9,1,54.757,531.14,96,65.84,0,LUPIN,,L002
LUPLC7101,L-CIN 750MG TAB 1*10TAB,TAB,10,0,0,0,0,82.337,823.37,132.9,89.11,0,LUPIN,,L002
LUPLCO101,L-CIN OZ TAB 1*10TAB,TAB,10,0,0,9,1,103.387,1033.87,163.15,124.32,0,LUPIN,,L002
MANLEM101,LECOPE M TAB 1*10TAB,TAB,6.1,0,0,5,1,111.6,680.76,186.97,142.45,0,MANKIND,,L004
IPCLE1T01,LEFNO 10MG TAB 1*10TAB,TAB,7,0,0,0,0,115.334,807.34,155.02,118.11,0,IPCA,,L004
ZZZ1358,LEFNO 20MG TAB 1*10TAB,TAB,2,0,0,0,0,227.684,455.37,302.77,230.68,0,IPCA,,L004
TORLEE101,LEFRA 10MG TAB 1*10TAB,TAB,3,0,0,0,0,114.943,344.83,154.5,117.71,0,TORRENT,,L005
TORLE2101, LEFRA 20MG TAB 1*10TAB,TAB,3,0,0,0,0,229.427,688.28,301.88,230,0,TORRENT,,L005
SUNLE1T03,LESURIDE TAB 1*10TAB,TAB,26,0,0,0,0,89.775,2334.15,124.69,95,0,SUN,,L001
ZZZ1379,LEVEPSY 1000MG TAB 1*10TAB,TAB,3,0,0,0,0,254.813,764.44,338.85,258.17,0,CIPLA,,L004
ZZZ5277,LEVEPSY 500MG TAB 1*15TAB,TABS,3,0,0,0,0,134.13,402.39,180.27,137.36,0,CIPLA,,L004
3084,LEVERA 200ML SOLUTION 1 X200ML,Pcs,6,0,0,0,0,595.25,3571.5,845.52,644.21,0,INTAS PHARMA ALTIMA,,LEV3
INTLE2102,LEVERA 250MG TAB 1*10TAB,TAB,5,0,0,0,0,71.082,355.41,100.96,76.93,0,INTAS,,L005
INTLE5101,LEVERA 500MG TAB 1*10TAB,TAB,15,0,0,0,0,97.648,1464.72,208.06,158.52,0,INTAS,,L005
INTLE7101,LEVERA 750MG TAB 1*10TAB,TAB,5,0,0,0,0,146.444,732.22,208.01,158.49,0,INTAS,,L005
INTLEI101,LEVERA INJ 5ML,Pcs,2,0,0,0,0,89.925,179.85,120.86,92.09,0,INTAS,,
SUNLE2101,LEVIPIL 250MG TAB 1*10TAB,TAB,12,0,0,0,0,50.93,611.16,67.72,51.6,0,SUN,,L004
SUNLE5101,LEVIPIL 500MG TAB 1*15TAB,TAB,2,0,0,0,0,156.283,312.57,207.82,158.34,0,SUN,,L004
SUNLE7102,LEVIPIL 750MG TAB 1*10TAB,TAB,3,0,0,0,0,155.357,466.07,206.59,157.4,0,SUN,,L004
SUNLES101,LEVIPIL SUSP 100ML,PCS,5,0,0,0,0,320.912,1604.56,426.75,325.14,0,SUN,,
LYHLE1T02,LEVOCET M TAB 1*10TAB,TAB,11,0,0,0,0,83.334,916.67,112,85.34,0,LYKA HETERO,,L005
CIPLER101,LEVOLIN 0.31 RESPULES 2.5ML,Pcs,33,0,0,0,0,5.0635,167.1,6.73,5.13,0,CIPLA,,
CIPLE1R01,LEVOLIN 1.25MG RESPULES 2.5 ML,Pcs,35,0,0,0,0,7.077,247.7,9.41,7.17,0,CIPLA,,
CIPLE2103,LEVOLIN 2MG TAB 1*10TAB,TAB,2,0,0,0,0,10.772,21.54,14.17,10.8,0,CIPLA,,L004
CIPLEI101,LEVOLIN INHALER 1PCS,Pcs,1,0,0,0,0,219.0933,219.09,291.35,221.98,0,CIPLA,,
MACLE2501,LEVOMAC 250MG TAB 1*10TAB,TAB,2,0,0,0,0,39.1,78.2,51.45,39.2,0,MACLEODS,,L-01
ALKLHT101,L HIST TAB 1*15T,TAB,1,0,0,0,0,17.67,17.67,88,11.78,0,ALKEM LAB.,,
ZZZ11239,L-HIST TAB 20*15,TAB.,4.11,0,0,0,0,19.9995,82.2,95,20,0,CIPLA,,
ZZZ410,LIBOTRYP 12.5/5MG TAB 1*15TAB,TAB,8,0,0,0,0,123.6105,988.88,162.65,123.92,0,MERIND 6,,L003
ME6LI1T01,LIBOTRYP DS 10/25MG TAB 1*15TAB,TAB,2,0,0,0,0,178.485,356.97,234.84,178.93,0,WOCKHARDT LTD,,L003
ZZZ9408,LIBRAX  TAB 1*20TAB,TABS,2,0,0,0,0,157.056,314.11,208.85,159.12,0,ABBOTT,,L003
NICLI1101,LIBRIUM 10MG TAB 1*10TAB,TAB,3,0,0,0,0,122.384,367.15,161.03,122.69,0,ABBOTT,,L002
NICLI2101,LIBRIUM 25MG TAB 1*10TAB,TAB,4,0,0,0,0,186.353,745.41,245.19,186.82,0,ABBOTT,,L002
000347,LIFANTA EYE DROP EYE DROP,TAB.,2,0,0,0,0,544.13,1088.26,780,557.21,0,DR.REDDY S LABORATORIES,,
ZZZ11480,LIFTOPRAM 10 1*10,TAB.,4,0,0,0,0,69.12,276.48,94.5,72,0,CAREWIN PHARMACETICULS,,L002
NICLI5101,LIMCEE 500MG TAB 1*15TAB,TAB,18.5,0,0,0,0,18.3585,339.63,24.68,18.8,0,ABBOTT,,L006
USV166,LINABITE-D 1*10TAB,TAB.,6,0,0,0,0,76.77,460.62,102.09,77.78,0,USV PRIVATE LTD.,,L001
000000281,LINAMAC 1*10TAB,TAB.,7,0,0,0,0,48.826,341.78,65.62,50,0,PFIZER,,L003
HIFEN877,LINAMAC D TAB 1*10,TAB.,9,0,0,0,0,135.0217,1215.2,181.48,138.27,0,INDCHEMIE HEALTH PRIMUS,,L0003
000001080,LINAPIL TAB 1*10,PCS,14,0,0,0,0,73.3267,1026.57,97.5,74.29,0,ALKEM,,L003
3218,LINAPRIDE DM 500,TAB.,2,0,0,0,0,119.7,239.4,157.5,120,0,BIOLOG,,L003
1919,LINAPRIDE D TAB 1*10,TAB.,6,0,0,0,0,76.77,460.62,102.09,77.78,0,HIMALAYA,,L003
MANF40,LINAPRIDE M 500 XR TAB 1*10,TAB.,4,0,0,0,0,100.0917,400.37,133.1,101.41,0,MANKIND(SPL),,L003
UNILI4T01,LINOX-600MG TAB 1*10TAB,TAB,3,0,0,0,0,286.52,859.56,381,290.29,0,UNICHEM,,L001
HIFEN969,LINSET-M,TAB.,2,0,0,0,0,50,100,135,50,0,SUN,,L002
000500,LINSET-M 60ML,TAB.,1,0,0,0,0,30,30,85.31,30,0,CONCEPT BIOSCIENCES PVT LTD,,
CADLI1101,LINVAS 10MG  10'S,Pcs,3,0,0,0,0,376.83,1130.49,501.1,381.79,0,CADILA,,
3186,LINVAS 4MG 1*10,TAB.,2,0,0,0,0,376.84,753.68,501.1,381.8,0,BIOLOG,,L002
USV104,LINZALIFE600,TAB.,4,0,0,0,0,160,640,381,160,0,USV PRIVATE LTD.,,
SUNLI1101,LIOFEN 10MG TAB 1*10TAB,TAB,4,0,0,0,0,96.528,386.11,124.84,96.77,0,SUN,,L005
SUNLI2101,LIOFEN 25MG TAB 1*10TAB,TAB,3,0,0,0,0,307.798,923.39,385.68,308.57,0,SUN,,L0005
CADLI1T01,LIPAGLYN TAB 1*10TAB,TAB,3,0,0,0,0,372.883,1118.65,501.13,381.86,0,CADILA,,L003
USVLI1T01,LIPICARD 160MG TAB 1*10TAB,TAB,7,0,0,0,0,144.32,1010.24,203.67,155.18,0,USV,,L002
A00445,LIPICARD 200MG CAP 1X10,PCS,3,0,0,0,0,194.55,583.65,258.7,197.11,0,USV PRIVATE LTD.,,L002
USVLI1T02,LIPICARD 200MG TAB 1*10TAB,TAB,6,0,0,0,0,194.547,1167.28,275,197.11,0,USV,,L002
USVLII101,LIPICARD AV TAB 1*10TAB,TAB,8,0,0,0,0,182.833,1462.66,240.56,183.29,0,USV,,L002
INTLI4101,LIPICURE 40MG TAB 1*15TAB,TAB,3,0,0,0,0,232.536,697.61,309.23,235.6,0,INTAS,,L003
MANLII101,LIPIKIND 10MG TAB 1*10TAB,TAB,10.8,0,0,0,0,32.675,352.89,43.92,33.46,0,MANKIND,,L001
1186,LIPIKIND 40MG TAB,TAB.,8,0,0,0,0,92.67,741.36,124.55,94.9,0,CIPLA,,L001
HIFEN383,LIPIKIND-CV 10MG 1*15TAB,TAB.,6,0,0,0,0,81.4383,488.63,109.46,83.4,0,ARISTO OTSIRA GENETICA,,L001
MANLI1T03,LIPIKIND F TAB 1*10TAB,TAB,7,0,0,0,0,84.337,590.36,112.15,85.45,0,MANKIND,,L001
OL612,LIPZYME 100ML,TAB.,5,0,0,0,0,30,150,60,30,0,MACLEODS,,
SUNLI4101,LITHOSUN SR 400 1*10TAB,TAB,7,0,0,0,0,63.169,442.18,84,64,0,SUN,,L002
1251,LITTELS L 12 DIPPER,TAB.,5,0,0,0,0,99.5,497.5,199,99.5,0,CIPLA,,
1250,LITTELS S 16 DIPPER,TAB.,1,0,0,0,0,99.5,99.5,199,99.5,0,CIPLA,,
A000720,LITTLE ANGLE L 62 62,PCS,1,0,0,0,0,521.28,521.28,936.56,496.46,0,MEDLEY PHARMACEUTICALS LTD.(VAZOKARE),,
A00461,LITTLE ANGLE NB 36 PANTS 36,TAB.,3,0,0,0,0,200,600,399,200,0,USV PRIVATE LTD.,,
A000718,LITTLE ANGLE S 78 78,PCS,1,0,0,0,0,521.28,521.28,936.56,496.46,0,MEDLEY PHARMACEUTICALS LTD.(VAZOKARE),,
001982,LITTLE ANGLE WIPE 72PC,TAB.,7,0,0,0,0,60,420,99,60,0,INTAS,,
0000709,LITTLE NB 18,TAB.,10,0,0,0,0,99.5,995,199,99.5,0,MACLEODS PROCARE  AHT,,
1247,LITTLE S 32 DIPPER,TAB.,1,0,0,0,0,200,200,399,200,0,CIPLA,,
ZZZ10875,LITTLES BABY WIPES 1*72,TAB.,14,0,0,0,0,57.5,805,115,57.5,0,NESTLE,,
LIN201,LITTLES BIGHUG NIPPL 1*12,PIC,12,0,0,0,0,21,252,30,21,0,ZZZZZZ 135,,
1249,LITTLES L 24 DIPPER,TAB.,5,0,0,0,0,200,1000,399,200,0,CIPLA,,
HIFEN935,LITTLES NB 10PAINTS,TAB.,4,0,0,0,0,65,260,99,65,0,SUN,,
000379,LITTLES POLY MAXI BOTTEL,TAB.,4,0,0,0,0,71,284,105,71,0,CIPLA,,
HIMLI5D01,LIV 52 DROPS 100ML,Pcs,2,0,0,0,0,98.7,197.4,131.25,100,0,HIMALAYA,,
ZZZ5070,LIV 52 DS SYRUP 200ML,PCS,7,0,0,0,0,261.1333,1827.93,351,267.42,0,HIMALAYA,,
HIMLI5D03,LIV 52 DS TAB 60TAB,PCS,5,0,0,0,0,209.0667,1045.33,281,214.1,0,HIMALAYA,,
HIMLI5S01,LIV 52 SYRUP. 100ML,PCS,3,0,0,0,0,104.1533,312.46,140,106.66,0,HIMALAYA,,
HIMLI5S02,LIV 52 SYRUP 200ML,PCS,1,0,0,0,0,174.09,174.09,234,178.28,0,HIMALAYA,,
HIMLI5T01,LIV 52 TAB 100TAB,PCS,6,0,0,0,0,149.978,899.87,201.56,153.59,0,HIMALAYA,,
ZZZ1362,LIVOGEN TAB 1*15TAB,TAB,7,0,0,0,0,77.7105,543.97,104.43,79.58,0,MERCK,,L004
SHRLIS101,LIVOGREEN SYRUP 100ML,Pcs,3,0,0,5,1,83.12,249.36,134.06,102.14,0,SHRINIVAS(GUJARAT)LAB,,
A00660,LIVOLUP-300 1*15TAB,1STR,113,0,0,0,0,16,1808,690.85,240,0,USV LIMITED.,,
000464,LIVON 20ML,TAB.,1,0,0,0,0,60,60,70,60,0,UNICHEM,,
NICLOGO01,LOBATE GM NEO CREAM 15GM,Pcs,4,0,0,0,0,129.63,518.52,174.23,132.75,0,ABBOTT,,
ZZZ10844,LONAZEP 0.25 1*15,TAB.,8,0,0,0,0,24.21,193.68,32.19,24.53,0,NESTLE,,L003
SUNLOM001,LONAZEP MD 0.25MG TAB 1*10TAB,TAB,4,0,0,0,0,15.871,63.48,21.1,16.08,0,SUN,,L003
SUNLOM002,LONAZEP MD 0.5MG TAB 1*10TAB,TAB,13,0,0,0,0,26.4,343.2,36.85,28.08,0,SUN,,L003
UNILOS201,LONGIFENE  SYRUP 200ML,Pcs,6,0,0,0,0,106.634,639.8,141.8,108.04,0,UNI-UCB,,
USV113,LONOPIN INJECTION,TAB.,10,0,0,0,0,150,1500,470,150,0,USV PRIVATE LTD.,,
ZZZ4664,LOOZ SYP 210ML,PHYL,6,0,0,0,0,224.28,1345.68,315,240,0,INTAS,,
SMUTH3,LOPA-F 50ML,TAB.,4,0,0,0,0,13,52,39.9,13,0,ARISTO PHARMACEUTICALS MF-5,,
INTLO1101,LOPEZ 1MG TAB 1*10TAB,TAB,7,0,0,0,0,27.538,192.77,37.01,28.2,0,INTAS,,L002
ZZZ6450,LOPEZ MD 2MG TAB 1*10TAB,TAB,4,0,0,0,0,33.875,135.5,45.05,34.32,0,INTAS,,L002
IPCLO2101,LOSANORM 25  MG TAB 1*10TAB,TAB,9,0,0,0,0,33.523,301.71,45.04,34.33,0,IPCA,,L003
UNILO2103,LOSAR 25MG TAB 1*15TAB,TAB,6,0,0,0,0,77.172,463.03,103.73,79.03,0,UNICHEM,,L004
CADLO2301,LOSIUM 25MG TAB 30TAB,PCS,6,0,0,0,0,62.3967,374.38,82.97,63.22,0,CADILA,,L004
000255, L.S BELT REG M 1*1,PCS,1,0,0,0,0,356.19,356.19,750,339.23,0,PERFECT,,
WALLU6P01,LUBRIJOINT 500MG TAB 60TAB,Pcs,2,0,0,0,0,420.415,840.83,565,430.53,0,WALLACE,,
ZZZ832,LUKOL SYP 200 ML,SYP,3,0,0,0,0,174.0933,522.28,234,178.28,0,HIMALAYA,,
ZZZ11375,LUKOL TAB 1*60 1*60,TAB.,7,0,0,0,0,188.25,1317.75,253,192.78,0,CIPLA,,
000605,LUPICAL-500 1*15TAB,TAB.,538,0,0,0,0,2.3333,1255.32,92.9,35,0,ARISTO PHARMACEUTICALS MF-3,,
LUPLU5102,LUPICAL-CZ 1*15CAP,Pcs,6,0,0,0,0,49.9995,300,205.7,50,0,LUPIN,,L001
000510,LUPICET 30ML,TAB.,1,0,0,0,0,8,8,22.5,8,0,CONCEPT BIOSCIENCES PVT LTD,,
LUPLUT104,LUPICET-L TAB 10,Pcs,4.2,0,0,0,0,12,50.4,63,12,0,LUPIN,,
LUPLU5101,LUPI-HCG 5000 INJ 1ML,PCS,1,0,0,0,0,176.12,176.12,445.85,183,0,LUPIN,,FREZZ
000473,LUPIN DUZAT 1*10TAB,TAB.,1,0,0,0,0,40,40,140.8,40,0,UNICHEM,,
LUPLUM302,LUPISULIN M 30(30/70)40IU 10ML,PCS,5,0,0,0,0,144.8083,724.04,181.45,145.17,0,LUPIN,,
LUPLUM101,LUPISULIN M-50/50 100IU CART 3ML,Pcs,4,0,0,0,0,307.806,1231.22,405,308.58,0,LUPIN,,
ZZZ615,LUPITROS Z EYE DROP 3ML,PCS,1,0,0,0,0,342.46,342.46,455.4,346.97,0,LUPIN,,
000387,LUPIVON-20 1*10TAB,TAB.,3,0,0,0,0,131.0333,393.1,174.25,132.76,0,UNICHEM,,L002
000544,LUPZYME 200ML SYP,TAB.,3,0,0,0,0,44.89,134.67,235,45,0,SUN,,
SMUTH4,LYCOSEF-10 1*10CAP,TAB.,4,0,0,0,0,210,840,609.3,210,0,ARISTO PHARMACEUTICALS MF-5,,
MANLYC101,LYCOSTAR CAP 1*10TAB,TAB,3,0,0,0,0,148.427,445.28,199.5,152,0,MANKIND,,L003
KLALYS201,LYSICON-V SYP 200ML,Pcs,3,0,0,0,0,183.3633,550.09,241.25,183.82,0,KLARSEHEN,,
CACLYG301,LYSOFLAM GEL 30GM,Pcs,6,0,0,9,1,80.022,480.13,119.5,91.05,0,CACHET PHARMA,,
ALKLYT101,LYSOFLAM TAB 1*10TAB,TAB,4,0,0,9,1,115.175,460.7,172,131.06,0,ALKEM LAB.,,L003
000135,LYVELSA  20MG  TAB 1X14 1*14,PCS,1,0,0,0,0,1065.14,1065.14,1401.5,1067.81,0,INDCHEMIE HEALTH PRIMUS,,
CHPM2TS01,M2 TONE SYRUP 200ML,PCS,2,0,0,0,0,127.085,254.17,169,128.76,0,CHARAK PHARMA,,
ZZZ11376,MACBERY DROP 1*15ML 15 ML,TAB.,1,0,0,0,0,53.43,53.43,70.3,53.57,0,CIPLA,,
TETS103,MACBERY DX SYP 1 X100 ML,TAB.,4,0,0,0,0,80.8157,323.26,119.36,82.76,0,NICHOLAS,,
ZZZ3500,MACBERY JUNIOR EXP SYP 60ML,PCS,1,0,0,0,0,68.4583,68.46,100.03,69.36,0,MACLEODS,,
ZZZ3493,MACBERY LS SYRUP 100ML,PCS,4,0,0,0,0,92.108,368.43,122.48,93.32,0,MACLEODS,,
A002444,MACBERY PD SYRP 60ML,PCS,5,0,0,91,1,66.93,334.65,90.94,69.29,0,MACLEODS MACPHAR,,
TETS51,MACBERY SYRUP 100 ML,TAB.,2,0,0,11,1,85.1017,170.2,123.46,94.06,0,NICHOLAS,,
MACMA1M01,MACBERY SYRUP (SF) 100ML,PCS,1,0,0,0,0,84.488,84.49,123.46,85.6,0,MACLEODS,,
MACMA2S01,MACFAST 250 SYP* 60 ML,Pcs,6,0,0,0,0,32.5483,195.29,42.83,32.63,0,MACLEODS,,
MACMA1T01,MACFOLATE CAP 1*10CAP,CAP,5,0,0,0,0,187.112,935.56,246.2,187.58,0,MACLEODS,,M016
MACMAP101,MACFOLATE PLUS CAP 1*10CAP,CAP,2,0,0,0,0,171.6,343.2,240.47,171.6,0,MACLEODS,,M015
HIFEN741,MACPLATIN PLUS (100 ML) 100ML 1*100 ML,PCS,5,0,0,0,0,27.434,137.17,84.38,23.25,0,INDCHEMIE HEALTH PRIMUS,,
HIFEN742,MACPLATIN PLUS (200 ML) 200ML 200 ML,PCS,2,0,0,0,0,43.66,87.32,165,37,0,INDCHEMIE HEALTH PRIMUS,,
ZZZ9109,MACPROT ACTIV POWDER 200GM,PHYL,7,0,0,0,0,251.75,1762.25,385.29,247,0,MACLEODS,,
ZZZ4977,MAC Q10 CAP 1*10TAB,CAPS,6,0,0,0,0,327.702,1966.21,440.45,335.59,0,MACLEODS,,M001
PUDF604,MAC RD TAB 1*10,TAB.,1,0,0,0,0,62.13,62.13,86.75,66.1,0,CORONA,,M001
00000978,MACROMYCIN TAB 1*10T,PCS,7,0,0,0,0,462.647,3238.53,621.84,473.78,0,MACLEODS,,M002
MACMA1T07,MACSART 40MG TAB 1*10TAB,TAB,6,0,0,0,0,38.104,228.62,51.21,39.02,0,MACLEODS,,M001
MACMA1T08,MACSART AM TAB 1*10TAB,TABS,12.5,0,0,0,0,56.841,710.51,76.4,58.21,0,MACLEODS,,M013
MACMA2103,MACSART BETA 25MG TAB 1*10TAB,TABS,6,0,0,0,0,105.1,630.6,141.27,107.63,0,MACLEODS,,M013
MACMA5102,MACSART BETA 50MG TAB 1*10TAB,TABS,4,0,0,0,0,126.594,506.38,170.15,129.64,0,MACLEODS,,M013
MACMAC401,MACSART CH 40 TAB 1*10TABS,TABS,6,0,0,0,0,99.574,597.44,133.83,101.97,0,MACLEODS,,M013
4531,MACSITA 50,TAB.,13,0,0,0,0,70.8957,921.64,95.28,72.6,0,MODICARE,,M012
MICRO823,MACSITA M 50/1000 1*10,TAB.,3,0,0,0,0,62.04,186.12,120.24,66,0,MACLEODS,,M013
VOG25,MACSITA M 50/500 1*10,TAB.,2,0,0,0,0,81.334,162.67,109.31,83.29,0,MEDLEY,,M013
AMT8,MACSITA M XR 100/1000 1*10,TAB.,7,0,0,0,0,111.67,781.69,148.5,113.14,0,OTSIRA GENETICA,,M016
ZZZ10278,MACSITA MXR 100/500 1*10,TAB.,6,0,0,0,0,95.13,570.78,127.87,97.42,0,MACLEODS,,M016
ZZZ11540,MACSITA M XR 50/500 1X10,TAB.,12,0,0,0,0,88.225,1058.7,118.59,90.35,0,MICRO,,M014
MACMA7102,MACTOR ASP 75MG CAP 1*10CAP,CAP,6,0,0,0,0,41.012,246.07,55.12,42,0,MACLEODS,,M007
ZZZ5552,MACTOTAL CAP 1*10CAP,CAP,4,0,0,0,0,144.912,579.65,194.78,148.4,0,MACLEODS,,M015
GLEN342,MAGNATUSS T SYP 100ML,TAB.,2,0,0,5,1,104.0633,208.13,166.06,126.52,0,MANKIND,,
ZZZ3496,MAGSTONE B6 SYRUP 200ML,PCS,2,0,0,0,0,179.7333,359.47,239,182.1,0,MEYER ORGANICS,,
000136,MAHACAL-D3 60K CAP 20*4 20*4,PCS,55,0,0,0,0,4.9885,274.37,129.23,16.91,0,INDCHEMIE HEALTH PRIMUS,,
00001174,MAHAFLOX D E/D 1*5ML,MPC,14,0,0,9,1,83.094,1163.32,131.13,99.92,0,LIFESTAR PHARMA,,
MANMAE101,MAHAFLOX EYE DROP 5ML,Pcs,7,0,0,6,1,76.8671,538.07,119.25,90.86,0,LIFESTAR PHARMA,,
MANMAL501,MAHAFLOX LP EYE DROP 5ML,PCS,3,0,0,0,0,171.7475,515.24,230.83,175.88,0,MANKIND,,
HIFEN967,MAHAMOX CV 625,TAB.,6,0,0,0,0,70,420,208,70,0,SUN,,
IPCMAD701,MALIRID DS TAB 1*7TAB,TAB,4,0,0,0,0,28.6034,114.41,38.43,29.29,0,IPCA,,M015
UNIMAPP02,MAMY POKO PANTS L* 22PAD,Pcs,3,0,0,0,0,260,780,374,260,0,UNICHARM,,8993189271687
MAPMAC119,MAMY POKO PANTS L6 6PAD,PCS.,3,0,0,0,0,70,210,93,70,0,UNICHARM,,
000118,MAMY POKO PANTS M 30 30,Pcs,1,0,0,0,0,260,260,374.06,260,0,UNICHARM,,8993189271670
000120,MAMY POKO PANTS M7 7PAD,PICS,4,0,0,0,0,62,248,80,62,0,CRISCROSS,,
HIFEN832,MAMY POKO PANTS NB 32 32,PCS,3,0,0,0,0,235,705,327,235,0,ALKEM NEXGEN,,
MAPMAC118,MAMY POKO PANTS NB-4 4 PAINTS,PCS.,6,0,0,0,0,34,204,45,34,0,UNICHARM,,
UNIMAPP09,MAMY POKO PANTS S 8PAD,Pcs,6,0,0,0,0,62,372,80,62,0,UNICHARM,,
MICRO702,MAMY POKO WIPES 72,TAB.,2,0,0,0,0,60,120,99,60,0,LEEFORD,,
ZZZ449,MANFORCE 100MG TAB 1*4TAB,TAB,0.1,0,0,4,20,30.8752,3.09,243.75,185.72,0,MANKIND,,
ZZZ11356,MANFORCE-100 TAB 1*4 1*4,TAB.,22.1,0,0,0,0,24.3,537.03,243,24.3,0,CIPLA,,
ZZZ10881,MANFORCE 50 MG TAB 1*9,TAB.,26.2,0,0,0,0,117,3065.4,300,117,0,MANKIND,,
A00463,MANFORCE CONDOM OVERTIME MIX,TAB.,20,0,0,0,0,22.6,452,40,22.6,0,USV PRIVATE LTD.,,
A00464,MANFORCE CONDOM OVER TIME ORAN,TAB.,39,0,0,0,0,22.6,881.4,40,22.6,0,USV PRIVATE LTD.,,
ZZZ10376,MANFORCE  CONDOM STRAVERY 1X3,TAB.,46,0,0,0,0,18.46,849.16,30,18.46,0,PURE AND CURE HEALTHCARE PVT.LTD.,,
SPM006,MANFORCE STAYLONG GEL 8 GM,Pcs,1,0,0,2,1,61.745,61.75,121.88,92.85,0,SPECIAL MANKIND,,
MAN,MANKIND PLACIDA 1*10 TABL,Pcs,4,0,0,0,0,67.3,269.2,90.46,68.92,0,MANKIND,,M009
000230,MAXDULIN 75/20 1*10TAB,TAB.,2,0,0,0,0,168.49,336.98,224.06,170.71,0,INDCHEMIE HEALTH PRIMUS,,M004
ZZZ11465,MAXGALIN-75 1 X15,TAB.,3,0,0,0,0,222.0733,666.22,295.31,225,0,CAREWIN PHARMACETICULS,,M012
SUNMA7101,MAXGALIN 75MG CAP 1*10CAP,CAP,2,0,0,0,0,222.073,444.15,295.31,225,0,SUN,,M012
SUNMAE701,MAXGALIN ER 100MG TAB 1*10TAB,TAB,6,0,0,0,0,182.597,1095.58,242.81,185,0,SUN,,M012
SUNMAME01,MAXGALIN  ER 75MG TAB 1*10TAB,TAB,8,0,0,0,0,171.453,1371.62,228,173.71,0,SUN,,M12
0999,MAXGALIN M ER 75 1*10,TAB.,2,0,0,0,0,171.4533,342.91,228,173.71,0,ALKEM,,M002 BOX2
0613,MAXIRICH IRON TONIC 225ML SYP,TAB.,3,0,0,0,0,46,138,150,46,0,CORONA,,
AJAMAAE01,MAXMOIST EYE DROP 10ML,PCS,3,0,0,0,0,255.3167,765.95,366,261.46,0,AJANTA,,
ZZZ2826,MAXTRA DROP 15ML,PCS,1,0,0,9,1,70.124,70.12,103.6,78.94,0,ZUVENTUS HEALTHCARE,,
ELSMAT101,MAXUM TAB 1*10TAB,TAB,5,0,0,0,0,89.322,446.61,118.78,90.5,0,ERIS LIFE SCIENCES,,M005
HIFEN887,MAXVOID S TAB,TAB.,5,0,0,0,0,338.404,1692.02,450,342.86,0,INDCHEMIE HEALTH PRIMUS,,M0011
0000844,MECOYL-2500 INJECTION,TAB.,3,0,0,0,0,45,135,165,45,0,MACLEODS,,
1063,MEDERMA GEL 1X10GM 1*10GM,PCS,3,0,0,0,0,415.12,1245.36,505,362.68,0,JOHNSON,,
ZZZ000294,MEDIMIX HAND WASH 675ML,TAB.,6,0,0,0,0,75,450,99,75,0,ROCHE DIAG.,,
ZZZ3128,MEDISALIC OINT 20GM,PCS,2,0,0,0,0,62.265,124.53,149.06,59.3,0,TORQUE,,
HIFEN939,MEDOS-AT 1*10TAB,TAB.,0.6,0,0,0,0,65,39,175,65,0,SUN,,
000460,MEDPR T-DHA POWDER 200GM,TAB.,1,0,0,0,0,100,100,310,100,0,UNICHEM,,
000310,MEFAST P SUSP 60ML,PHYL,3,0,0,9,1,37.566,112.7,55.5,42.29,0,ZUVENTUS HEALTHCARE,,
00001187,MEFKIND DS SYP 1*60ML,MPC,2,0,0,0,0,43.0033,86.01,57.19,43.57,0,LIFESTAR PHARMA,,
ZZZ8764,MEFTAGESIC DS SUSP 60ML,PHYL,2,0,0,0,0,46.032,92.06,61.87,47.14,0,BLUE CROSS,,
BLCMEE101,MEFTAGESIC P SUSP 60ML,Pcs,4,0,0,0,0,36.268,145.07,48.75,37.14,0,BLUE CROSS,,
BLCMEPS01,MEFTAL P SYRUP 60ML,PCS,3,0,0,9,1,23.468,70.4,34.68,26.42,0,BLUE CROSS,,
BLCMES301,MEFTAL SPAS 30ML* 30 ML,Pcs,5,0,0,0,0,69.75,348.75,93.75,71.43,0,BLUE CROSS,,
BLCMESD01,MEFTAL SPAS DROP 10ML,PCS,11,0,0,0,0,56.68,623.48,80,60.95,0,BLUE CROSS,,
BLCMESD02,MEFTAL SPAS TAB 1*10TAB,TAB,2.2,0,0,0,0,38.357,84.39,51.56,39.28,0,BLUE CROSS,,M010
001738,MEGA-3 CAP 1X30,PCS,2,0,0,0,0,366.01,732.02,491.95,374.82,0,ABBOTT INDIA LIMITED,,M002
SUNMEE501,MEGABROM EYE DROP 5ML,Pcs,4,0,0,0,0,152.4767,609.91,200.63,152.86,0,SUN,,
MANK126,MEGACECLO P TAB 1*10,PCS,0.2,0,0,0,0,12.642,2.53,92.34,12.04,0,NESTLE,,
ARIME4101,MEGACHOLIN PLUS CAP 1*10CAP,CAP,6,0,0,0,0,379.45,2276.7,612,388.58,0,ARISTO,,M001
ARIMEDS01,MEGA-CV 228.5MG DRY SYP 30ML,PCS,3,0,0,9,1,43.445,130.34,64.88,49.43,0,ARISTO,,
ZZZ10248,MEGA CV 625MG TAB 10*10TAB,TAB.,102,0,0,4,1,10.686,1089.97,189.71,144.56,0,MEDLEY,,M-002
ZZZ11187,MEGA CV DRY SYP 228.5MG/5ML 1,TAB.,1,0,0,0,0,45.475,45.48,64.88,49.43,0,CIPLA,,
ARIMEFS01,MEGA CV FORTE SUSP. 30ML,PCS,3,0,0,5,1,104.6233,313.87,168.75,128.57,0,ARISTO,,
001969,MEGAFERON 1*10CAP,TAB.,4,0,0,0,0,137.6375,550.55,185,140.95,0,INTAS,,M014
00001250,MEGA FLEXON TAB 1*10 TAB,TAB,8,0,0,5,1,71.497,571.98,115.31,87.86,0,ARISTO,,M006
ZZZ7623,MEGAGLIPTIN MF TAB 1*10TAB,TABS,2,0,0,0,0,132.522,265.04,178.12,135.71,0,ARISTO,,M002
MACMEE101,MEGALIS-10MG TAB 1*4TAB,TAB,2,0,0,1,1,80.0476,160.1,212.91,162.21,0,MACLEODS,,M007
MACME4T01,MEGALIS-20MG TAB 1*4TAB,TAB,4,0,0,1,1,183.41,733.64,487.77,371.65,0,MACLEODS,,M010
3156,MEGALIS 5 1*10,TAB.,1,0,0,0,0,155.1833,155.18,226.77,157.23,0,BIOLOG,,M002
ZZZ9432,MEGANEURON NT 50MG TAB 1*10TAB,TABS,6,0,0,0,0,97.65,585.9,131.25,100,0,OTSIRA(GENETICA),,M003
ZZZ9433,MEGANEURON NT 75MG TAB 1*10TAB,TABS,10,0,0,0,0,149.973,1499.73,201.56,153.58,0,OTSIRA(GENETICA),,M003
ARIMEOP01,MEGANEURON OD PLUS CAP 1*10CAP,CAP,7,0,0,0,0,133.183,932.28,179,136.39,0,ARISTO,,M005
ZZZ1099,MEGANEURON PG CAP 1*10CAP,CAP,4,0,0,0,0,125.892,503.57,169.21,128.92,0,OTSIRA(GENETICA),,M015
ALKMET101,MEGANOR TAB 1*10TAB,TAB,1.2,0,0,0,0,80,96,143,80,0,ALKEM LAB.,,
ARIME1I01,MEGAPEN 1GM INJ 1VIAL,Pcs,5,0,0,9,1,33.666,168.33,49.22,37.5,0,ARISTO,,
ARIME5101,MEGAPEN 500MG CAP 1*10CAP,CAP,8.5,0,0,9,1,52.897,449.62,79,60.19,0,ARISTO,,M001
ARIME5I01,MEGAPEN 500MG INJ 1VAIL,Pcs,5,0,0,9,1,25.81,129.05,37.73,28.75,0,ARISTO,,
ZZZ1046,MEGAZOLID 100 DRY SYURP 30ML,PCS,3,0,0,0,0,117.8733,353.62,158.43,120.71,0,ARISTO,,
ZZZ3588,MEGAZOLID 600MG TAB 1*10TAB,TAB,3,0,0,5,1,212.492,637.48,358.09,272.86,0,ARISTO,,M007
ZZZ7665,MEGAZOLID IV 300ML,PHYL,1,0,0,0,0,461.77,461.77,614.06,467.86,0,ARISTO,,
MANMEE101,MELABEST CREAM 15GM,PCS,3,0,0,5,1,136.8933,410.68,218.43,166.43,0,MANKIND,,
AJAMEC201,MELACARE CREAM 20GM,PCS,1,0,0,0,0,184.56,184.56,242.81,185.02,0,AJANTA,,
AJAMEF101,MELACARE FORTE CREAM 20GM,Pcs,1,0,0,0,0,259.35,259.35,341.25,260,0,AJANTA,,
ZZZ3958,MELAGLOW RICH CREAM 20GM,PIC,2,0,0,0,0,420.815,841.63,635.8,430.94,0,ABBOTT,,
MICME5S01,MELMET 500MG SR TAB 1*15TAB,TAB,6,0,0,0,0,32.187,193.12,43.25,32.96,0,MICRO LAB,,M003
AIHMET101,MENABOL TAB 1*20TAB,TABS,5,0,0,0,0,183.054,915.27,246.02,187.46,0,ADCOCK INGRAM HEALTH PVT LTD,,M15
ZZZ8430,MENOHELP SYP 300ML,PHYL,2,0,0,0,0,174.1033,348.21,234,178.29,0,MAGNET LABS,,
HIMMES201,MENTAT SYRUP. 200ML,PCS,1,0,0,0,0,191,191,257,191,0,HIMALAYA,,
HIMMET601,MENTAT TAB 60 TAB,Pcs,2,0,0,0,0,153.4667,306.93,206.25,157.16,0,HIMALAYA,,
ZZZ560,MERO 1GM INJ 1VIAL,PCS,10,0,0,2,4,217.466,2174.66,876.9,668.11,0,ARISTO,,
MICRO617,MERO 500 MG INJ,TAB.,3,0,0,0,0,193.516,580.55,540.04,190,0,MEDLEY,,
000638,MERO O 200MG TAB 1 X10,Pcs,2,0,0,0,0,680.05,1360.1,914.06,696.42,0,ARISTO PHARMACEUTICALS MF-1,,M007
SUNME1T01,MESACOL 800MG TAB 1*10TAB,TAB,4,0,0,0,0,257.33,1029.32,342.19,260.72,0,SUN,,M015
3265,MESACOL CR 1g,TAB.,10,0,0,0,0,32.7778,327.78,43.13,32.86,0,BIOLOG,,
SUNMEO101,MESACOL OD TAB 1*10TAB,TAB,3,0,0,0,0,407.497,1222.49,541.88,412.86,0,SUN,,M010
ZZZ4691,METAPRO XL 25MG TAB 1*15TAB,TAB,5,0,0,0,0,47.94,239.7,66.94,51,0,MICRO,,M008
MASME2101,METCY 25MG TAB 1*10TAB,TAB,3,0,0,0,0,49.803,149.41,66.94,51,0,CMR LIFE SINENCE,,M005
CLSME5101,METCY 50MG TAB 1*10TAB,TAB,2,0,0,0,0,62.77,125.54,84.38,64.28,0,CMR LIFE SINENCE,,M005
HIFEN833,METHORA 10MG 1*10TAB,TAB.,3,0,0,0,0,41.74,125.22,55.5,42.29,0,INDCHEMIE HEALTH PRIMUS,,M004
WL6ME1P01,METHYCOBAL 500MG INJ 1ML,Pcs,5,0,0,0,0,102.106,510.53,134.34,102.36,0,WOCKHARDT LTD,,
INTMET103,METHYGIN TAB 10 TAB,Pcs,5,0,0,0,0,40,200,101.83,40,0,INTAS,,M001
PA8MEE101,METLONG 500MG TAB 1*10TAB,TAB,4,0,0,0,0,12.18,48.72,16.2,12.34,0,PANACEA  8,,M008
TORME1T02,METOCARD-AM TAB 1*10TAB,TABS,6,0,0,0,0,128.983,773.9,171.52,130.68,0,TORRENT,,M004
TORMEX101,METOCARD XL 12.5MG TAB 1*10TAB,TAB,5,0,0,0,0,67.946,339.73,90.35,68.84,0,TORRENT,,M004
TORMEX201,METOCARD XL 25MG TAB 1*10TAB,TAB,5,0,0,0,0,50.593,252.97,68,51.81,0,TORRENT,,M004
TORME5102,METOCARD XL 50MG TAB 1*10TAB,TAB,9,0,0,0,0,69.603,626.43,93.55,71.28,0,TORRENT,,M004
ZZZ10004,METOLAR XR 12.5MG CAP 1*15CAP,CAPS,5,0,0,0,0,74.175,370.88,98.62,75.15,0,CIPLA,,M002
ZZZ2373,METOLAR XR 25MG CAP 1*15CAP,CAP,7.13,0,0,0,0,63.3555,451.72,85.16,64.88,0,CIPLA,,M002
CIPMEX501,METOLAR XR 50MG CAP 1*15TAB,CAP,11,0,0,9,1,77.283,850.11,121.96,92.93,0,CIPLA,,M002
SUNME5102,METOSARTAN 50MG TAB 1*10TAB,TAB,4,0,0,0,0,156.518,626.07,208.13,158.58,0,SUN,,M015
UNIME4101,METROGYL 400MG TAB 1*15TAB,TAB,2.12,0,0,0,0,25.38,53.81,32.55,26.74,0,UNIQUE,,M001
UNIMEDG01,METROGYL DG GEL 20GM,Pcs,1,0,0,0,0,63.73,63.73,84.72,64.57,0,UNIQUE,,
ZZZ11470,METROGYL M OIT 5GM,TAB.,2,0,0,0,0,142.7167,285.43,189.77,144.6,0,CAREWIN PHARMACETICULS,,
ALKMEI101,METRON I.V 100ML,Pcs,24,0,0,0,0,13.38,321.12,22.05,13.38,0,ALKEM LAB.,,
ZZZ8318,METSMALL 1000GM TAB 1*14TAB,TABS,6,0,0,0,0,41.8782,251.27,55.7,42.43,0,DR REDDYS,,M004
DRRMETE01,METSMALL 1000MG TAB 1*10TAB,TAB,6,0,0,0,0,41.878,251.27,55.69,42.43,0,DR REDDYS,,M004
ZZZ8011,METSMALL 500MG TAB 1*28TAB,TABS,4,0,0,0,0,47.8856,191.54,64.37,49.04,0,DR REDDYS,,M015
ZZZ10663,MET STAMLO 1*10,TAB.,2,0,0,0,0,126.663,253.33,166.64,126.98,0,DR REDDYS,,M011
1078,METTRON-400 1*15TAB,TAB.,2,0,0,0,0,10,20,24,10,0,JOHNSON,,
ALVME5101,METVIO CR 50MG TAB 1*10TAB,TAB,3,0,0,0,0,47.34,142.02,59.32,47.46,0,ALVIO,,M008
TETS88,MET XL-12.5MG TAB 1 X20,TAB.,4,0,0,0,0,82.4817,329.93,109.69,83.57,0,NICHOLAS,,M011
ZZZ11473,MET XL-25 MG TAB 1 X20,TAB.,31.1,0,0,0,0,67.496,2099.13,90.71,69.12,0,CAREWIN PHARMACETICULS,,M011
ZZZ4291,MET XL 50MG TAB 1*15TAB,TAB,6,0,0,0,0,92.8065,556.84,124.74,95.04,0,AJANTA,,M006
ZZZ9391,MET XL AM25/5 1*15,TABS,3,0,0,0,0,200.9265,602.78,264.38,201.43,0,AJANTA,,M016
AJAMEXA02,MET XL AM 50/5 TAB 1*10TAB,TABS,3,0,0,0,0,254.363,763.09,334.69,255,0,AJANTA,,M015
AJAMEXR03,MET XL R 50/5* 15 TAB,Pcs,6,0,0,0,0,302.812,1816.87,398.44,303.57,0,AJANTA,,M011
ZZZ6106,MET XL TRIO 50MG TAB 1*10TAB,TAB,5,0,0,0,0,206.568,1032.84,274.69,209.29,0,AJANTA,,M011
USVME1T02,METZOK 25MG TAB 1*10TAB,TAB,10,0,0,0,0,33.387,333.87,44.87,34.19,0,USV,,M004
MICMIS101,MICROCID SR TAB 1*10TAB,TAB,3,0,0,0,0,108.773,326.32,146.2,111.39,0,MICRO LAB,,M007
MICMI1T03,MICRODOX LBX CAP 1*10CAP,CAP,5,0,0,0,0,66.266,331.33,89.06,67.86,0,MICRO LAB,,M014
SURMII101,MICROPORE 1 1INCH,Pcs,12,0,0,0,0,31.27,375.24,126.56,31.27,0,3M,,
SURMII201,MICROPORE 2 2 INCH,Pcs,2,0,0,0,0,67.6,135.2,230.63,64.38,0,3M,,
CAD192,MIFIGEST KIT 1KIT,Pcs,1,0,0,0,0,142.59,142.59,433,140,0,CADILA,,SM
OTSMIK401,MIFTY KIT  4 TAB,Pcs,4,0,0,0,0,90,360,478,90,0,OTSIRA(GENETICA),,
00001290,MIGITUS 10MG TAB 1*10T,MPC,5,0,0,0,0,119.88,599.4,175.15,121.46,0,EMCURE,,M003
LESMI1101,MIGON 10MG TAB 1*10TAB,TAB,11,0,0,0,0,38.513,423.64,51.76,39.44,0,LE SANTE,,M009
ZZZ3676,MIGON PLUS TAB 1*10TAB,TAB,4,0,0,0,0,84.747,338.99,113.91,86.79,0,CADILA,,M008
000520,MIGON TAB 1X10 1*10,PCS,6,0,0,0,0,38.6917,232.15,51.45,39.2,0,INDCHEMIE HEALTH PRIMUS,,M009
ALKMIP101,MIGRABETA PLUS TAB 1*10TAB,TAB,0.8,0,0,0,0,115.957,92.77,167.81,116.25,0,ALKEM LAB.,,M002
ALKMIT201,MIGRABETA TR 20MG TAB 1*10TAB,TAB,6,0,0,0,0,38.23,229.38,51.35,39.15,0,ALKEM LAB.,,M002
ALKMIT401,MIGRABETA TR 40MG TAB 1*10TAB,TAB,5,0,0,0,0,38.386,191.93,51.59,39.31,0,ALKEM LAB.,,M002
ARIMI1I01,MIKACIN 100MG INJ 2ML,Pcs,8,0,0,10,8,18.065,144.52,43.7,33.3,0,ARISTO,,
ARIMI2I01,MIKACIN 250MG INJ 2ML,Pcs,7,0,0,1,1,24.9588,174.71,67.1,51.12,0,ARISTO,,
ARIMI5201,MIKACIN 500MG INJ 2ML,Pcs,4,0,0,0,0,45,180,115.73,45,0,ARISTO,,
ZZZ10446,MILDY AHF SHAMPOO 100ML,TAB.,4,0,0,0,0,248.1483,992.59,333.5,254.12,0,PURE AND CURE HEALTHCARE PVT.LTD.,,
PFIMIX201,MINIPRESS XL 2.5MG TAB 1*30TAB,TAB,3,0,0,0,0,432.75,1298.25,569.4,433.83,0,PFIZER LIMITED,,M006
ZZZ6763,MINOKEM F 5% SOLUTION 60ML,PHYL,1,0,0,0,0,655.72,655.72,881.25,671.51,0,ALKEM LAB.,,
OL610,MINOLUP 60ML,TAB.,1,0,0,0,0,370,370,765,370,0,MACLEODS,,
DRRMIFF01,MINTOP FORTE 5% FOAM 60GM,PCS,2,0,0,0,0,945.745,1891.49,1271,968.5,0,DR REDDYS,,
000533,MIRA-25 1*10TAB,TAB.,3,0,0,0,0,271.9267,815.78,361.6,275.51,0,SUN,,M012
USV106,MIRABIG-S 50MG 1*10TAB,TAB.,1,0,0,0,0,460.0567,460.06,605.34,461.21,0,USV PRIVATE LTD.,,M005
MICRO658,MIRAGO S 25 1*10,TAB.,3,0,0,0,0,317.25,951.75,421.88,321.43,0,SUN,,M002
4519,MIRAGO S 50 MG TAB 1*10,TAB.,1,0,0,0,0,451.9467,451.95,601,457.9,0,SUN,,M002
000342,MIRBEG 25 TAB,TAB.,3,0,0,0,0,211.3967,634.19,281.11,214.18,0,SUN,,M007
00000818,MIRBEG 50 1*10,TAB,3,0,0,0,0,320.03,960.09,430.1,327.73,0,IPCA,,M004
00000824,MIRBEG S 25MG TAB 1*10,PCS,2,0,0,0,0,328.94,657.88,442.08,336.86,0,IPCA,,M002
INTMI7101,MIRNITE 7.5MG TAB 1*10TAB,TAB,2,0,0,0,0,74.736,149.47,99.38,75.72,0,INTAS,,M003
ALKMI1101,MIRTAKEM 15MG TAB 1*10TAB,TAB,5,0,0,0,0,133.934,669.67,178.1,135.7,0,ALKEM LAB.,,M010
SUNMI1103,MIRTAZ 15MG TAB 1*10TAB,TAB,5,0,0,0,0,107.883,539.42,145,110.48,0,SUN,,M007
SUNMII101,MIRTAZ 7.5MG TAB 1*10TAB,TAB,2,0,0,0,0,71.03,142.06,90.94,71.03,0,SUN,,M007
SURMIE501,MISTY EYE DROP 10 ML,Pcs,2,0,0,0,0,79.71,159.42,128.43,85.71,0,NRI VISION CARE,,
ZZZ9224,MODLIP 10MG TAB 1*15TAB,TABS,2,0,0,0,0,60.5145,121.03,79.63,60.67,0,TORRENT,,M010
TORMO7101,MODLIP ASG 75MG CAP 1*10CAP,CAP,2,0,0,0,0,36.92,73.84,51.65,36.92,0,TORRENT,,M010
MICMOE101,MOISTANE EYE DROP 10ML,PCS,3,0,0,0,0,394.8067,1184.42,530.6,404.31,0,MICRO LAB,,A10023400
GLEMOC102,MOMATE F CREAM 10GM,PCS,1,0,0,0,0,260.895,260.9,350.63,267.18,0,GLENMARK,,
ZZZ3126,MOMATE XL CREAM 40GM,PCS,3,0,0,0,0,301.705,905.12,405.46,308.96,0,GLENMARK,,
INTMOC101,MOMESONE CREAM 0.1% 25 GM,Pcs,3,0,0,0,0,136.02,408.06,182.81,139.29,0,INTAS,,
INTMO1101,MONIT 10MG TAB 1*15TAB,TAB,16,0,0,0,0,31.0215,496.34,41.25,31.43,0,INTAS,,M012
INTMO2102,MONIT 20MG TAB 1*15TAB,TAB,6,0,0,0,0,51.267,307.6,68.91,52.5,0,INTAS,,M010
INTMOS601,MONIT 60 SR TAB 1*10TAB,TAB,5,0,0,0,0,66.608,333.04,89.53,68.21,0,INTAS,,M010
INTMOO102,MONIT GTN 2.6MG TAB 30TAB,PCS,5,0,0,0,0,209.4567,1047.28,281.5,214.5,0,INTAS,,
INTMO6101,MONIT GTN 6.4MG TAB 1*25T,PCS,7,0,0,0,0,262.3375,1836.36,352.6,268.65,0,INTAS,,
333INT0964,MONIT SR 30 1X10,PCS,4,0,0,0,0,80.912,323.65,108.75,82.86,0,INTAS,,M010
ARIMO1102,MONOCEF 1GM INJ 1VIAL,PCS,23,0,0,10,10,23.46,539.58,66.63,50.77,0,ARISTO,,AB03
ARIMO2I01,MONOCEF 250MG VIAL 1VIAL,VIAL,2,0,0,0,0,15.331,30.66,30.26,15.37,0,ARISTO,,AB-03
ARIMO5V01,MONOCEF 500MG INJ VIAL,Pcs,21,0,0,5,2,28.8404,605.65,53.7,40.91,0,ARISTO,,
ARIMOO101,MONOCEF O 100MG SUSP. 30ML,PCS,4,0,0,9,1,131.826,527.3,196.87,150,0,ARISTO,,
ARIMO1103,MONOCEF-O 100MG TAB 1*10TAB,TAB,1.5,0,0,0,0,127.54,191.31,167.81,127.86,0,ARISTO,,M006
ZZZ10250,MONOCEF-O 200MG TAB 10*10TAB,TAB.,8.5,0,0,5,1,126.514,1075.37,215.62,164.3,0,MEDLEY,,M006
ARIMOO501,MONOCEF O 50MG SUSP. 30ML,PCS,2,0,0,0,0,75.5067,151.01,111.56,76.5,0,ARISTO,,
ARIMOCD01,MONOCEF-O CV 100/62.50 SUSP. 30ML,PCS,5,0,0,9,1,134.968,674.84,201.56,153.57,0,ARISTO,,
ZZZ10249,MONOCEF O CV 200/125MG TAB 10* 1*10,TAB.,0.4,0,0,0,0,263.665,105.47,346.88,264.32,0,MEDLEY,,M006
ARIMOOS01,MONOCEF-O CV 50/31.25 SUSP. 30ML,PCS,2,0,0,0,0,101.1333,202.27,135.93,103.57,0,ARISTO,,
ARIMOD101,MONOCEF-O DROP* 15ML,Pcs,4,0,0,0,0,70.68,282.72,95,72.38,0,ARISTO,,
ARIMO1104,MONOCEF-SB 1GM VIAL 1VIAL,PCS,14,0,0,0,0,44.08,617.12,213.28,45.14,0,ARISTO,,
SUNMO1103,MONOTRATE 10MG TAB 1*10TAB,TAB,10,0,0,0,0,20.451,204.51,27.19,20.72,0,SUN,,M009
SUNMO2103,MONOTRATE 20MG TAB 1*10TAB,TAB,8,0,0,0,0,33.847,270.78,45,34.29,0,SUN,,M009
CIPMO1101,MONTAIR 10MG TAB 1*10TAB,TAB,5,0,0,0,0,196.053,980.27,263.49,200.77,0,CIPLA,,M007
ZZZ10251,MONTAIR LC TAB 1*15,STRI,0.1,0,0,0,0,287.0205,28.7,381.64,290.8,0,MEDLEY,,M009
CIPMOL101,MONTAIR LC TAB 1*15TAB,TABS,1,0,0,0,0,312.356,312.36,419.79,319.87,0,CIPLA,,M001
1148,MONTAS L TAB,TAB.,13,0,0,0,0,5,65,183,50,0,OTHER PRODUCTS,,M015
ARIMO1105,MONTAZ 125`  1 VAIL,Pcs,6,0,0,0,0,35.2217,211.33,61.54,36.07,0,ARISTO,,
ARIMO5I01,MONTAZ 500MG VAIL 1VAIL,PICS,9,0,0,0,0,67.29,605.61,153.75,68.91,0,ARISTO,,AB-03
000329,MONTEK LC TAB 1*15,TAB,2,0,0,0,0,277.068,554.14,368.44,280.72,0,SUN,,M015
ZZZ3874,MONTEMAC AL TAB 1*10TAB,TAB,3,0,0,0,0,146.473,439.42,196.87,150,0,MACLEODS,,M009
ZZZ10429,MONTINA FX CAP 1*10,TAB.,0.1,0,0,9,1,56.494,5.65,84.37,64.28,0,ARISTO,,M009
ZZZ10386,MONTINA-L DT TAB 1*10,TAB.,11.6,0,0,9,1,40.604,471.01,60,45.71,0,ARISTO,,M009
ARIMOOS02,MONTINA L SYRUP. 30ML,PCS,3,0,0,0,0,33.8933,101.68,50.62,34.71,0,ARISTO,,
ZZZ9524,MONTINA L SYRUP 60ML,PHYL,3,0,0,9,1,56.494,169.48,84.37,64.28,0,ARISTO,,
ZZZ10584,MONTINA L TABS 1*10,TAB.,4.3,0,0,9,1,54.062,232.47,84.37,64.28,0,ARISTO,,M009
ZZZ10348,MOOV 10GM OINT. 1X10GM 1,TAB.,12,0,0,0,0,57.25,687,68,56.21,0,PURE AND CURE HEALTHCARE PVT.LTD.,,
ZZZ10350,MOOV OINT 1 *30GM,TAB.,7,0,0,0,0,145.218,1016.53,180,142.58,0,PURE AND CURE HEALTHCARE PVT.LTD.,,
ZZZ10304,MOOV SPRAY 15GM 1,TAB.,7,0,0,0,0,50,350,90,50,0,PURE AND CURE HEALTHCARE PVT.LTD.,,
RECMOS301,MOOV SPRAY 35GM,PCS,7,0,0,0,0,153,1071,186,153,0,RECKITT,,
ZZZ10586,MORR F 5% LOTION 1X60ML,TAB.,1,0,0,0,0,632.48,632.48,850,647.7,0,ABBOTT,,
RALMO2101,MOX 250MG CAP 1*15CAP,CAP,3.1,0,0,0,0,27.825,86.26,38.43,29.28,0,SUN PHARMACEUTICALS,,M007
RALMO5101,MOX 500MG CAP 1*15,STRP,13.4,0,0,0,0,78.966,1058.14,117.77,89.74,0,RANBAXY LAB,,M007
ZZZ978,MOX CV 625MG TAB 1*10TAB,TAB,9.2,0,0,5,1,122.437,1126.42,195.38,148.86,0,SUN,,M012
TORMOO501,MOXIF 400MG TAB 1*5TAB,TAB,2,0,0,0,0,103.66,207.32,137.85,105.03,0,TORRENT,,M0012
MICMOE503,MOXIGRAM EYE DROP 5ML,Pcs,4,0,0,0,0,140.2067,560.83,188.43,143.58,0,MICRO,,
ZZZ6920,MOXIKIND CV 625MG TAB 1*10TAB,TABS,2.2,0,0,0,0,136.123,299.47,182.96,139.4,0,MANKIND,,M-01
000567,MOXILUP EYE DROP,TAB.,2,0,0,0,0,26.2533,52.51,138.75,25,0,SUN,,
MACMO0101,MOXOVAS 0.2MG TAB 1*10TAB,TAB,5,0,0,0,0,89.136,445.68,118.53,90.31,0,MACLEODS,,M010
MACMO0102, MOXOVAS 0.3MG TAB 1*10TAB,TAB,3,0,0,0,0,107.413,322.24,144.37,110,0,MACLEODS,,M003
0625,MOX SYP  S  1X30ML 1*30ML,PCS,3,0,0,0,0,22.4033,67.21,31.54,24.09,0,CORONA,,
INTMO5101,MOZA 5MG TAB 1*10TAB,TAB,5,0,0,0,0,83.403,417.02,112.1,85.41,0,INTAS,,M009
INTMOM102,MOZA MPS TAB 1*10TAB,TAB,5,0,0,0,0,102.01,510.05,137.1,104.46,0,INTAS,,M011
WYEMUGM01,MUCAINE GEL MINT 200ML,PCS,3,0,0,0,0,205.1233,615.37,275.68,210.06,0,PFIZER LIMITED,,
CIPMU1T01,MUCINAC 600MG TAB 1*10TAB,TAB,1.8,0,0,0,0,275.373,495.67,366.19,279,0,CIPLA,,M012
000309,MUCINAC AB 1*15TAB,TAB.,3,0,0,0,0,196.72,590.16,261.59,199.31,0,MACLEO,,M011
3269,MULMINA MANGO SYRUP 200,TAB.,1,0,0,5,1,28.5033,28.5,45,34.29,0,BIOLOG,,
HIFEN749,MULTIDEX-AZ CAP 20*10,PCS,12,0,0,0,0,12.233,146.8,183.75,11.65,0,INDCHEMIE HEALTH PRIMUS,,
HIFEN878,MUOUT XL 38GM,TAB.,6,0,0,0,0,332.5883,1995.53,442.27,336.97,0,INDCHEMIE HEALTH PRIMUS,,
IFEN431,MUPINEC 10GM OINT,TAB.,5,0,0,0,0,80,400,216.71,80,0,ALKEM METABOLICS,,
USVMV1M01,M.V.I.INJ 10ML,Pcs,6,0,0,0,0,23.69,142.14,31.17,23.75,0,USV,,
000573,MY AID DIAPER L 2PC,TAB.,5,0,0,0,0,90,450,150,90,0,AAREEN PHARMA,,
000572,MY AID DIAPER XL 1*10,TAB.,3,0,0,0,0,300,900,600,300,0,AAREEN PHARMA,,
000574,MY AID DIAPER XL 2PC,TAB.,6,0,0,0,0,72,432,120,72,0,AAREEN PHARMA,,
000575,MY AID KNEE CAP L,TAB.,3,0,0,0,0,140,420,250,140,0,AAREEN PHARMA,,
000577,MY AID KNEE CAP M,TAB.,1,0,0,0,0,140,140,250,140,0,AAREEN PHARMA,,
000576,MY AID KNEE CAP S,TAB.,3,0,0,0,0,140,420,250,140,0,AAREEN PHARMA,,
CADMY6101,MYCOBUTOL 600MG TAB 1*10TAB,TAB,5,0,0,0,0,33.116,165.58,43.58,33.2,0,CADILA,,M010
CADMY8101,MYCOBUTOL 800MG TAB 1*10TAB,TAB,3,0,0,0,0,40.188,120.56,52.88,40.29,0,CADILA,,M010
IFEN441,MYCODERM-NM CREAM,TAB.,2,0,0,0,0,87,174,116.6,87,0,ALKEM METABOLICS,,
000563,MYELOXE OD  TAB 1*10,TAB.,4,0,0,0,0,124.69,498.76,175,125,0,SUN,,M005
000416,MYLO BOTTEL 125 ML,TAB.,4,0,0,0,0,77.4,309.6,129,77.4,0,LUPIN,,
000624,MYLO GLASS FEEDER 250ML,TAB.,2,0,0,0,0,247.5,495,379,247.5,0,OTHER PRODUCTS,,
000412,MYLO L 28 PAINTS,TAB.,4,0,0,0,0,240,960,399,240,0,LUPIN,,
000413,MYLO L 7 PAINTS,TAB.,9,0,0,0,0,65,585,99,65,0,LUPIN,,
000415,MYLO M 32 PAINTS,TAB.,4,0,0,0,0,240,960,399,240,0,LUPIN,,
000414,MYLO M 8 PAINTS,TAB.,9,0,0,0,0,65,585,99,65,0,LUPIN,,
HIFEN937,MYLO NB 42 PAINTS,TAB.,6,0,0,0,0,240,1440,399,240,0,SUN,,
000474,MYLO NIPPLE,TAB.,44,0,0,0,0,45,1980,79,45,0,UNICHEM,,
000598,MYLO P BOTTEL 250ML,TAB.,4,0,0,0,0,101.33,405.32,169,101.33,0,ARISTO PHARMACEUTICALS MF-3,,
000625,MYLO POWDER 100GM,TAB.,2,0,0,0,0,90,180,129,90,0,OTHER PRODUCTS,,
000623,MYLO RASES CREAM,TAB.,5,0,0,0,0,96.66,483.3,149,96.66,0,OTHER PRODUCTS,,
000411,MYLO S 38 DIPPER,TAB.,9,0,0,0,0,240,2160,399,240,0,LUPIN,,
HIFEN931,MYLO STEEL BOTTEL,TAB.,1,0,0,0,0,336,336,561,336,0,SUN,,
000418,MYLO WIPES 72,TAB.,18,0,0,0,0,50,900,179,50,0,LUPIN,,
TROMYS201,MYONIT SR 2.6MG TAB 30TAB,Pcs,5,0,0,0,0,240.1533,1200.77,319.35,243.32,0,TROIKAA,,
TROMYS601,MYONIT SR 6.4MG TAB 30TAB,PCS,3,0,0,0,0,300.22,900.66,399.23,304.17,0,TROIKAA,,
ARIMYX201,MYOPROL XL 25MG TAB 1*10TAB,TAB,2,0,0,0,0,30.113,60.23,40.05,30.51,0,ARISTO,,M010
TORMY4101,MYORIL 4MG CAP 1*10CAP,CAP,2,0,0,0,0,227.48,454.96,299.3,228.04,0,TORRENT,,M013
SANMYI201,MYORIL 4MG INJ 2ML,Pcs,6,0,0,0,0,52.065,312.39,69.23,52.75,0,SANOFI-SYNTHELABO,,
TORMY8101,MYORIL 8MG CAP 1*10CAP,CAP,5,0,0,0,0,358.696,1793.48,482.06,367.33,0,TORRENT,,M013
3229,MYORIL MAXX TAB 1*10TAB,TAB.,2,0,0,0,0,156.6367,313.27,208.3,158.7,0,BIOLOG,,M013
WINMY1T01,MYOSPAS D TAB 1*10TAB,TAB,4,0,0,0,0,239.945,959.78,322.5,245.72,0,WIN-MEDICARE,,M015
WINMY1T02,MYOSPAZ FORTE TAB 1*10TAB,TAB,6,0,0,0,0,286.802,1720.81,381.09,290.58,0,WIN-MEDICARE,,M0015
ZZZ1222,MYOTOP P TAB 1*10TAB,TAB,4,0,0,9,1,136.026,544.1,203.15,154.78,0,ZUVENUS HELTHCARE,,M015
ARIMYY101,MY-PILL` 1 *21,Pcs,3,0,0,0,0,327.6867,983.06,415,332,0,ARISTO,,M002
HIFEN743,NADOMAC-25 1ML 10*1ML 10*1 ML,PCS,16,0,0,0,0,19.966,319.46,398.44,16.92,0,INDCHEMIE HEALTH PRIMUS,,
WL6NAC102,NADOXIN CREAM 10GM,Pcs,3,0,0,0,0,137.2267,411.68,184.45,140.53,0,WOCKHARDT LTD,,
ZZZ6086,NADOXIN PLUS CREAM 10GM,PCS,3,0,0,0,0,141.76,425.28,190.52,145.17,0,WOCKHARDT LTD,,
INTNA5101,NAFODIL 50MG TAB 1*10TAB,TAB,4,0,0,0,0,123.945,495.78,166.6,126.93,0,INTAS,,N002
00001299,NAFODIL 75MG TAB 1*10TAB,PCS,3,0,0,0,0,142.283,426.85,191.25,145.71,0,INTAS,,N002
ZZZ1057,NAILROX CREAM 20GM,PHYL,2,0,0,0,0,118.5767,237.15,159.38,121.43,0,INTAS,,
ZZZ7823,NAN EXCELLA PRO 1 400GM,PHYL,1,0,0,0,0,2353,2353,2586,2353,0,NESTLE,,
ZZZ3200,NAN LO-LAC POW 400GM,PCS,1,0,0,0,0,564,564,620,564,0,NESTLE,,
NESNA1R01,NAN PRO 1 REF 400 GM,Pcs,4,0,0,0,0,705,2820,775,705,0,NESTLE,,
NESNA2R01,NAN PRO 2 REF 400 GM,Pcs,3,0,0,0,0,705.26,2115.78,775,705.26,0,NESTLE,,
NESNA3R01,NAN PRO 3 REF 400 GM,Pcs,5,0,0,0,0,705.26,3526.3,775,705.26,0,NESTLE,,
NESNA4R01,NAN PRO 4 REF 400 GM,Pcs,4,0,0,0,0,681.66,2726.64,743.01,649.2,0,NESTLE,,
TETS160,NAN PRO EXCELLA PRO 1,TAB.,1,0,0,0,0,864,864,950,864,0,NICHOLAS,,
INTNA1T01,NAPRA D 500MG TAB 1*10TAB,TAB,13,0,0,0,0,89.983,1169.78,120.94,92.15,0,INTAS,,N002
RPGNA2101,NAPROSYN 250MG TAB 1*15TAB,TAB,6,0,0,0,0,80.7,484.2,115.69,82.64,0,RPG,,N002
NAPS,NAPROSYN 500MG TAB 10X15,Pcs,2,0,0,0,0,109.9433,219.89,147.77,112.59,0,RPG,,N006
RPGNA5101,NAPROSYN 500MG TAB 1*15TAB,TAB,0.1,0,0,0,0,111.126,11.11,147.76,112.59,0,RPG,,N006
1352,NASELIN SALIN SPRAY 20ML,TAB.,8,0,0,0,0,22.5,180,55.6,22.5,0,CIPLA,,
000781,NASIVION CLASSIC ADULT 10ML 1 PC,Pcs,5,0,0,0,0,84.534,422.67,112.41,85.65,0,P G HEALTH LTD,,
ZZZ3892,NASOCLEAR MIST NASAL SPRAY 1PCS,PCS,1,0,0,0,0,380.66,380.66,500.88,381.62,0,MIDAS CARE,,
ZZZ3049,NASOCLEAR SALINE NASAL SPRAY 20ML,PCS,3,0,0,0,0,54.292,162.88,72.98,55.6,0,GERMAN REMEDIES,,
ZZZ000295,NAVRATAN COOL POWDER 100GM,TAB.,5,0,0,0,0,92.5,462.5,105,92.5,0,ROCHE DIAG.,,
ZZZ000297,NAVRATAN GREEN OIL 45ML,TAB.,6,0,0,0,0,36,216,42,36,0,ROCHE DIAG.,,
USV143,NAVRATAN GREEN OIL 90ML,TAB.,8,0,0,0,0,70,560,80,70,0,USV PRIVATE LTD.,,
USV144,NAVRATAN LAAL TEL 180,TAB.,3,0,0,0,0,130,390,145,130,0,USV PRIVATE LTD.,,
ZZZ000296,NAVRATAN LAL OIL 90ML,TAB.,5,0,0,0,0,79,395,89,79,0,ROCHE DIAG.,,
USV142,NAVRATAN LAL TAIL 45ML,TAB.,6,0,0,0,0,39,234,44,39,0,USV PRIVATE LTD.,,
OL609,NAVRATNA COOL POWDWR 50G,TAB.,5,0,0,0,0,40,200,50,40,0,MACLEODS,,
SUNNA2104,NAXDOM 250MG TAB 1*15TAB,TAB,5,0,0,0,0,95.23,476.15,128,97.52,0,SUN,,N007
000006,NAXDOM 500MG TAB 1*10TAB,TAB,3.8,0,0,0,0,145.137,551.52,193,147.05,0,SUN,,N007
ARINE1T01,NEBI 2.5MG TAB 1*10TAB,TAB,13,0,0,0,0,59.294,770.82,79.69,60.72,0,ARISTO,,N003
ARINE5101,NEBI 5MG TAB 1*10TAB,TAB,9,0,0,0,0,87.18,784.62,117.18,89.28,0,ARISTO,,N003
ARINEA101,NEBI AM TAB 1*10TAB,TAB,6,0,0,0,0,102.223,613.34,135.93,103.57,0,ARISTO,,N003
ZZZ8682,NEBICARD 2.5MG TAB 1*15TAB,TABS,5,0,0,0,0,133.7805,668.9,177.9,135.54,0,TORRENT,,NOO6
TORNE5101,NEBICARD 5MG TAB 1*10TAB,TAB,5,0,0,0,0,143.746,718.73,191.15,145.64,0,TORRENT,,N006
TORNEE101,NEBICARD H TAB 1*10TAB,TAB,4,0,0,0,0,219.253,877.01,291.56,222.14,0,TORRENT,,N006
ZZZ8387,NEBICARD H TAB 1*15TAB,TABS,3,0,0,0,0,219.243,657.73,291.55,222.13,0,TORRENT,,
ZZZ4817,NEBICARD T TAB 1*10TAB,TAB,3,0,0,0,0,252.313,756.94,335.53,255.64,0,TORRENT,,N007
000246,NEBILONG 2.5MG TAB,TAB.,5,0,0,0,0,97.66,488.3,137.8,105.01,0,INDCHEMIE HEALTH PRIMUS,,N006
MICNEA101,NEBILONG AM TAB 1*10TAB,TAB,3,0,0,0,0,142.303,426.91,191.25,145.73,0,MICRO LAB,,NOO6
MICNE1T01,NEBILONG-H* 10 TAB,Pcs,3,0,0,0,0,81.783,245.35,108.75,82.86,0,MICRO LAB,,N006
MICNE1T02,NEBILONG TAB 1*10TAB,TAB,3,0,0,0,0,102.533,307.6,137.8,105,0,MICRO LAB,,N002
00000579,NEERI-KFT SYP 200ML,TAB.,5,0,0,5,1,387.56,1937.8,625,476.25,0,AMIL PHARMA,,
AMPNE2201,NEERI SYRUP 200 ML,Pcs,8,0,0,5,1,196.56,1572.48,317,241.55,0,AMIL PHARMA,,
AMPNET301,NEERI TAB 1*30TAB,TAB,3.2,0,0,0,0,143.703,459.85,193.12,147.16,0,AMIL PHARMA,,N002
000541,NEFROGARD 1*15TAB,TAB.,3,0,0,0,0,204.96,614.88,272.55,207.66,0,SUN,,N002
FOUNEF101,NEFROSAVE FORTE TAB 1*15TAB,TAB,6,0,0,0,0,294.66,1767.96,396,301.75,0,FOURRTS (INDIA),,N001
1345,NEFROSAVE KETO TAB 1*15,TAB.,10,0,0,0,0,277.5367,2775.37,373,284.22,0,CIPLA,,N006
FOUNE1T01,NEFROSAVE TAB 1*10TAB,TAB,5,0,0,9,1,173.447,867.24,259,197.35,0,FOURRTS (INDIA),,N003
RAPNE3M01,NEOGADINE ELEXIR SYRUP. 300ML,PCS,3,0,0,0,0,195.03,585.09,247,197.6,0,RAPTAKOS,,
1101,NEOGARDINE 300ML SYP 1X300ML 1*300ML,PCS,1,0,0,0,0,192.9533,192.95,247,197.6,0,SUN,,
NICNE1101,NEO MERCAZOLE 10MG TAB 100TAB,PCS,1,0,0,0,0,439.7567,439.76,591.04,450.34,0,ABBOTT,,
NICNE5101,NEO MERCAZOLE 5MG TAB 100TAB,Pcs,6,0,0,0,0,228.3333,1370,303.64,231.34,0,ABBOTT,,
NEPNEI101,NEOMOL I.V 100ML,Pcs,1,0,0,0,0,35.65,35.65,574,35,0,NEON PHARMA,,
HIFEN747,NEOPEP 1*60 ML,PCS,4,0,0,0,0,16.4733,65.89,90,13.96,0,INDCHEMIE HEALTH PRIMUS,,
HIFEN748,NEOPEP DROP 1*15 ML,PCS,4,0,0,0,0,12.9767,51.91,42.19,12.36,0,INDCHEMIE HEALTH PRIMUS,,
RAPNEC101,NEOPEPTINE CAP 1*10CAP,CAP,4,0,0,0,0,59.033,236.13,78.5,59.81,0,RAPTAKOS,,N003
RAPNED101,NEOPEPTINE DROP 15ML,PCS,8,0,0,0,0,88.355,706.84,117.5,89.52,0,RAPTAKOS,,
RAPNES101,NEOPEPTINE LIQUID 100ML,Pcs,1,0,0,0,0,136.87,136.87,182,138.67,0,RAPTAKOS,,
ZZZ3497,NEOPEPTINE LIQUID 60ML,PCS,10,0,0,0,0,103.7725,1037.73,138,105.14,0,RAPTAKOS,,
INTNE1T04,NEOPRIDE 25MG TAB 1*10TAB,TAB,3,0,0,0,0,72.243,216.73,101.95,77.68,0,INTAS,,N003
INTNE1G01,NEOPRIDE 50MG TAB 1*10TAB,TAB,3,0,0,0,0,109.503,328.51,147.19,112.14,0,INTAS,,N003
ZZZ10252,NEOSPORIN ANTIBIOTIC OINT. 1X1,TAB.,5,0,0,0,0,97.4164,487.08,135.7,103.4,0,MEDLEY,,
GLANEP101,NEOSPORIN POWDER 10GM,PCS,5,0,0,0,0,81.434,407.17,107.15,81.64,0,GLAXO,,
AJANEED01,NEPAFLAM EYE DROP 5ML,Pcs,3,0,0,0,0,192.5267,577.58,258.75,197.16,0,AJANTA,,
SUNNEED01,NEPALACT Z EYE DROP 5ML,Pcs,5,0,0,0,0,194.5967,972.98,261.56,199.28,0,SUN,,
1072,NEPTAZ-100 1*10TAB,TAB.,3,0,0,0,0,374.8675,1124.6,503.86,383.89,0,JOHNSON,,N004
HIFEN911,NEPTAZ 50,TAB.,3,0,0,0,0,273.4683,820.4,363.66,277.07,0,INDCHEMIE HEALTH PRIMUS,,N007
ZZZ11459,NERVITE XT 1X10,TAB.,3,0,0,0,0,240.6867,722.06,323.5,246.48,0,CAREWIN PHARMACETICULS,,N001
ANPNEF101,NEUROBION FORTE 10 TABL,Pcs,11,0,0,0,0,37.934,417.27,47.53,38.03,0,A.N.PHARMACIA,,
ZZZ10464,NEUROBION FORTE TAB 1*30,TAB.,0.5,0,0,0,0,37.536,18.77,47.53,38.03,0,PURE AND CURE HEALTHCARE PVT.LTD.,,N001
ZZZ1905,NEUROBION PLUS TAB 1*10TAB,TAB,2,0,0,0,0,145.13,290.26,195.06,148.62,0,MERCK,,N001
000005871,NEUROKEM-50 1*10TAB,TAB.,1,0,0,0,0,95.876,95.88,127.5,97.14,0,TORRENT PHARMA VIVA,,N001
000300,NEUROKEM D 75/20 1*10TAB,TAB.,5,0,0,0,0,182.02,910.1,244.65,186.4,0,MACLEO,,N007
ZZZ7434,NEUROKEM NT 50MG TAB 1*10TAB,TABS,10,0,0,0,0,186.247,1862.47,267,190.73,0,ALKEM LAB.,,N006
EMBNE1C01,NEUTOIN 100MG TAB 1*10TAB,TAB,21,0,0,0,0,13.897,291.84,18.48,14.08,0,SALAS PHARMA,,N006
ALKNE1102,NEWCITA 10MG TAB 1*10TAB,TAB,4,0,0,0,0,107.377,429.51,153.89,109.96,0,ALKEM LAB.,,N005
ZZZ4669,NEWCITA LITE TAB 1*10TAB,TAB,6,0,0,0,0,105.344,632.06,141.57,107.88,0,PENTACARE,,N007
ALKNEP101,NEWCITA PLUS TAB 1*10TAB,TAB,4,0,0,0,0,222.817,891.27,299.45,228.18,0,ALKEM LAB.,,N007
ZZZ10589,NEW DAROLAC SACHET 10 X2GM,TAB.,1,0,0,0,0,113.79,113.79,154.6,117.79,0,ABBOTT,,
000137,NEW GRAMOGYL TAB 20*10 1*10,PCS,9,0,0,0,0,34.963,314.67,111.56,29.63,0,INDCHEMIE HEALTH PRIMUS,,
ZZZ11188,NEW MODLIP ASG 75MG CAP 1 X10,TAB.,2,0,0,0,0,36.795,73.59,48.42,36.89,0,CIPLA,,
ZZZ7479,NEWTEL  40 TAB 1*10TAB,TABS,4,0,0,0,0,33.695,134.78,44.34,33.78,0,SYSTOPIC,,N001
00001137,NEWTEL AM 1*10T,MPC,3,0,0,0,0,37.06,111.18,48.75,37.15,0,SYSTOPIC,,N001
000262,NEWTEL-CH 40 1*10TAB,TAB.,18,0,0,0,0,33.845,609.21,45,34.29,0,INDCHEMIE HEALTH PRIMUS,,NOO1
HIFEN745,NEW TOREX JUNIOR 60ML SYP 12*6 60 ML*12,PCS,2,0,0,0,0,30.2067,60.41,140.6,25.6,0,INDCHEMIE HEALTH PRIMUS,,
ZZZ9653,NEXIRON LP TAB 1*10TAB,TABS,1,0,0,0,0,71.37,71.37,102.18,73.88,0,ZYDUS HEALTHCARE,,N004
SUNNE1102,NEXITO 10MG TAB 1*10TAB,TAB,9,0,0,0,0,107.298,965.68,144.22,109.88,0,SUN,,N007
A000412,NEXITO 15 1*10,PCS,3,0,0,0,0,118.0633,354.19,157,119.62,0,SUN,,N007
SUNNE5102,NEXITO 5MG TAB 1*10TAB,TAB,6,0,0,0,0,59.84,359.04,80.43,61.28,0,SUN,,N006
SUNNEF102,NEXITO FORTE TAB 1*10TAB,TABS,9,0,0,0,0,148.8,1339.2,200,152.38,0,SUN,,N006
SUNNEL101,NEXITO LS TAB 1*10TAB,TAB,6,0,0,0,0,205.158,1230.95,272.81,207.86,0,SUN,,N006
ZZZ10778,NEXITO PLUS CAP 1X10,TAB.,2,0,0,0,0,94.8567,189.71,127.5,97.14,0,NESTLE,,N007
MACNE1101,NEXOVAS 10MG TAB 1*10TAB,TAB,5,0,0,0,0,152.3,761.5,212.66,162.02,0,MACLEODS,,N007
MACNE4101,NEXOVAS O 40MG TAB 1*10TAB,TAB,11,0,0,0,0,161.123,1772.35,216.56,165,0,MACLEODS,,N006
HIFEN410,NEXOVAS TM 25 1*10,TAB.,3,0,0,0,0,105.4933,316.48,141.79,108.03,0,TORENT PHARMACEUTICALS LTD.,,N007
.1764,NEXOVAS TM 50 1*10,PCS,5,0,0,0,0,141.544,707.72,190.25,144.95,0,MACLEODS,,N007
TORNE2104,NEXPRO 20MG TAB 1*15TAB,TAB,6,0,0,0,0,89.67,538.02,126.55,96.42,0,TORRENT,,N004
TORNE4102,NEXPRO 40MG TAB 1*15TAB,TAB,1.1,0,0,0,0,141.003,155.1,187.5,142.86,0,TORRENT,,N004
TORNEF201,NEXPRO FAST 20MG TAB 1*10TAB,TAB,6,0,0,0,0,95.177,571.06,126.56,96.43,0,TORRENT,,N007
TORNEF401,NEXPRO FAST 40MG TAB 1*10TAB,TAB,14,0,0,0,0,115.429,1616.01,153.5,116.95,0,TORRENT,,N02
ZZZ6178,NEXPRO HP KIT TAB 6TAB,TABS,9,0,0,0,0,179.055,1611.5,238.1,181.41,0,TORRENT,,N002
TORNE1T01,NEXPRO-IT` 10 TABL,Pcs,3,0,0,0,0,143.52,430.56,190.85,145.41,0,TORRENT,,N002
TORNEC101,NEXPRO L TAB 1*10TAB,TAB,4,0,0,0,0,234.593,938.37,315.28,240.24,0,TORRENT,,N004
TORNER401,NEXPRO RD 40MG CAP 1*10CAP,CAP,4,0,0,0,0,142.812,571.25,191.95,146.25,0,TORRENT,,N006
000374,NICARDIA RETARD 10MG TAB 1*10,TAB,3,0,0,0,0,79.65,238.95,105.9,80.7,0,J.B.CHEMICALS PHARMICUTACELS,,N006
UNINIX101,NICARDIA XL 30 1*10T,Pcs,4,0,0,0,0,220.99,883.96,293.86,223.9,0,UNIQUE,,N002
CIPNIPT01,NICIP PLUS TAB. 1*10TAB,TAB,100.4,0,0,0,0,14.543,1460.12,61.03,13.85,0,CIPLA,,
NICNI1201,NICODUCE 10MG TAB 20TAB,PCS,2,0,0,0,0,559.885,1119.77,753.76,573.36,0,ABBOTT,,
NICNI5201,NICODUCE 5MG TAB 20TAB,PCS,4,0,0,0,0,373.3667,1493.47,501.78,382.35,0,ABBOTT,,
LUPNI1101,NICOSTAR 10MG TAB 20TAB,PCS,2,0,0,0,0,406.805,813.61,529.69,403.58,0,LUPIN,,N007
000007,NICOSTAR 5 MG 1*30TAB,TAB,3,0,0,0,0,308.0767,924.23,409.6,312.13,0,F.D.C.,,RB-02
INTNIT101,NIFTAS 100MG TAB 1*10TAB,TAB,5,0,0,0,0,90.218,451.09,121.25,92.39,0,INTAS,,N002
INTNI5101,NIFTAS 50MG TAB 1*10TAB,TAB,4,0,0,0,0,64.342,257.37,86.48,65.89,0,INTAS,,N002
ZZZ10590,NIFTAS TAB 1*10 TAB,TAB.,2,0,0,0,0,90.22,180.44,121.25,92.39,0,INTAS,,N002
TORNI1201,NIKORAN 10MG TAB 20TAB,PCS,2,0,0,0,0,527.785,1055.57,694.45,529.11,0,TORRENT,,FREEZ
TORNI5201,NIKORAN 5MG TAB 20TAB,PCS,3,0,0,0,0,368.1,1104.3,494.76,376.96,0,TORRENT,,FREEZ
INTNIT102,NILOL TAB 1*10TAB,TAB,6,0,0,0,0,79.527,477.16,106.88,81.44,0,INTAS,,N003
000405,NIMULID STRONG SPRAY 42GM,TAB.,6,0,0,0,0,80,480,160,80,0,MACLEODS,,
DRRNI1101,NISE TAB 1*15TAB,TAB,10.8,0,0,0,0,97.491,1052.9,134.53,105.51,0,DR REDDYS,,N001
5202,NITRO 2.6,TAB.,1,0,0,0,0,193.265,193.27,257,195.81,0,KNOLL,,
000557,NITRO 2.6 1*30TAB,TAB.,3,0,0,0,0,193.2867,579.86,257,195.83,0,SUN,,
THDNII101,NITRO 6.4MG TAB 30TAB,Pcs,3,0,0,0,0,272.05,816.15,365.62,278.6,0,THREE DOTS,,
MODNI2201,NITROCONTIN 2.6MG TAB 30TAB,TABS,10,0,0,0,0,289.0517,2890.52,384.38,292.86,0,MODIMUNDI PHARMA,,
MODNI6201,NITROCONTIN 6.4MG TAB 30TAB,Pcs,12,0,0,0,0,375.76,4509.12,499.68,380.71,0,MODIMUNDI PHARMA,,
MICNI3S01,NITROFIX SR 30MG TAB 1*10TAB,TAB,8,0,0,0,0,42.488,339.9,57.1,43.51,0,MICRO LAB,,N003
MICNI6S01,NITROFIX SR 60MG TAB 1*10TAB,TAB,8,0,0,0,0,55.377,443.02,74.44,56.71,0,MICRO LAB,,N003
MANNII102,NITROLONG-2.6MG TAB 25TAB,Pcs,12,0,0,0,0,162.322,1947.86,229.06,174.54,0,MANKIND,,
ZZZ5530,NITROLONG 2.6MG TAB 30TAB,TABS,4,0,0,0,0,187.4767,749.91,251.96,191.99,0,MANKIND,,
MANNII103,NITROLONG-6.4MG TAB 25TAB,Pcs,4,0,0,0,0,249.828,999.31,335.78,255.84,0,MANKIND,,
00000715,NITYAM CHURN 1*100GRM,PCS,6,0,0,0,0,43.4933,260.96,54.38,43.15,0,EMAMI,,
000562,NIZATEL 40 1*10,TAB.,5,0,0,0,0,50.922,254.61,67,51.05,0,SUN,,N004
000564,NIZATEL AM TAB 1*10,TAB.,5,0,0,0,0,88.876,444.38,117.19,89.1,0,SUN,,N005
USV134,NIZATEL BETA 50,TAB.,4,0,0,0,0,106.094,424.38,139.6,106.36,0,USV PRIVATE LTD.,,N002
000139,NIZATEL CT 1X10 1*10,PCS,4,0,0,0,0,105.9467,423.79,139.69,106.21,0,INDCHEMIE HEALTH PRIMUS,,N007
000397,NIZATEL LN 1X10 1*10,PCS,3,0,0,0,0,103.022,309.07,128.44,104.38,0,MACLEODS,,N006
MANNO1T03,NOBLOK-TAB 1*10TAB,Pcs,6,0,0,5,1,28.687,172.12,45.29,34.51,0,MANKIND,,N002
CADNO1101,NODON 10* 10,Pcs,3,0,0,0,0,195.58,586.74,257.34,196.07,0,CADILA,,N002
ZZZ6237,NODON 2.5MG TAB 1*15TAB,TAB,4,0,0,0,0,70.7955,283.18,95.16,72.5,0,CADILA,,N006
ZZZ9197,NODON 5MG TAB 1*15TAB,TABS,4,0,0,0,0,192.8745,771.5,259.21,197.52,0,CADILA,,N003
STMNO1T01,NODOSIS-DS TAB 1*15TAB,TAB,7,0,0,0,0,69.0015,483.01,93.75,71.43,0,STEADFAST MEDISHIELD,,N-003
ZZZ10236,NODOSIS GST TAB 1*10TAB,TABS,6,0,0,0,0,34.518,207.11,46.4,35.35,0,STEADFAST MEDISHIELD,,N003
ZZZ5703,NODOSIS TAB 1*15TAB,TABS,6,0,0,5,1,33.1335,198.8,53.44,40.72,0,STEADFAST MEDISHIELD,,N003
ZZZ11301,NOLE TAB 20*10,TAB.,15.6,0,0,0,0,33.947,529.57,86.11,32.33,0,CIPLA,,
001751,NO-NOZI,TAB.,4,0,0,0,0,20,80,54,20,0,ABBOTT INDIA LIMITED,,
CIPNO4101,NORFLOX 400MG TAB 1*10TAB,TAB,4,0,0,5,1,58.563,234.25,94.44,71.96,0,CIPLA,,N006
CIPNO1T01,NORFLOX TZ TAB 1*10TAB,TAB,1.6,0,0,0,0,83.159,133.05,134.1,85.16,0,CIPLA,,N006
SUNNOTE01,NORMO TEARS EYE DROP 10ML,Pcs,2,0,0,0,0,402.0433,804.09,529,403.05,0,SUN PHARMACEUTICALS,,
ZZZ4581,NORTIMER TAB 1*10TABS,TABS,3,0,0,0,0,46.737,140.21,62.81,47.86,0,INTAS,,N002
ZZZ1274,NORTIPAN DM TAB 1*10TAB,TAB,3,0,0,0,0,164.61,493.83,221.25,168.57,0,MEDLEY,,N001
LUPNO1103,NOVASTAT 10MG TAB 1*15TAB,TAB,3,0,0,0,0,284.583,853.75,382.5,291.43,0,LUPIN,,N006
ZZZ7347,NOVASTAT 20MG TAB 1*15TAB,TABS,1,0,0,0,0,524.3295,524.33,704.75,536.95,0,LUPIN,,N003
LUPNO5101,NOVASTAT 5MG TAB 1*15TAB,TAB,8,0,0,0,0,171.9015,1375.21,231.05,176.04,0,LUPIN,,N006
000172,NOVASTAT EZ TAB 1*10,TAB.,4,0,0,0,0,205.0667,820.27,316.45,210,0,INDCHEMIE HEALTH PRIMUS,,N007
00000420,NOVASTAT GOLD 20 1*10T,TAB.,3,0,0,0,0,273.34,820.02,367.4,279.92,0,LUPIN,,N005
ZZZ7249,NOVASTAT GOLD TAB 1*10TAB,TABS,3,0,0,0,0,178.357,535.07,239.7,182.65,0,LUPIN,,N002
ZZZ8732,NOVASTAT TG 10MG TAB 1*15TAB,TABS,2,0,0,0,0,367.134,734.27,493.45,375.97,0,LUPIN,,N006
00000419,NOVASTAT TG 20 1*10T,TAB.,3,0,0,0,0,383.913,1151.74,510.5,388.97,0,LUPIN,,N002
ZZZ5581,NOVASTAT TG 5MG TAB 1*10TAB,TAB,6,0,0,0,0,142.337,854.02,189.28,144.21,0,LUPIN,,N007
ZZZ2711,NOVOFINE NEEDLE 31G 1*1,PCS,25,0,0,0,0,13.1868,329.67,15.57,13.22,0,SURGICAL,,
3399,NOVOFINE NIDIL 32G 4MM 4MM,PCS,48,0,0,0,0,14.4752,694.81,17.13,14.36,0,BIOLOG,,
HIFEN752,N.S 0.9 % FFS,PCS,13,0,0,0,0,19.5424,254.05,36.6,18.8,0,INDCHEMIE HEALTH PRIMUS,,
00000407,NS 100ML 100ML,TAB.,6,0,0,0,0,12,72,21,12,0,ALBERT DAVID,,
000496,NT PEG LS 1*14GM,PCS,6,0,0,0,0,141.7867,850.72,186,142.14,0,CONCEPT BIOSCIENCES PVT LTD,,N002
THDNU1T01,NUCLONA 0.25MG TAB 1*10TAB,TAB,4,0,0,0,0,15.12,60.48,21.1,16.08,0,THREE DOTS,,N003
THDNU1T02,NUCLONA 0.50MG TAB 1*10TAB,TAB,12,0,0,0,0,24.636,295.63,32.76,24.96,0,THREE DOTS,,N003
MANNU1T08,NUCORT M 16MG TAB 1*10TAB,TAB,7,0,0,0,0,91.363,639.54,122.8,93.56,0,MANKIND,,N001
MANNUT102,NUCORT M 4MG TAB 1*10TAB,TAB,1.1,0,0,0,0,43.688,48.06,58.72,44.74,0,MANKIND,,N001
CADNU1103,NUCOXIA 120MG TAB 1*10TAB,TAB,2,0,0,0,0,176.03,352.06,236.58,180.27,0,CADILA,,N004
CADNU6101,NUCOXIA 60MG TAB 1*10TAB,TAB,2,0,0,0,0,207.737,415.47,276.21,210.47,0,CADILA,,N004
CADNU9101,NUCOXIA 90MG TAB 1*10TAB,TAB,5,0,0,0,0,236.2455,1181.23,317.53,241.93,0,CADILA,,N004
CADNUM101,NUCOXIA MR TAB 1*10TAB,TAB,3.4,0,0,0,0,278.477,946.82,374.26,285.18,0,CADILA,,N004
CADNUS101,NUCOXIA SP TAB 1*10TAB,TAB,5,0,0,0,0,131.714,658.57,175.15,133.45,0,CADILA,,N004
MANNUG101,NUFORCE GM CREAM 15GM,Pcs,3,0,0,5,1,49.2733,147.82,79.47,60.55,0,MANKIND,,
HIFEN382,NULET-10MG 1*10TAB,TAB.,4,0,0,0,0,199.4833,797.93,265.26,202.11,0,ARISTO OTSIRA GENETICA,,N003
ZZZ9989,NULET 5MG TAB 1*10TAB,TABS,3,0,0,0,0,106.527,319.58,141.67,107.93,0,ALTEUS BIOGENICS PVT.LTD.,,N003
ZZZ5219,NULONG-TRIO TAB 1*10TAB,TAB,3,0,0,0,0,128.353,385.06,172.5,131.44,0,MICRO LAB,,N004
A00460,NUPENTA 1*15TAB,TAB.,9,0,0,0,0,76.519,688.67,102.85,78.36,0,USV PRIVATE LTD.,,N003
ZZZ5301,NUPENTA D CAP 1*10CAP,CAP,5,0,0,0,0,93.98,469.9,126.32,96.24,0,MACLEODS,,N005
MACNUU102,NUPENTA DSR CAP 1*10CAP,CAP,6,0,0,10,1,131.77,790.62,205.87,156.87,0,MACLEODS,,SELF
MANNUT101,NUROKIND 500MG TAB 1*10TAB,TAB,6.9,0,0,0,0,58.54,403.93,78.69,59.95,0,MANKIND,,N006
MAGNUD101,NUROKIND D3 TAB 1*10TAB,TAB,8.5,0,0,0,0,126.623,1076.3,265.2,202.06,0,MAGNUM,,N005
ZZZ2824,NUROKIND DROPS 15ML,PCS,2,0,0,0,0,42.8267,85.65,56,43.39,0,MAGNET LABS,,
MANNUF102,NUROKIND FORTE TAB 1*15TAB,TAB,3,0,0,0,0,97.464,292.39,131,99.81,0,MANKIND,,N005
ZZZ10659,NUROKIND FORTE Z 1*10 1*10,TAB.,4,0,0,0,0,93.83,375.32,131.02,99.82,0,MICRO,,N006
MANNU1T05,NUROKIND GOLD RF CAP 1*10CAP,CAP,8,0,0,5,1,70.251,562.01,113.31,86.33,0,MANKIND,,N005
MANNU1M01,NUROKIND INJ 1ML,Pcs,6,0,0,5,1,15.6192,93.72,24.92,18.99,0,MANKIND,,
MANNU1T07,NUROKIND LC TAB 1*10TAB,TAB,5.5,0,0,0,0,156.421,860.32,262.8,200.23,0,MANKIND,,N007
MANNUO201,NUROKIND OD TAB 1*20TAB,TAB,7.1,0,0,0,0,159.52,1132.59,212.12,161.62,0,MANKIND,,N005
MANNUP101,NUROKIND PLUS RF CAP 1*10CAP,CAP,1.2,0,0,5,1,76.321,91.59,121.78,92.79,0,MANKIND,,N004
MANNUS201,NUROKIND SYRUP. 210ML,PCS,6,0,0,0,0,122.7567,736.54,164.99,125.71,0,MANKIND,,
ZZZ3316,NURTURE POWDER CHOLATE 200GM,PCS,1,0,0,5,1,283.24,283.24,447.24,340.75,0,WANBERRY LTD,,
MEDO22102,O2 TAB 1*10TAB,TABS,0.2,0,0,0,0,146.422,29.28,194.7,148.35,0,MEDLEY,,O005
ZZZ10473,OBETOHEP 10 MG 1*10 1*10,TAB.,3,0,0,0,0,303.443,910.33,407.81,310.75,0,ALKEM LAB.,,O003
GALOD7101,ODICEF-S 750` 1 Tabs,Pcs,3,0,0,2,1,61.1867,183.56,120.76,92.01,0,GALDERMA,,AB-03
000461,ODONIL AIR FRESHENER,TAB.,3,0,0,0,0,39,117,70,39,0,UNICHEM,,
OL613,OFLER M 60ML,TAB.,1,0,0,0,0,45,45,101.57,45,0,MACLEODS,,
ALKOF2101,OFLOKEM 200MG TAB 1*10TAB,TAB,6.2,0,0,0,0,16.92,104.9,94,18,0,ALKEM LAB.,,O003
MACOF1T01,OFLOMAC OZ TAB 1*10TAB,TAB,4,0,0,0,0,127.75,511,168.09,128.07,0,MACLEODS,,O004
000409,OFLOTAS-OZ 1*10TAB,TAB.,54,0,0,0,0,3,162,155,30,0,LUPIN,,
SUNOLR202,OLEANZ RT 20MG TAB 1*10TAB,TAB,5,0,0,0,0,182.744,913.72,245.63,187.14,0,SUN,,O004
0000701,OLESOFT MAX CREAM 1X125G 1*125GM,PCS,2,0,0,0,0,347.48,694.96,525,355.84,0,MACLEODS PROCARE  AHT,,
ABPOL1T01,OLET 2.5MG TAB 1*10TAB,TABS,12,0,0,0,0,54.613,655.36,76.26,58.1,0,ALTEUS BIOGENICS PVT.LTD.,,O002
INTOL1101,OLIMELT 10MG TAB 1*10TAB,TAB,8,0,0,0,0,77.768,622.14,104.53,79.64,0,INTAS,,O007
INTOL1T01,OLIMELT 15MG TAB 1*10TAB,TAB,3,0,0,0,0,140.383,421.15,188.67,143.76,0,INTAS,,O007
INTOL1T02,OLIMELT 20MG TAB 1*10TAB,TAB,2,0,0,0,0,175.967,351.93,236.48,180.2,0,INTAS,,O007
INTOLL101,OLIMELT 2.5MG TAB 1*10TAB,TAB,5,0,0,0,0,38.356,191.78,51.56,39.28,0,INTAS,,O007
001966,OLIMELT-5MG 1X10TAB,PCS,4,0,0,0,0,46.3533,185.41,62.3,47.47,0,INTAS,,O002
000788,OLISTO OIL 200ML,TAB.,3,0,0,5,1,270.3283,810.98,490,332.2,0,P G HEALTH LTD,,
1917,OLISTU OIL 100 GM,TAB.,8,0,0,0,0,197.1567,1577.25,265,179.66,0,HIMALAYA,,
SAPOL1T01,OLISUR 10MG TAB 1*10TAB,TAB,3,0,0,0,0,70.797,212.39,95.16,72.5,0,SALAS PHARMA,,O002
INTOL1102,OLIZA 10MG TAB 1*10TAB,TAB,2,0,0,0,0,85.445,170.89,104.53,87.5,0,INTAS,,O002
INTOL1103,OLIZA 15MG TAB 1*10 TAB,TAB,7,0,0,0,0,141.881,993.17,188.67,143.75,0,INTAS,,O002
INTOL2101,OLIZA 2.5MG TAB 1*10TAB,TAB,9,0,0,0,0,38.357,345.21,51.56,39.28,0,INTAS,,O002
INTOL5101,OLIZA 5MG TAB 1*10TAB,TAB,1,0,0,0,0,42.422,42.42,56.72,43.21,0,INTAS,,O002
INTOL7101,OLIZA 7.5MG TAB 1*10TAB,TAB,3,0,0,0,0,83.177,249.53,111.8,85.18,0,INTAS,,O002
ZZZ8608,OLKEM 20 H TAB 1*15TAB,TABS,4,0,0,0,0,200.5035,802.01,269.5,205.33,0,ALKEM LAB.,,O001
ZZZ5101,OLKEM 20MG TAB 1*15TAB,TABS,1,0,0,0,0,169.5105,169.51,227.8,173.59,0,ALKEM LAB.,,O001
ZZZ5343,OLKEM 40 AM TAB 1*15TAB,TAB,2,0,0,0,0,330.615,661.23,439.65,334.97,0,ALKEM LAB.,,O001
ZZZ456,OLKEM 40 CT TAB 1*10TAB,TAB,14,0,0,0,0,222.496,3114.94,299.05,227.85,0,ALKEM LAB.,,O001
ZZZ5499,OLKEM 40 H TAB 1*15TAB,TAB,6,0,0,0,0,376.2765,2257.66,505.75,385.33,0,ALKEM LAB.,,O001
ZZZ8873,OLKEM AM 20MG TAB 1*15TAB,TAB,3,0,0,0,0,206.196,618.59,274.2,208.91,0,ALKEM CHRONIC,,O001
MICRO611,OLKEM BETA 25 1*10,TAB.,5,0,0,0,0,132.1683,660.84,175.75,133.91,0,ALKEM,,O001
000002238,OLKEM BETA 50 10TAB,PCS,5,0,0,0,0,155.87,779.35,209.5,159.62,0,OTHER PRODUCTS,,O001
ZZZ455,OLKEM CT 20MG TAB 1*10TAB,TAB,5,0,0,0,0,144.707,723.54,194.5,148.19,0,ALKEM LAB.,,O001
ZZZ866,OLKEM TRIO 12.5MG TAB 1*10TAB,TAB,8,0,0,0,0,148.222,1185.78,199.2,151.79,0,ALKEM LAB.,,O001
RPG007,OLKEM TRIO 40/12.5MG TAB 1*10,PCS,12,0,0,0,0,217.476,2609.71,289.2,220.34,0,ALKEM,,O001
ZZZ867,OLKEM TRIO 6.25MG TAB 1*10TAB,TAB,5,0,0,0,0,145.784,728.92,195.9,149.29,0,ALKEM LAB.,,O001
MICOL2A01,OLMAT 20 AM TAB 1*10TAB,TAB,2,0,0,0,0,168.465,336.93,226.41,172.52,0,MICRO LAB,,O005
000011,OLMAT 20MG TAB 1*10TAB,TAB,1,0,0,0,0,149.278,149.28,200.6,152.87,0,MICRO LAB,,O005
ZZZ4147,OLMAT 40 AMH TAB 1*10TAB,TAB,5,0,0,0,0,284.61,1423.05,382.5,291.46,0,MICRO LAB,,O005
HIFEN796,OLMAT AM 40 1*10,PCS,5,0,0,0,0,269.96,1349.8,362.81,276.46,0,INDCHEMIE HEALTH PRIMUS,,O005
000494,OLMAT H 20 1X10T 1*10,PCS,2,0,0,0,0,184.0233,368.05,244.68,186.45,0,CONCEPT BIOSCIENCES PVT LTD,,O005
MICOLH101,OLMAT H TAB 1*10TAB,TAB,2,0,0,0,0,111.603,223.21,150,114.29,0,MICRO LAB,,O005
ZZZ9484,OLMESAR 20MG TAB 1*15TAB,TABS,3,0,0,0,0,166.9695,500.91,224.43,170.99,0,MACLEODS,,O002
MACOLH101,OLMESAR H TAB 1*10TAB,TAB,3,0,0,0,0,171.307,513.92,227.8,173.56,0,MACLEODS,,O006
SUNOLA401,OLMEZEST AM 40MG TAB 1*10TAB,TAB,3,0,0,0,0,202.283,606.85,271.88,207.15,0,SUN,,O004
AJAOLE501,OLOPAT EYE DROP 5ML,PCS,7,0,0,0,0,153.7067,1075.95,204.38,155.73,0,AJANTA,,
UNIOL2104,OLSAR M 25MG TAB 1*10TAB,TAB,3,0,0,0,0,143.117,429.35,190.31,145,0,UNICHEM,,O002
UNIOL5101,OLSAR M 50MG TAB 1*10TAB,TAB,6,0,0,0,0,172.903,1037.42,229.92,175.18,0,UNICHEM,,O002
DRROL4101,OLSERTAIN 40MG TAB 1*15TAB,TAB,4,0,0,0,0,171.757,687.03,230.85,175.89,0,DR REDDYS,,O002
ARIOMD101,OMCEF 100 DT TAB 1*10TAB,TAB,2,0,0,0,0,82.723,165.45,120.94,82.93,0,ARISTO,,O06
ARIOM2101,OMCEF 200MG TAB 1*10TAB,TAB,6,0,0,4,1,104.023,624.14,184.68,140.72,0,ARISTO,,O006
ALKOMC101,OMEE CAP. 1*20CAP,CAP,6.13,0,0,0,0,33.334,204.34,65,25,0,ALKEM LAB.,,
000759,OMEE-D 1*20CAP,TAB.,180,0,0,0,0,2.1,378,215.6,42,0,CIPLA,,
ZZZ8683,OMEZ 20MG CAP 1*20CAP,CAPS,9.2,0,0,0,0,45.546,419.02,61.22,46.64,0,DR REDDYS,,O-002
DRROM4101,OMEZ 40MG TAB 1*10TAB,TAB,6,0,0,0,0,67.12,402.72,90.22,68.74,0,DR REDDYS,,O002
DRROMD101,OMEZ DSR CAP 1*15CAP,CAP,8.4,0,0,0,0,159.324,1338.32,231.56,176.44,0,DR REDDYS,,O006
000328,OMEZ-O  SYP 200 ML 1*200ML,PCS,1,0,0,0,0,117.195,117.2,155.85,118.74,0,LUPIN,,
MACOM1101,OMNACORTIL 10MG TAB 1*10TAB,TAB,4.4,0,0,0,0,10.214,44.94,12.8,10.24,0,MACLEODS,,O006
MACOM2102,OMNACORTIL 20MG TAB 1*10TAB,TAB,10.6,0,0,0,0,20.439,216.65,25.61,20.49,0,MACLEODS,,O006
MACOM3101,OMNACORTIL 30MG TAB 1*10TAB,TAB,8,0,0,0,0,58.364,466.91,75.98,57.9,0,MACLEODS,,O006
MACOM5101,OMNACORTIL 5MG TAB 1*10TAB,TAB,11,0,0,0,0,5.837,64.21,7.23,5.79,0,MACLEODS,,O006
MACOMD101,OMNACORTIL DROP 10ML,Pcs,3,0,0,0,0,38,114,50,38.1,0,MACLEODS,,
ZZZ3868,OMNACORTIL FORTE SYRUP 60ML,PCS,5,0,0,0,0,42.084,210.42,54.8,41.75,0,MACLEODS,,
MACOMS601,OMNACORTIL SYRUP 60ML,PCS,2,0,0,0,0,23.86,47.72,31.39,23.92,0,MACLEODS,,
ZZZ8397,OMNICEF PLUS TAB. 1*10,TABS,3,0,0,5,1,107.53,322.59,173.43,132.14,0,OTSIRA GENETICA(ARISTO),,O007
ZZZ11240,OMNIGEL 20GM 20*20GM,TAB.,9,0,0,0,0,47,423,125,47,0,CIPLA,,
CIPOMS101,OMNIGEL SPRAY 35GM 35GM,PHYL,2,0,0,0,0,102.96,205.92,144,102.96,0,CIPLA,,
5616,OMNI GEL SPRAY 55 GM,TAB.,2,0,0,0,0,91.74,183.48,247,91.74,0,SUN PHARMACEUTICALS,,
ALKON4101,ONDEM 4MG TAB 1*10TAB,TABS,2.8,0,0,0,0,38.614,108.12,54.85,41.79,0,ALKEM LAB.,,O002
ALKON1T01,ONDEM 8MG TAB 1*10TAB,TAB,2.6,0,0,0,0,72.802,189.29,96.81,73.76,0,ALKEM LAB.,,O002
ALKONI201,ONDEM INJ 2ML,Pcs,9,0,0,1,1,4.7825,43.04,12.72,9.69,0,ALKEM LAB.,,
ALKONM401,ONDEM MD 4MG TAB 1*10TAB,TAB,4.6,0,0,0,0,41.072,188.93,55.2,42.06,0,ALKEM LAB.,,O002
ALKONS301,ONDEM SYRUP. 30ML,PCS,6,0,0,0,0,29.94,179.64,40.24,30.66,0,ALKEM LAB.,,
000003132,ONDERO D 10 1*10,PCS,3,0,0,0,0,166.338,499.01,221.2,168.53,0,BIOLOG,,O003
1071,ONETREAL-50 1*4TAB,TAB.,2,0,0,0,0,210,420,280,210,0,JOHNSON,,O006
USV147,ORAL- B BRUSH,TAB.,8,0,0,0,0,37.5,300,50,37.5,0,USV PRIVATE LTD.,,
USV148,ORAL B BRUSH EVERYDAY CARE,TAB.,1,0,0,0,0,20,20,35,20,0,USV PRIVATE LTD.,,
PAMSOO102,ORCIBEST TAB 1*10TAB,TAB,4,0,0,0,0,168.552,674.21,224.14,170.77,0,ZYDUS HEALTHCARE,,O001
00000681,ORIEL 10MG TAB 1*10T,PH,6.2,0,0,0,0,45.828,284.13,60.94,46.43,0,INTAS,,O004
HIFEN508,ORIXIME-100 30ML,TAB.,1,0,0,0,0,35,35,81.64,35,0,TORRENT PHARMA AZUCA,,
ZZZ11447,ORIXIME 50 DS SYP 30ML,TAB.,2,0,0,0,0,30.73,61.46,54.17,30.73,0,BE,,
MICRO486,ORIXIME DS 100 MG 1*1,TAB.,2,0,0,0,0,58.51,117.02,81.84,58.51,0,ARISTO,,
CADOR5102,ORNI 500MG TAB 1*10TAB,TAB,10,0,0,9,1,76.776,767.76,113.44,86.43,0,CADILA,,
ARIORT101,ORNIDA 500MG TAB 1*10TAB,TAB,5,0,0,0,0,110.208,551.04,148.12,112.86,0,ARISTO,,O002
ARIORT102,ORNOF TAB 1*10TAB,TAB,6,0,0,4,1,87.125,522.75,154.68,117.86,0,ARISTO,,O008
EMCORS101,OROFER S 100 INJ 5ML,INJ,1,0,0,0,0,1048.86,1048.86,1533.25,1051.5,0,EMCURE,,
EMCORX102,OROFER XT TAB 1*15TAB,TAB,14,0,0,0,0,262.6395,3676.95,349.25,266.1,0,EMCURE,,O005
000628,ORPENEM ER-300 1*10TAB,TAB.,1,0,0,0,0,860,860,1364,860,0,OTHER PRODUCTS,,
GNMORA101,ORS-L APPLE DRINK 200ML,Pcs,17,0,0,0,0,29.9252,508.73,39.38,30,0,JOHANSON & JOHANSON,,
1354,ORS ORANGE 200 ML,TAB.,70,0,0,0,0,14,980,32.04,14,0,CIPLA,,
MICRO734,ORS POWDER CIPLA 1*1 1*1,TAB.,34,0,0,0,0,7,238,23.07,7,0,CIPLA,,
A00661,ORS PROLYTE APPLE 200ML,TAB.,31,0,0,0,0,14,434,26,14,0,USV LIMITED.,,
000320,OSICARE TRIO 1*10TAB,TAB.,5,0,0,0,0,78.02,390.1,688.73,83,0,INTAS,,0003
GLAOSBS01,OSTOCALCIUM B12 SYRUP. 200ML,PCS,3,0,0,0,0,164.7033,494.11,208.04,165.12,0,GLAXO,,
2383,OSTOCALCIUM SYRUP,TAB.,3,0,0,0,0,134.7867,404.36,172.07,136.56,0,MICRO,,
ZZZ11309,OSTOCALCIUM TAB 30PC,TAB.,3,0,0,0,0,182.87,548.61,231,183.33,0,CIPLA,,
FDCOTED01,OTEK AC EAR DROP 5ML,Pcs,8,0,0,0,0,56.8983,455.19,74.86,57.04,0,F.D.C.,,
NOVOTPN01,OTRIVIN PED NASAL DROP 10ML,PCS,8,0,0,0,0,33.521,268.17,44.73,33.5,0,NOVARTIS,,
ZZZ2492,OVACARE FORTE TAB. 1*6TAB,TAB,5,0,0,0,0,264.8385,1324.19,356,271.21,0,MEYER ORGANICS,,O003
MANOVC101,OVAFLO Q10 CAP 1*10CAP,CAP,3,0,0,0,0,456.007,1368.02,600,457.15,0,MANKIND,,O006
WYEOVG201,OVRAL G TAB 1*20TAB,TAB,2,0,0,0,0,247.386,494.77,322.12,245.42,0,WYETH,,O003
WYEOVL201,OVRAL L TAB 1*21TAB,TAB,3,0,0,0,0,54.2467,162.74,67.65,58.33,0,WYETH,,O003
CADOX1T01,OXALGIN DP  TAB 1*15TAB,TAB,1.11,0,0,4,1,84.42,93.71,138.84,105.79,0,CADILA,,O002
CADOX2301,OXALGIN NANO GEL 30GM,TUBE,1,0,0,0,0,143.85,143.85,189.28,144.21,0,CADILA,,
SUNOX1101,OXETOL 150MG TAB 1*10TAB,TAB,2,0,0,0,0,72.94,145.88,97,73.9,0,SUN,,O005
SUNOX3101,OXETOL 300MG TAB 1*10TAB,TAB,2,0,0,0,0,109.365,218.73,151.88,115.73,0,SUN,,O005
SUNOX4101,OXETOL 450MG TAB 1*10TAB,TAB,13,0,0,0,0,174.258,2265.35,242,184.4,0,SUN,,O005
SUNOX6101,OXETOL 600MG TAB 1*10TAB,TAB,6,0,0,0,0,212.068,1272.41,282,214.86,0,SUN,,O005
SUNOXX301,OXETOL XR 300MG TAB 1*10TAB,TAB,6,0,0,0,0,135.4,812.4,182,138.66,0,SUN,,O005
ZZZ7995,OXRA 10MG TAB 1*14TAB,TABS,4,0,0,0,0,167.79,671.16,223.13,170,0,SUN PHARMACEUTICALS,,O004
MICGLE035,OXRAMET IR 5/1000 4*7,PCS,6,0,0,0,0,172.7267,1036.36,229.69,175,0,ARIAN MEDICARE,,O006
MICRO742,OXRAMET XR 10/1000MG 1*7T,TAB.,2,0,0,0,0,103.0233,206.05,137,104.38,0,CIPLA,,O006
00000279,OXRAMET XR 10/500MG 1*7T,TAB.,6,0,0,0,0,97.2762,583.66,128,97.52,0,SUN,,O006
ZZZ11529,OXRA S 10/100 1*15,TAB.,5,0,0,0,0,247.4,1237,329,250.66,0,SUN,,O001
00001078,OXUM SPRAY 100ML,PCS,1,0,0,0,0,248.16,248.16,330,251.43,0,ALKEM (BERGEN),,
001744,OZEWID CREAM,TAB.,1,0,0,0,0,78.38,78.38,103.13,78.58,0,ABBOTT INDIA LIMITED,,
OZOOZ1T04,OZOMET G1 TAB 1*10TAB,TAB,13,0,0,0,0,45.313,589.07,60.26,45.91,0,OZON,,O006
OZOOZ1T02,OZOMET G2 TAB 1*10 TAB,TAB,13,0,0,0,0,39.24,510.12,54.8,41.75,0,OZONE,,O008
OZOOZP103,OZOMET PG 1MG TAB 1*10TAB,TAB,7,0,0,0,0,45.323,317.26,60.27,45.92,0,OZON,,O008
OZOOZP201,OZOMET PG 2MG TAB 1*15TAB,TAB,16,0,0,0,0,45.332,725.31,60.27,45.93,0,OZON,,O008
ZZZ4462,OZOMET VG 1MG TAB 1*10TAB,TAB,8,0,0,0,0,41.208,329.66,54.8,41.75,0,OZONE,,O004
ZZZ5260,OZOTEL AMH TAB 1*10TAB,TAB,4,0,0,0,0,68.133,272.53,90.6,69.03,0,OZONE,,0003
ZZZ4308,OZOTEL AM TAB 1*10TAB,TAB,4,0,0,0,0,74.942,299.77,99.66,75.93,0,OZONE,,O003
ZZZ6408,OZOTEL H TAB 1*20TAB,TAB,1,0,0,0,0,37.46,37.46,49.82,37.95,0,OZONE,,003
APEP1D101,P 100 MG DROPS 15ML,PCS,6,0,0,0,0,20.0733,120.44,28.19,21.48,0,APEX,,
ZZZ8984,P2ID CAP 1*10CAP,CAPS,3,0,0,0,0,140.777,422.33,189.2,144.16,0,LUPIN,,P003
001750,P-40 1-15TAB,TAB.,173,0,0,0,0,1.5,259.5,165,22.5,0,ABBOTT INDIA LIMITED,,
001742,P-40 DSR 1*10TAB,TAB.,170,0,0,0,0,2.5,425,164.05,25,0,ABBOTT INDIA LIMITED,,
APEP6T101,P 650MG TAB 1*10TAB,TAB,0.6,0,0,5,1,13.567,8.14,21.42,16.32,0,APEX,,P006
ACPPAAA01,PACIMOL ACTIVE TAB 1*10TAB,TAB,8.5,0,0,0,0,35.61,302.69,71.8,54.7,0,ACME  PHARMA,,P003
IFEN433,PACIMOL-MF 1*10TAB,TAB.,6,0,0,9,1,33.675,202.05,50.3,38.32,0,ALKEM METABOLICS,,P003
ZZZ4478,PACITANE 2MG TAB 1*30TAB.,TAB,10,0,0,0,0,35.995,359.95,43.49,35.71,0,WYETH,,P004
MICRO664,PAMAGIN GOLD TAB 1*15,TAB.,0.1,0,0,0,0,15,1.5,75,15,0,ALKEM,,
000451,PAMAGIN PAIN OIL 50ML,TAB.,11,0,0,0,0,60,660,135,60,0,UNICHEM,,
ZZZ5783,PAN 20MG TAB 1*15TAB,TAB,3.6,0,0,0,0,98.325,353.97,129.38,98.57,0,ALKEM LAB.,,P001
ZZZ11214,PAN 40MG TAB 1*15,TAB.,7.14,0,0,0,0,143.4585,1024.29,192.8,146.91,0,CIPLA,,P001
ALKPAI401,PAN 40MG VIAL 1VIAL,Pcs,1,0,0,0,0,18.332,18.33,53.9,18,0,ALKEM LAB.,,
AMT2,PAN 80,TAB.,3,0,0,0,0,235.7367,707.21,316.85,241.41,0,OTSIRA GENETICA,,P001
SUNPA1T01,PANAZEP 12.5MG TAB 1*10TAB,TAB,2,0,0,0,0,176.32,352.64,232,176.76,0,SUN,,P003
SUNPA2101,PANAZEP 25MG TAB 1*10TAB,TAB,3,0,0,0,0,198.812,596.44,264.38,201.43,0,SUN,,P008
ZZZ1707,PANAZEP LS TAB 1*10TAB,TAB,6,0,0,0,0,135.358,812.15,180,137.14,0,SUN,,P003
ZZZ8065,PAN D CAP 1*15CAP,CAPS,18.5,0,0,0,0,167.64,3101.34,238.1,181.43,0,ALKEM LAB.,,P001+SELF
MACPAC101,PANDERM + CREAM 15GM,Pcs,4,0,0,0,0,68.9,275.6,110.25,70.56,0,MACLEODS,,
ALKPAI101,PAN IT CAP 1*10CAP,CAPS,10,0,0,0,0,193.403,1934.03,274.69,209.31,0,ALKEM LAB.,,
ABBPAT101,PANKREOFLAT TAB 1*10TAB,TABS,1,0,0,0,0,251.488,251.49,337.99,257.54,0,ABBOTT,,Q001
ALKPA1T01,PAN L CAP 1*10CAP,CAP,3,0,0,0,0,208.584,625.75,296.25,225.74,0,ALKEM LAB.,,P001
SUNPA1C01,PANLIPASE 25000 TAB 1*10TAB,TAB,2,0,0,0,0,549.9,1099.8,731.25,557.14,0,SUN,,P003
ZZZ538,PAN MPS SYRUP 200ML,PCS,5,0,0,0,0,83.01,415.05,117.15,89.26,0,ALKEM LAB.,,
TETS104,PANTAKIND 40MG TAB 1*10TAB,TAB.,10,0,0,9,1,53.777,537.77,79.45,60.54,0,NICHOLAS,,P007
ZZZ6212,PANTAKIND DSR CAP 1*15CAP,CAPS,6,0,0,0,0,85.17,511.02,113.25,86.29,0,MANKIND,,P005
001746,PANTAKIND RAFT 200ML,TAB.,2,0,0,0,0,151.23,302.46,203.26,154.87,0,ABBOTT INDIA LIMITED,,
SUNPA2102,PANTOCID 20MG TAB 1*15TAB,TAB,3,0,0,0,0,97.3005,291.9,129.38,98.58,0,SUN,,P003
SUNPA4101,PANTOCID 40MG TAB 1*10TAB,TAB,4.8,0,0,0,0,145.783,699.76,195.94,149.29,0,SUN,,P003
ZZZ10701,PANTOCID 80 1*15,TAB.,5,0,0,0,0,254.5095,1272.55,338.44,257.86,0,DR.MOREPEN,,P003
ZZZ8847,PANTOCID DSR CAP 1*15CAP,CAPS,3,0,0,0,0,189.6435,568.93,252.19,192.14,0,SUN PHARMACEUTICALS,,P-03
SUNPA1T02,PANTOCID IT CAP 1*10CAP,CAP,1,0,0,0,0,259.442,259.44,345,262.86,0,SUN,,P004
SUNPAL101,PANTOCID L CAP 1*10CAP,CAP,10,0,0,0,0,217.031,2170.31,298.13,227.14,0,SUN,,P008
000507,PANTOLUP-40 1*15TAB,TAB.,1,0,0,0,0,26,26,217.45,26,0,CONCEPT BIOSCIENCES PVT LTD,,
000558,PANTOLUP DSR 1*10CAP,TAB.,171,0,0,0,0,4,684,142.7,40,0,SUN,,
ARIPA4101,PANTOP 40MG TAB 1*15TAB,TAB,10.6,0,0,0,0,112.2105,1189.43,159.37,121.44,0,ARISTO,,P002
ARIPAI102,PANTOP 40MG VIAL 1VIAL,PCS,9,0,0,0,0,20.3704,183.33,53.89,20,0,ARISTO,,
ARIPAD101,PANTOP D CAP 1*15CAP,CAP,11.5,0,0,0,0,136.0065,1564.07,182.81,139.28,0,ARISTO,,P002
ZZZ11189,PANTOP DSR CAPS 1 X15,TAB.,8.9,0,0,0,0,159.408,1418.73,226.4,172.52,0,CIPLA,,P002
ARIPAK101,PANTOP HP KIT 1*6TAB,TAB,6,0,0,0,0,156.9336,941.6,210.93,160.71,0,ARISTO,,P001
ARIPAI101,PANTOP IT CAP 1*10CAP,CAP,2,0,0,0,0,185.97,371.94,244.69,186.43,0,ARISTO,,P002
ARIPA1T02,PANTOP LS CAP 1*10CAP,CAP,6.2,0,0,0,0,206.09,1277.76,277,211.05,0,ARISTO,,P002
1353,PARACIP 1*10 TAB,TAB.,1.7,0,0,0,0,10,17,102,10,0,CIPLA,,
ZZZ4546,PARAXIN 500MG CAP 1*10CAPS,CAPS,2,0,0,0,0,181.69,363.38,244.2,186.06,0,ABBOTT,,P006
NICPAS102,PARAXIN SYRUP. 100ML,PCS,3,0,0,0,0,157.7267,473.18,211.99,161.52,0,ABBOTT,,
ZZZ11397,PARI CR 12.5 TAB 15TAB 1*15,TAB.,1,0,0,0,0,250.4633,250.46,336.61,256.49,0,CIPLA,,P007
IPCPAC201,PARI CR 25MG TAB 1*10TAB,TAB,1,0,0,0,0,331.348,331.35,445.31,339.32,0,IPCA,,P005
IPCPACP01,PARI CR PLUS TAB 1*10TAB,TAB,1,0,0,0,0,243.573,243.57,323.91,246.78,0,IPCA,,P003
000631,PARK AVENUE COOL BLUE 100/150 ML,TAB.,3,0,0,0,0,130,390,225,130,0,OTHER PRODUCTS,,
000580,PARK AVENUE ORIGNAL 150ML,TAB.,3,0,0,0,0,126,378,225,126,0,AAREEN PHARMA,,
SUNPA1102,PARKITIDIN 100MG TAB 1*10TAB,TAB,5,0,0,0,0,133.92,669.6,180,137.14,0,SUN,,P004
EMCPAMT01,PAUSE MF TAB 1*10TAB,TAB,3,0,0,0,0,432.473,1297.42,575.1,438.17,0,EMCURE,,P004
SUNPAC103,PAXIDEP CR 12.5MG TAB 1*10TAB,TAB,2,0,0,0,0,151.572,303.14,201.56,153.57,0,SUN,,P009
SUNPAC201,PAXIDEP CR 25MG TAB 1*10TAB,TAB,3.1,0,0,0,0,218.827,678.36,291,221.71,0,SUN,,P009
SUNPAC301,PAXIDEP CR 37.5MG TAB 1*10TAB,TAB,12,0,0,0,0,253.098,3037.18,336.56,256.43,0,SUN,,P009
000291,PAXINTA CR 12.5,TAB.,6,0,0,0,0,169.725,1018.35,225.7,171.96,0,MACLEO,,P003
1391,PAXONIL PLUS TAB 1*10,TAB.,3,0,0,0,0,238.44,715.32,317.07,241.58,0,CIPLA,,P001
DRRPES301,PEDICLORYL SYRUP. 30ML,PCS,2,0,0,0,0,111.6033,223.21,150,114.29,0,DR REDDYS,,
000606,PEGABANYL-M 1*10TAB,TAB.,1,0,0,0,0,65,65,130,65,0,ARISTO PHARMACEUTICALS MF-3,,
USV92,PEGABANYL-NT 1*10TAB,TAB.,11,0,0,0,0,60,660,145,60,0,USV PRIVATE LTD.,,
000469,PEGABANYL NT-75 1*10TAB,TAB.,34,0,0,0,0,7.7,261.8,180,77,0,UNICHEM,,
IPCPESM01,PEG SR M 75. 10 Tabs,Pcs,6,0,0,0,0,149.433,896.6,198.7,151.4,0,IPCA,,P005
00000161,PENTASA 2GM SACHET 2GM,PCS,45,0,0,0,0,87.0105,3915.47,107.91,86.32,0,FERRING,,
002613,PENTATE DSR 1*10CAP,TAB.,78,0,0,0,0,3,234,180,30,0,ZYDUS OSTIVIA,,
ABBPE8401,PENTIDS 8LA TAB 1*10TAB,TAB,16.2,0,0,0,0,32.05,519.21,44.26,33.73,0,ABBOTT,,P005
STAPET201,PEPFIZ TAB. 1*2TAB,TAB,37,0,0,0,0,6.8,251.6,19,6.8,0,STANCARE,,
IPCPEC101,PERINORM CD CAP 1*10CAP,CAPS,5,0,0,0,0,94.202,471.01,135.5,96.47,0,IPCA,,P002
IPCPEI201,PERINORM INJ 2ML,Pcs,10,0,0,0,0,4.329,43.29,5.71,4.34,0,IPCA,,
WALPEA201,PERSOL AC 2.5 GEL 20GM,Pcs,3,0,0,0,0,86.2333,258.7,115.91,88.31,0,WALLACE,,
HIFEN701,PER WRIST BAND UN 1*1 1*1,PCS,1,0,0,0,0,102.96,102.96,165,98.06,0,INDCHEMIE HEALTH PRIMUS,,
ZZZ11075,PET SAFA NATURAL LAXATIVE 120GM,PCS,2,0,0,0,0,96,192,117,95,0,DIVISA HERBAL CARE,,
INTPEC101,PEXEP CR 12.5MG TAB 1*10TAB,TAB,4,0,0,0,0,262.197,1048.79,372.4,283.76,0,INTAS,,P008
INTPEC201,PEXEP CR 25MG TAB 1*10TAB,TAB,5,0,0,0,0,340.617,1703.09,448.13,341.47,0,INTAS,,P008
1248,PHD-SR 1*10CAP,TAB.,57,0,0,0,0,2,114,121,20,0,CIPLA,,
NICPHA201,PHENERGAN INJ 2ML,PCS,5,0,0,0,0,14,70,16.21,14,0,ABBOTT,,
NICPHS101,PHENERGAN SYRUP 100ML,PHYL,9,0,0,0,0,42.5833,383.25,57.23,43.61,0,ABBOTT,,
NICPH1M02,PHENSEDYL-DX. 100 ML,Pcs,4,0,0,0,0,30,120,154.12,30,0,ABBOTT,,
GLAPH2102,PHEXIN 250MG CAP 1*10CAP,CAP,3,0,0,0,0,92.34,277.02,121.5,92.57,0,GLAXO,,P002
CADPHT101,PHOSTAT TAB 1*10TAB,TABS,3,0,0,9,1,26.511,79.53,39.6,30.17,0,CADILA,,P008
000138,PICLIN SYP 200ML,PCS,6,0,0,0,0,185.7467,1114.48,247,188.19,0,INTAS PHARMA AURA,,
ZZZ10673,PILEX FORTE OINT 30GM,TAB.,1,0,0,0,0,113.995,114,150,114.28,0,MICRO,,
TETS122,PILEX FORTE TAB 1*30,TAB.,9,0,0,0,0,115.8156,1042.34,154,117.34,0,NICHOLAS,,
HIMPIT601,PILEX TAB 60TAB,PCS,2,0,0,0,0,174.0933,348.19,234,178.28,0,HIMALAYA,,
ZZZ4673,PINOM 20MG TAB 1*15TAB,TAB,4,0,0,0,0,183.057,732.23,243.42,185.47,0,LUPIN,,P004
LUPPIA201,PINOM A 20MG TAB 1*10TAB,TAB,5,0,0,0,0,243.69,1218.45,324.05,246.9,0,LUPIN,,P004
LUPPI4102,PINOM A 40MG TAB 1*10TAB,TABS,6,0,0,0,0,351.55,2109.3,467.48,356.18,0,LUPIN,,P004
IPCPI1101,PIOMED 15MG TAB 1*10TAB,TAB,5,0,0,0,0,61.648,308.24,81.98,62.46,0,IPCA,,P005
USVPI1101,PIOZ 15MG TAB 1*10TAB,TAB,5,0,0,0,0,58.412,292.06,78.52,59.82,0,USV,,P008
USVPI3101,PIOZ 30MG TAB 1*10TAB,TAB,3,0,0,0,0,94.66,283.98,124.55,94.9,0,USV,,P008
USVPIM101,PIOZ MF 15MG TAB 1*10TAB,TAB,5,0,0,0,0,108.566,542.83,145.92,111.18,0,USV,,P001
ALKPI1I01,PIPZO 1.125 INJ 1VAIL,Pcs,6,0,0,5,1,67.4217,404.53,106.46,81.11,0,ALKEM LAB.,,
ALKPI4I01,PIPZO 4.5GM VIAL 1VIAL,PCS,4,0,0,0,0,93.12,372.48,347.97,96,0,ALKEM LAB.,,
ALBPLG201,PLACENTREX GEL 20GM,PCS.,2,0,0,0,0,129.725,259.45,172.5,131.43,0,ALBERT DAVID,,
SYST876,PLAGERINE A 75MG 1*10,PCS,3,0,0,0,0,38.05,114.15,50.6,38.55,0,KARUN ENTP,,P003
000645,PLASTER OF PERIS BANDAZE 6 INCH,TAB.,7,0,0,0,0,95,665,238,95,0,PANACEA  8,,
MANF41,PLATENZA TAB 1*20,TAB.,2,0,0,0,0,122.0733,244.15,164.06,125.01,0,MANKIND(SPL),,P001
ZZZ9154,PLATIMAX SYP 100ML,PHYL,3,0,0,0,0,236.2533,708.76,314.16,239.36,0,MACLEODS,,
POL1,POLYBION ACTIVE 150ML 150ML,PCS,4,0,0,0,0,126.93,507.72,168.78,128.6,0,P G HEALTH CARE,,
ZZZ10857,POLYBION ACTIVE SYP 300 ML,TAB.,2,0,0,0,0,229.1233,458.25,304.68,232.14,0,NESTLE,,
ZZZ2655,POLYBION CZS TAB 1*15TAB,TAB,1,0,0,0,0,157.3005,157.3,209.17,159.37,0,MERCK,,P005
00001057,POLYBION LC SYP 1*150ML,PCS,3,0,0,0,0,107.0633,321.19,142.35,108.47,0,MERCK,,
CADPO1T01,POLYCAP CAP 1*15TAB,CAP,1,0,0,0,0,391.98,391.98,521.25,397.14,0,CADILA,,P001
000602,POVISEPTIC OINT,TAB.,3,0,0,0,0,22,66,84.7,22,0,ARISTO PHARMACEUTICALS MF-3,,
ME6PR4101,PRACTIN 4MG TAB 1*10TAB,TAB,34,0,0,0,0,31.49,1070.66,47,33.5,0,MERIND 6,,P002
WL6PRES01,PRACTIN EN SYRUP. 200ML,PCS,6,0,0,11,1,127.1517,762.91,184.45,140.54,0,WOCKHARDT LTD,,
ZZZ1715,PRAMIPEX 0.125MG TAB 1*10TAB,TAB,5,0,0,0,0,46.312,231.56,60.94,46.43,0,SUN,,P006
SUNPR0102,PRAMIPEX 0.25MG TAB 1*10TAB,TAB,1,0,0,0,0,80.016,80.02,106.41,81.07,0,SUN,,P006
TORPR1101,PRAX 10MG TAB 1*10TAB,TAB,3,0,0,0,0,290.493,871.48,386.3,294.32,0,TORRENT,,P002
ZZZ1711,PRAX A 75MG TAB 1*10TAB,TAB,11,0,0,0,0,232.03,2552.33,308.55,235.09,0,TORRENT,,P002
SUNPRX201,PRAZOPRESS XL 2.5MG TAB 1*14TAB,TAB,3,0,0,0,0,306.6728,920.02,407.81,310.71,0,SUN,,P006
SUNPRX501,PRAZOPRESS XL 5MG TAB 1*14TAB,TAB,2,0,0,0,0,430.1472,860.29,572,435.81,0,SUN,,P006
ZZZ4610,P-RD CAP 1*10CAP,CAP,1,0,0,0,0,50,50,75,50,0,BLUE CROSS,,
000004301,PRED FORTE 10ML 1X10ML,Pcs,5,0,0,0,0,50.3933,251.97,61.52,50.52,0,OTHER PRODUCTS,,PRED
SUNPR4101,PREDMET 4MG TAB 1*10TAB,TAB,10,0,0,0,0,74.861,748.61,98.5,75.05,0,SUN,,P003
SUNPR8101,PREDMET 8MG TAB 1*10TAB,TAB,12.4,0,0,0,0,80.372,996.61,106.88,81.43,0,SUN,,P003
UNIPR7101,PREGABA-M 75MG CAP 1*15CAP.,CAP,5,0,0,0,0,254.057,1270.29,358.55,273.18,0,UNICHEM,,P007
ZZZ858,PREGABA NT TAB 1*10TAB,TAB,2,0,0,0,0,210.154,420.31,282.46,215.21,0,UNICHEM,,P007
INTPR5101,PREGABID 50MG CAP 1*10CAP,CAP,3,0,0,0,0,108.117,324.35,145.31,110.72,0,INTAS,,P004
INTPR7101,PREGABID 75MG CAP 1*10CAP,CAP,2,0,0,0,0,198.257,396.51,266.48,203.03,0,INTAS,,P009
ZZZ9826,PREGABID 75MG TAB 1*15TAB,TABS,1.1,0,0,0,0,198.2565,218.08,266.48,203.03,0,INTAS,,P009
ZZZ8746,PREGABID D 50/20 CAP 1*10CAP,CAPS,4,0,0,0,0,121.56,486.24,171.56,130.71,0,INTAS,,P009
0000845,PREGABID D 75/20 1*10TAB,TAB.,5,0,0,0,0,182.74,913.7,245.63,187.14,0,MACLEODS,,P004
000648,PREGABID-D 75/30 1*10TAB,TAB.,5,0,0,0,0,220.064,1100.32,295.78,225.36,0,PANACEA  8,,P001
ZZZ9556,PREGABID ME 75MG TAB 1*15TAB,TABS,2,0,0,0,0,253.2165,506.43,340.31,259.31,0,INTAS,,P001
00000634,PREGABID MNT TAB 1*10T,PICS,3,0,0,0,0,215.55,646.65,289.68,220.74,0,INTAS,,P001
ZZZ9193,PREGABID NT TAB 1*15TAB,TABS,11.8,0,0,0,0,288.417,3403.32,409.69,312.14,0,INTAS,,P001
USV94,PREGADOC D75/20 1*10,PCS,1,0,0,0,0,186.6767,186.68,248.25,189.14,0,USV PRIVATE LTD.,,P001
ZZZ7068,PREGADOC NT TAB 1*10TAB,TABS,11,0,0,0,0,216.125,2377.38,290.5,221.33,0,LUPIN,,P008
TORPRM701,PREGALIN M 75MG CAP 1*15CAP,CAP,8.1,0,0,0,0,245.3385,1987.24,326.25,248.57,0,TORRENT,,P-007
000005671,PREGALIN M SR 75MG  TAB 1 X15,Pcs,6,0,0,0,0,236.8517,1421.11,318.35,242.55,0,TORRENT PHARMACEUTICALS AXON,,P007
ZZZ10286,PREGA NEWS 1*1,TAB.,27,0,0,0,0,18,486,56,18,0,PURE AND CURE HEALTHCARE PVT.LTD.,,
MICPR1T01,PREGATOR CAP 1*10CAP,CAP,3,0,0,0,0,157.967,473.9,212.3,161.77,0,MICRO,,P005
000227,PREGSAL SR 50MG TAB,TAB.,6,0,0,0,0,145.1,870.6,192.94,147.01,0,INDCHEMIE HEALTH PRIMUS,,P001
000486,"PREMIUM ADULT DIAPER L,2",TAB.,1,0,0,0,0,90,90,150,90,0,UNICHEM,,
000485,"PREMIUM ADULT DIPPER M,2",TAB.,2,0,0,0,0,60,120,100,60,0,UNICHEM,,
ZZZ3194,PRE NAN TIN 400GM,PCS,3,0,0,0,0,632,1896,695,632,0,NESTLE,,
ZZZ8745,PREVA AS 75MG TAB 1*15TAB,TABS,3,0,0,0,0,70.443,211.33,94.69,72.14,0,INTAS,,P001
UM6PR1T01,PRIMOSA 500MG CAP 1*15CAP,CAPS,2,0,0,0,0,276.7965,553.59,372,283.46,0,SANOFI AVENTIS.,,P002
000548,PRO-COMFORT PAIDS XL,TAB.,8,0,0,0,0,57.75,462,105,57.75,0,SUN,,
1070,PROFERRON-XT 1*10TAB,TAB.,3,0,0,0,0,50,150,155.5,50,0,JOHNSON,,
3286,PROHANCE ACTIVE 400G,TAB.,2,0,0,0,0,764.04,1528.08,877,735.01,0,BIOLOG,,
USV119,PROHANCE HP POWDER,TAB.,1,0,0,0,0,1019.315,1019.32,1170,980.58,0,USV PRIVATE LTD.,,
SUNPRA201,PROLOMET AM 25MG TAB 1*10TAB,TAB,6,0,0,0,0,98.7,592.2,131.25,100,0,SUN,,P005
SUNPRA501,PROLOMET AM 50MG TAB 1*10TAB,TAB,6,0,0,0,0,124.788,748.73,165.94,126.43,0,SUN,,P005
SUNPRR201,PROLOMET R 25MG TAB 1*10TAB,TAB,6,0,0,0,0,172.962,1037.77,230,175.24,0,SUN,,P008
SUNPRR501,PROLOMET R 50MG TAB 1*10TAB,TAB,5,0,0,0,0,228.08,1140.4,306.56,233.57,0,SUN,,P008
ZZZ11468,PROLOMET T 50 1 X10,TAB.,6,0,0,0,0,123.46,740.76,165.94,126.43,0,CAREWIN PHARMACETICULS,,P005
SUNPRX102,PROLOMET XL 12.5MG TAB 1*10TAB,TAB,5,0,0,0,0,40.892,204.46,54.38,41.43,0,SUN,,P001
SUNPRX202,PROLOMET XL 25MG TAB 1*10TAB,TAB,9,0,0,0,0,50.612,455.51,68.03,51.83,0,SUN,,POO8
SUNPRX502,PROLOMET XL 50MG TAB 1*10TAB,TAB,17,0,0,0,0,70.054,1190.92,94.15,71.74,0,SUN,,P001
HHPPRNO03,PROPYSALIC NF6 OINT 20GM,Pcs,6,0,0,0,0,156.7467,940.48,206.25,157.14,0,H&H PHARAMA.,,
HHPPRNO02,PROPYSALIC NF OINT 30GM,Pcs,1,0,0,0,0,207.975,207.98,276.56,210.72,0,H&H PHARAMA.,,
ZZZ9895,PROSTAGARD D4MG CAP 1*10CAP,CAPS,2,0,0,0,0,131.346,262.69,186.56,142.15,0,ARISTO,,P006
00000308,PROSTAGARD D8 1*10 TAB,TAB.,3,0,0,0,0,189.723,569.17,255,194.29,0,ARISTO,,P006
IFEN435,PROTIMAAR POWDER 200GM,TAB.,2,0,0,0,0,100,200,520,100,0,ALKEM METABOLICS,,
TETS161,PROTINEX DIABETES CARE 250 GM,TAB.,1,0,0,0,0,344.33,344.33,410,344.33,0,NICHOLAS,,
ZZZ3529,PROTINEX ORIGINAL 250GM,PCS,1,0,0,0,0,334.985,334.99,390,331.5,0,NUTRICIA,,
ZZZ7965,PROTINEX RICH CHOCLATE 250GM,PHYL,2,0,0,0,0,296.335,592.67,345,293.25,0,NUTRICIA,,
000539,PROTIUS POWDER,TAB.,1,0,0,0,0,105,105,435,100,0,ARISTO,,
INTPRP501,PROVANOL PLUS 5MG TAB 1*10TAB,TAB,1,0,0,0,0,102.748,102.75,138.1,105.22,0,INTAS,,P006
CADPRC101,PROVIDAC CAP 1*14CAP,CAPS,4,0,0,0,0,373.3314,1493.33,496.44,378.25,0,CADILA,,
000229,PRUCROS 40MG TAB,TAB.,2,0,0,0,0,147.358,294.72,195.94,149.3,0,INDCHEMIE HEALTH PRIMUS,,P003
ZZZ8434,PRUVICT 2MG TAB 1*10TAB,TABS,1,0,0,0,0,293.623,293.62,394.65,300.69,0,TORRENT,,P001
TETS71,PUDIN HARA  30 ML BOTTLE,TAB.,1,0,0,0,0,47.5,47.5,60,47.5,0,NICHOLAS,,
TETS67,PUDIN HARA ACTIVE 10ML,TAB.,2,0,0,0,0,25,50,30,25,0,NICHOLAS,,
DABPUHC01,PUDIN HARA CAP 1*10CAP,CAP,32.6,0,0,0,0,28.7,935.62,35,28.7,0,DABUR,,P003
ZZZ6707,PULMOCLEAR SYRUP 100ML,PHYL,2,0,0,0,0,112.804,225.61,150,114.29,0,FOURRTS (INDIA),,
FOUPU1T01,PULMOCLEAR TAB 1*15TAB,TABS,5,0,0,0,0,219.4695,1097.35,288.75,220.02,0,FOURRTS (INDIA),,P006
00001024,PULMONEXT KIT 1KIT,PCS,3,0,0,0,0,1490.5183,4471.55,1982.06,1510.15,0,MSN LAB LIMTED,,P006
HIFEN702,PULSE OXY BEURER PO30 1*1 1*1,PCS,1,0,0,0,0,1648,1648,2437.5,1569.52,0,INDCHEMIE HEALTH PRIMUS,,
000005876,PUSHVIT 200ML,TAB.,1,0,0,0,0,39.9,39.9,135,40,0,TORRENT PHARMA VIVA,,
FDCPYE502,PYRIMON DF EYE DROPS 5ML,PCS,2,0,0,0,0,25.756,51.51,33.89,25.82,0,F.D.C.,,
CADPZ7101,P ZIDE 750MG TAB 1*10TAB,TAB,2,0,0,0,0,52.018,104.04,76.91,53.27,0,CADILA,,P008
FULQUC101,QUADRIDERM RF CREAM 10GM,Pcs,6,0,0,5,1,103.3167,619.9,163.13,124.29,0,FULFORD,,
FULQUC501,QUADRIDERM RF CREAM 5GM,PCS,17,0,0,0,0,51.735,879.5,83.44,52.98,0,FULFORD,,
ZZZ6244,QUIP SR 100MG TAB 1*10TAB,TABS,5,0,0,0,0,105.283,526.42,140,106.67,0,SURGE PHARMACUTICULS,,Q001
ZZZ4332,QUIP SR 50MG TAB 1*10TAB,TAB,3,0,0,0,0,69.18,207.54,92,70.09,0,SURGE PHARMACUTICULS,,Q001
ARIQU5101,QURE 500MG TAB 1*10TAB,TAB,0.1,0,0,0,0,40,4,102.48,40,0,ARISTO,,
INTQU2101,QUTAN 25MG TAB 1*10TAB,TAB,2,0,0,0,0,55.583,111.17,74.7,56.92,0,INTAS,,Q001
INTQU1T02,QUTAN 300MG TAB 1*10TAB,TAB,11,0,0,0,0,110.618,1216.8,148.68,113.28,0,INTAS,,Q001
SUNQU2102,QUTIPIN 25MG TAB 1*10TAB,TAB,6,0,0,0,0,56.396,338.38,75,57.14,0,SUN,,Q001
SUNQUS101,QUTIPIN SR 100MG TAB 1*10TAB,TAB,4,0,0,0,0,86.49,345.96,116.25,88.57,0,SUN,,Q001
ALKRA1T02,RABALKEM DSR TAB 1*10TAB,TABS,15.6,0,0,0,0,35,546,145.3,35,0,ALKEM LAB.,,R002
CADRA4101,RABELOC 40MG TAB 1*10TAB,TAB,2,0,0,0,0,213.615,427.23,284.06,216.43,0,CADILA,,R009
CADRA2101,RABELOC RD TAB 1*10TAB,TAB,3,0,0,0,0,143,429,192.19,146.44,0,CADILA,,R009
MACRAA101,RABEMAC DSR CAP 1*15CAP,CAP,5,0,0,0,0,183.142,915.71,246.14,187.55,0,MACLEODS,,R007
MACRAL101,RABEMAC LS CAP 1*10CAP,CAP,4,0,0,0,0,243.83,975.32,327.74,249.7,0,MACLEODS,,R009
ZZZ8725,RABETERO L CAP 1*15CAP,CAPS,1,0,0,5,1,89.8665,89.87,143.4,109.26,0,HETERO HEALTHCARE LTD,,R011
ARIRADS01,RABEZOL DSR CAP 1*10CAP,CAP,3,0,0,0,0,95.072,285.22,127.78,97.36,0,ARISTO,,R005
ZZZ3943,RABICIP L CAP 1*10CAP,CAP,3,0,0,0,0,196.69,590.07,261.55,199.28,0,CIPLA,,R012
MICRO675,RABITOP DSR CAP 1*10,TAB.,7.9,0,0,0,0,26,205.4,116,26,0,ARISTO,,
MICRO814,RABITOP LS,TAB.,50,0,0,0,0,6.5,325,240.5,65,0,ARISTO,,
INTRADS01,RABIUM DSR CAP 1*10CAP,CAP,8,0,0,0,0,153.134,1225.07,217.5,165.73,0,INTAS,,R012
HIFEN944,RABLAY-DSR 1*10CAP,TAB.,68,0,0,0,0,3.0081,204.55,110,32,0,SUN,,
ZZZ9502,RABLET 20MG TAB 1*15TAB,TABP,2,0,0,0,0,145.6545,291.31,195.75,149.16,0,LUPIN,,R002
LUPRA4101,RABLET 40* 10,Pcs,4,0,0,0,0,284.148,1136.59,377.85,287.89,0,LUPIN,,R002
000311,RABLET D 40 CAP 1*10,CAP,6,0,0,0,0,187.382,1124.29,251.85,191.89,0,LUPIN,,R007
LUPRAD101,RABLET D CAP 1*10CAP,CAP,3,0,0,0,0,232.15,696.45,312,237.74,0,LUPIN,,R002
0000849,RABOLUP-L 1*10CAP,TAB.,7,0,0,0,0,70,490,299.85,70,0,MACLEODS,,
000512,RABURIC-DSR,TAB.,1,0,0,0,0,45,45,95,45,0,CONCEPT BIOSCIENCES PVT LTD,,
ZZZ4906,RACECLO CAP 1*10CAP,CAP,4,0,0,0,0,106.71,426.84,143.43,109.28,0,ARISTO,,R005
ZZZ6232,RACIPER PLUS CAP 1*10CAP,CAPS,4,0,0,0,0,216.082,864.33,287.34,218.93,0,SUN,,R010
IPCRA2101,RAMCOR 2.5MG CAP 1*10CAP,CAP,10,0,0,0,0,37.03,370.3,49.77,37.92,0,IPCA,,R004
MANRA7T01,RAMIHART 2.5MG CAP 1*10CAP,CAP,6,0,0,0,0,36.6681,220.01,49.27,37.55,0,MANKIND,,R005
MANRA7T02,RAMIHART 5MG CAP 1*7CAP,CAP,2,0,0,0,0,47.2626,94.53,63.52,48.4,0,MANKIND,,R005
LHCPA1T12,RAMISTAR 2.5MG TAB 1*15TAB,TABS,3,0,0,0,0,62.058,186.17,83.43,63.55,0,LUPIN,,R003
LUPRA1T03,RANCAD 500MG TAB 1*10TAB,TAB,3,0,0,0,0,265.315,795.95,356.6,271.7,0,LUPIN,,R001
SURRA1T02,RANIDOM RD TAB 1*10TAB,TAB,4,0,0,0,0,46.802,187.21,62.24,47.42,0,MANKIND,,R003
MANRAT201,RANIDOM TAB 1*20TAB,TAB,6,0,0,0,0,68.59,411.54,92.19,70.24,0,MANKIND,,R005
TORRA1T02,RANOLAZ 500MG TAB 1*10TAB,TAB,2.2,0,0,0,0,228.159,501.95,322,245.33,0,TORRENT,,R003
TORRA1101,RANOLAZ OD TAB 1*10TAB,TAB,3,0,0,0,0,224.887,674.66,299.05,227.85,0,TORRENT,,R001
SUNRAT101,RANOZEX 500MG TAB 1*10TAB,TAB,5,0,0,0,0,153.697,768.49,204.38,155.72,0,SUN,,R003
UNIRA1301,RANTAC 150MG TAB 1*30TAB,TAB,0.2,0,0,10,1,33.408,6.68,50.77,38.68,0,UNIQUE,,R004
UNIRA3101,RANTAC 300MG TAB 1*20TAB,TAB,2,0,0,10,1,68.322,136.64,88.94,67.78,0,UNIQUE,,R006
ZZZ3426,RANTAC SYRUP. 100ML,PCS,2,0,0,0,0,126.9117,253.82,166.98,127.23,0,J.B.CHEMICALS PHARMICUTACELS,,
00000959,RANTOP SYP 100ML,PCS,6,0,0,0,0,95.2267,571.36,128,97.52,0,ARISTO,,
ZZZ5974,RANX 500MG TAB 1*15TAB,TABS,4,0,0,0,0,263.3055,1053.22,353.9,269.64,0,UNICHEM,,R001
2644,RAPILIF M 50MG 10TAB,TAB.,2,0,0,0,0,421.945,843.89,561.09,427.5,0,SUNCARE FORMALATION,,R009
ZZZ751,RAPITUS SYRUP (S.F) 100ML,PCS,1,0,0,0,0,85.4533,85.45,111.8,85.67,0,MACLEODS,,
SUNRA1101,RASALECT 1MG TAB 1*10TAB,TAB,4,0,0,0,0,151.572,606.29,201.56,153.57,0,SUN,,R005
ZZZ10985,RA THERMOSEAL PASTE 100 GM,PCS,1,0,0,0,0,110.6467,110.65,144.07,109.77,0,ICPA,,
GLERA5101,RAZEL 5MG TAB 1*15TAB,TAB,2,0,0,0,0,167.27,334.54,222.42,169.47,0,GLENMARK,,R006
DRRRA2101,RAZO 20MG TAB 1*15TAB,TAB,4,0,0,0,0,198.6705,794.68,267,203.45,0,DR REDDYS,,R002
MEDRBC101,R.B.TONE CAP 1*15TAB,CAP,0.14,0,0,9,1,71.064,9.95,105,80,0,MEDLEY,,R006
MEDRBD101,R.B.TONE  DROP* 15ML,Pcs,4,0,0,0,0,86.148,344.59,115.78,88.22,0,MEDLEY,,AB05
ZZZ10064,R B TONE KID SYRUP 100ML,PHYL,3,0,0,0,0,113.6933,341.08,152.82,116.43,0,MEDLEY,,
MEDRB2201,R.B.TONE SYRUP. 200ML,PCS,4,0,0,9,1,150.81,603.24,225.2,171.6,0,MEDLEY,,
LUPRC4101,R-CIN 450MG CAP 1*10CAP,CAP,4,0,0,0,0,48.327,193.31,60.55,48.45,0,LUPIN,,R006
LUPRC6301,R-CIN 600MG CAP 1*3CAP,CAP,14,0,0,0,0,41.5758,582.06,54.7,41.68,0,LUPIN,,R006
LUPRCC101,R-CINEX 450 CAP 1*10CAP,CAP,8,0,0,0,0,107.583,860.66,141.55,107.85,0,LUPIN,,R009
LUPRC6302,R-CINEX 600MG CAp 1*3TAB,TAB,8,0,0,0,0,41.5758,332.61,54.7,41.68,0,LUPIN,,R006
6421,REBOZEN DSR 1*10,TAB.,8,0,0,0,0,24,192,89,24,0,BHARAT SERUMS AND VACCINES LIMITED,,
DRRREX601,RECLIDE XR 60MG TAB 1*10TAB,TAB,10,0,0,0,0,193.368,1933.68,270,205.71,0,DR REDDYS,,R005
MICRO623,RECLIMET XR FORTE TAB 1*15,TAB.,4,0,0,0,0,244.0075,976.03,327.93,249.88,0,DR REDDYS,,R003
000455,RECOVITAL SG 1*15TAB,TAB.,7,0,0,0,0,33.25,232.75,265,35,0,UNICHEM,,R003
ZZZ10062,REDOTIL CAP 1*15CAP,CAPS,9,0,0,0,0,331.2075,2980.87,440.39,335.57,0,DR REDDYS,,R005
DRRRES102,REDOTIL SACHET 1GM,Pcs,25,0,0,0,0,11.607,290.18,15.43,11.76,0,DR REDDYS,,
ALLRETE01,REFRESH TEARS EYE DROP 10ML,PCS,8,0,0,0,0,105.111,840.89,131.27,107.64,0,ALLERGAN,,
NOVRET101,REGESTRONE 5MG TAB 1*10TAB,TAB,7,0,0,0,0,42.781,299.47,57.5,43.81,0,TORRENT,,R001
ZZZ9210,REGESTRONE CR 10MG TAB 1*10TAB,TABS,5,0,0,0,0,188.784,943.92,253.75,193.33,0,TORRENT,,R001
ZZZ11284,RE HYDRATE 200ML,TAB.,22,0,0,0,0,18.72,411.84,42.19,26,0,CIPLA,,
00000910,REJOICE CD3 TAB 1*10T,PCS,6,0,0,0,0,219.03,1314.18,294.37,224.3,0,SOLVATE,,R008
SOLRET101,REJOICE OD CAP 1*10CAP,CAP,3,0,0,0,0,148.29,444.87,212.59,151.86,0,SOLVATE,,R005
ZZZ980,REJUNEX CD3 TAB 1*10TAB,TAB,4,0,0,0,0,204.1,816.4,274.3,209.01,0,INTAS,,R-04
ZZZ2407,REKOOL 40 D CAP 1*10CAP,CAP,4,0,0,0,0,165.72,662.88,222.75,169.71,0,ALEMBIC,,R003
ALERE1T01,REKOOL L TAB 1*10TAB,TAB,2,0,0,0,0,254.075,508.15,334.31,254.71,0,ALEMBIC,,R003
ALERET101,REKOOL TAB 10 10,Pcs,5,0,0,0,0,248.462,1242.31,333.94,254.44,0,ALEMBIC,,R003
DRRRES601,RELENT + SYRUP 60ML,PCS,3,0,0,0,0,102.24,306.72,134.53,102.5,0,DR REDDYS,,
CENREEE01,RELUB EYE DROP 10ML,PCS,1,0,0,0,0,97.405,97.41,118.94,97.65,0,CENTAUR,,
ZZZ6637,REMAC CD3 TAB 1*10TAB,TABS,2.7,0,0,0,0,181.472,489.97,243.89,185.84,0,SALAS PHARMA,,R003
USV117,REMO-100 1*15,TAB.,2,0,0,0,0,181.538,363.08,241.41,183.93,0,USV PRIVATE LTD.,,R002
ZZZ10837,REMO MV 500 TAB 1*10,TAB.,9,0,0,0,0,150.674,1356.07,202.5,154.3,0,GLENMARK,,R010
ZZZ2333,RENOGARD TAB 1*10TAB,TAB,9,0,0,0,0,167.098,1503.88,222.2,169.3,0,STANWELL,,R009
LRHRET101,RENOLOG TAB 1*10TAB,TAB,5.5,0,0,0,0,457.618,2516.9,615,468.63,0,STANFORD LAB.,,R011
ZZZ5594,RENOSAVE FORTE TAB 1*10TAB,TAB,3,0,0,0,0,221.737,665.21,298,227.07,0,ALNICHE LIFE SCINCES,,R003
SUNRE2102,REPACE 25MG TAB 1*10TAB,TAB,2,0,0,0,0,37.32,74.64,54.84,38.22,0,SUN,,R010
SUNREH101,REPACE H TAB 1*10TAB,TAB,5,0,0,0,0,131.132,655.66,174.38,132.86,0,SUN,,R002
00001173,RESTONORM LS TAB 1*10T,MPC,5,0,0,0,0,54.848,274.24,72.94,55.57,0,OLTEUS,,R007
00001183,RESTONORM-PLUS TAB 1*10TAB,MPC,6,0,0,0,0,75.6,453.6,99.47,75.79,0,ALTEUS BIOGENICS PVT.LTD.,,R005
DRRRE1102,RETOZ 120MG TAB 1*10TAB,TAB,3,0,0,0,0,190.463,571.39,256,195.05,0,DR REDDYS,,R003
ZZZ10402,REVELOL AM 25/2.5MG TAB 1*15,TAB.,5,0,0,0,0,120.1485,600.74,161.48,123.04,0,IPCA,,R001
ZZZ5600,REVELOL AM 25/5MG TAB 1*10TAB,TABS,4,0,0,0,0,127.043,508.17,170.81,130.1,0,IPCA,,R010
ZZZ11215,REVELOL AM 50/5MG TAB 1*15TAB,TAB.,4,0,0,0,0,188.4165,753.67,253.22,192.95,0,CIPLA,,R010
IPCREX102,REVELOL XL 12.5MG TAB 1*10TAB,TAB,2,0,0,0,0,67.87,135.74,89.3,68.04,0,IPCA,,R009
IPCREX201,REVELOL XL 25MG TAB 1*10TAB,TAB,6,0,0,0,0,50.622,303.73,68.04,51.84,0,IPCA,,R009
IPCREX501,REVELOL XL 50MG TAB 1*10TAB,TAB,11,0,0,0,0,69.604,765.64,93.55,71.28,0,IPCA,,R001
RALREC102,REVITAL H BOTTLE 30CAP,PCS,4,0,0,0,0,220.3667,881.47,293,223.27,0,RANBAXY LAB,,
RALREC101,REVITAL H CAP 1*10CAP,CAP,11,0,0,0,0,79.488,874.37,106,81.4,0,RANBAXY LAB,,
RALRE1T01,REVITAL H WOMAN 1*10TAB,TAB,13,0,0,0,0,96.732,1257.52,130,99.06,0,RANBAXY LAB,,
RALRE3101,REVITAL H WOMAN 30TAB,PCS,7,0,0,0,0,279.0067,1953.05,375,285.72,0,RANBAXY LAB,,
000528,REVITAL ORS,TAB.,32,0,0,0,0,14.5,464,31.5,14.5,0,SUN,,
000527,REVITAL WOMEN,TAB.,2,0,0,0,0,95,190,124,95,0,SUN,,
ZZZ4288,REXIPRA 15MG TAB 1*10TAB,TAB,3,0,0,0,0,109.868,329.6,147.66,112.51,0,INTAS,,R0011
INTRE5101,REXIPRA 5MG TAB 1*10TAB,TAB,8,0,0,0,0,39.918,319.34,53.65,40.88,0,INTAS,,R001
USV109,RHUMACORT OIL OIL,TAB.,1,0,0,0,0,75,75,164.53,75,0,USV PRIVATE LTD.,,
NEPRI3101,RIDDOF INJ 1ML,Pcs,6,0,0,0,0,35,210,53.32,35,0,NEON PHARMA,,
SUNRIT101,RIFAGUT 200MG TAB 1*10TAB,TAB,10,0,0,0,0,176.248,1762.48,234.37,178.57,0,SUN,,R007
SUNRI1T01,RIFAGUT 400MG TAB 1*10TAB,TAB,3,0,0,0,0,338.402,1015.21,450,342.86,0,SUN,,R007
SUNRI5102,RIFAGUT 550MG TAB 1*10TAB,TAB,0.9,0,0,0,0,394.79,355.31,530.63,404.29,0,SUN,,R007
CONRII601,RIFA I 6 KID TAB 1*10TAB,TAB,5,0,0,0,0,24.688,123.44,30.94,24.75,0,CONCEPT,,R003
ZZZ9037,RIFAKEM 400MG TAB 1*10TAB,TABS,2,0,0,0,0,263.68,527.36,354.37,270.03,0,ALKEM LAB.,,R009
000524,RIFATREAT-400 1*10TAB,TAB.,1,0,0,0,0,160,160,330,160,0,SUN,,
ZZZ9606,RIFAXIGYL M TAB 1*10TAB,TABS,5,0,0,0,0,176.27,881.35,250,178.59,0,MEDLEY,,R006
000015,RING GUARD OINT 5GM,PCS,3,0,0,0,0,19.8983,59.69,22.63,18.95,0,PARAISA,,
000406,RINGOUT POWDER 120GM,TAB.,5,0,0,0,0,56,280,131.25,56,0,MACLEODS,,
CONRI4T01,RIPE FD TAB 1*4TAB,TAB,6,0,0,0,0,53.8668,323.2,67.5,54,0,CONCEPT,,R006
INTRIL101,RISDONE LS TAB 1*10TAB,TAB,13,0,0,0,0,71.725,932.43,96.4,73.45,0,INTAS,,R012
INTRIP101,RISDONE PLUS TAB 1*10TAB,TAB,4,0,0,0,0,65.221,260.88,87.66,66.79,0,INTAS,,R006
ALBRLL501,RL 500ML 500ML,Pcs,22,0,0,0,0,20.3744,448.24,59.3,19.6,0,ALBERT DAVID,,
MACROT101,ROLAZIN TAB. 1*10TAB,TAB,3,0,0,0,0,126.593,379.78,170.15,129.64,0,MACLEODS,,R0011
ALEROO101,ROSAVE 5MG TAB 1*10TAB,TAB,8,0,0,0,0,142.646,1141.17,191.71,146.08,0,ALEMBIC,,R010
00000355,ROSAVE A 75 1*10T,TAB.,9,0,0,0,0,86.776,780.98,115.4,87.92,0,ALEMBIC,,R006
ZZZ10555,ROSEDAY 10MG TAB 1*15TAB 1*15,TAB.,3,0,0,0,0,173.3505,520.05,233,177.52,0,USV,,R006
USVRO2101,ROSEDAY 20MG TAB 1*10TAB,TAB,6,0,0,0,0,313.164,1878.98,416.44,317.29,0,USV,,R006
USVRO1T01,ROSEDAY 40MG TAB 1*10TAB,TAB,5,0,0,0,0,420.008,2100.04,558.52,425.54,0,USV,,R007
ZZZ10556,ROSEDAY 5MG TAB 1*15TAB 1*15,TAB.,11,0,0,0,0,93.201,1025.21,123.94,94.43,0,ABBOTT,,R006
USVROO101,ROSEDAY A 10MG CAP 1*10TAB,CAP,2,0,0,0,0,67.797,135.59,89.2,67.97,0,USV,,R005
ZZZ9445,ROSEDAY A 20CAP 1*10CAP,CAPS,5,0,0,0,0,99.53,497.65,130.97,99.78,0,USV,,R005
HIFEN380,ROSEDAY CV-20 1*15TAB,TAB.,9,0,0,0,0,64.718,582.46,86.06,65.57,0,ARISTO OTSIRA GENETICA,,R001
000550,ROSEDAY-EZ 40 1*10TAB,TAB.,4,0,0,0,0,279.1817,1116.73,371.25,282.86,0,SUN,,R0011
USVRO1102,ROSEDAY F 10MG TAB 1*10TAB,TAB,3,0,0,0,0,201.317,603.95,264.89,201.82,0,USV,,R005
ZZZ7262,ROSEDAY F 20MG TAB 1*10TAB,TABS,4,0,0,0,0,245.17,980.68,329.53,251.07,0,USV,,R006
USVRO1T02,ROSEDAY F 5MG TAB 1*10TAB,TAB,2,0,0,0,0,160.32,320.64,215.48,164.18,0,USV,,R007
ZZZ8848,ROSEDAY-GOLD 20 CAP 1*10,CAPS,6,0,0,0,0,214.697,1288.18,285.5,217.52,0,USV,,R003
001749,ROSEMARY WATER 100ML,TAB.,2,0,0,0,0,122.33,244.66,149,122.33,0,ABBOTT INDIA LIMITED,,
000471,ROSE MARY WATER 50ML,TAB.,5,0,0,0,0,61.5,307.5,75,61.5,0,UNICHEM,,
ZZZ6231,ROSUKEM 10MG TAB 1*15TAB,TABS,7,0,0,0,0,173.6805,1215.76,233.44,177.86,0,ALKEM LAB.,,R010
ZZZ8792,ROSUKEM 20MG TAB 1*15TAB,TABP,2,0,0,0,0,324.636,649.27,431.7,328.91,0,ALKEM (PENTACARE),,R010
00000514,ROSUKEM 40MG 1*10T,TAB.,3,0,0,0,0,282.833,848.5,380.15,289.64,0,ALKEM LAB.,,R010
ZZZ7356,ROSUKEM 5MG TAB 1*15TAB,TABS,5,0,0,0,0,92.736,463.68,124.65,94.97,0,ALKEM (BERGEN),,R010
ZZZ2364,ROSUKEM A CAP 1*10CAP,CAP,2,0,0,0,0,78.583,157.17,104.5,79.62,0,ALKEM LAB.,,R010
00000513,ROSUKEM CV10 TAB 1*10T,TAB.,5,0,0,0,0,162.52,812.6,218.44,166.43,0,ALKEM LAB.,,R005
000534,ROSUKEM EZ-10 1*10TAB,TAB.,3,0,0,0,0,216.0533,648.16,287.3,218.9,0,SUN,,R010
1237,ROSUKEM EZ 20 1*10TAB,TAB.,2,0,0,0,0,252.71,505.42,336.05,256.04,0,CIPLA,,R010
ALKROSO01,ROSUKEM F PLUS TAB 1*10TAB,TAB,4,0,0,0,0,227.697,910.79,306.05,233.18,0,ALKEM LAB.,,R003
ZZZ9488,ROSUKEM GOLD 10MG TAB 1*10TAB,TABS,3,0,0,0,0,179.763,539.29,239.05,182.13,0,ALKEM LAB.,,R005
000438,ROSUKEM GOLD-20 1*15TAB,TAB.,7,0,0,0,0,202.254,1415.78,271.85,207.12,0,ARISTO,,R010
MACRO1T01,ROSUMAC 10MG TAB 1*10TAB,TAB,6,0,0,0,0,211.29,1267.74,282.47,215.22,0,MACLEODS,,R008
MACROF101,ROSUMAC F TAB 1*10TAB,TAB,1,0,0,0,0,216.47,216.47,290.95,221.68,0,MACLEODS,,R009
ZZZ5315,ROSUMAC GOLD 20MG CAP 1*10CAP,CAP,1,0,0,0,0,281.883,281.88,378.88,288.67,0,MACLEODS,,R006
RALRO1103,ROSUVAS 10MG TAB 1*10TAB,TAB,7,0,0,0,0,278.997,1952.98,375,285.71,0,RANBAXY LAB,,R009
RALRO2105,ROSUVAS 20MG TAB 1*10TAB,TAB,4,0,0,0,0,357.117,1428.47,480,365.71,0,RANBAXY LAB,,R009
RACRO4102,ROSUVAS 40MG TAB 1*10TAB,TAB,4,0,0,0,0,466.685,1866.74,614.06,467.86,0,RANBAXY (MRKT.BY CIPLA),,R009
ZZZ3523,ROSUVAS 5MG TAB 1*15TAB,TAB,8,0,0,0,0,159.978,1279.82,215,163.83,0,RANBAXY LAB,,R009
MICRO528,ROSUVAS CV 10 TAB 1*10,TAB.,6,0,0,0,0,154.3883,926.33,205.31,156.42,0,SUN,,R009
ZZZ4319,ROSUVAS CV 20MG TAB 1*10TAB,TAB,5,0,0,0,0,191.052,955.26,254.06,193.57,0,RANBAXY LAB,,R009
RALROF101,ROSUVAS F 10MG TAB 1*10TAB,TAB,3,0,0,0,0,315.13,945.39,419.06,319.28,0,RANBAXY LAB,,R006
MEDRO1T01,ROSVIN 10MG TAB 1*10TAB,TAB,3,0,0,0,0,94.857,284.57,127.5,97.14,0,MEDLEY,,R005
MEDRO1T02,ROSVIN 20MG TAB 1*10TAB,TAB,5,0,0,0,0,184.245,921.23,247.5,188.68,0,MEDLEY,,R004
ZZZ969,ROSVIN CV 10MG CAP 1*10CAP,CAP,6,0,0,0,0,172.987,1037.92,232.5,177.15,0,MEDLEY,,R005
000352,ROSVIN GOLD 10MG,TAB.,4,0,0,0,0,134.302,537.21,178.59,136.07,0,DR.REDDY S LABORATORIES,,R009
ZZZ9600,ROSVIN GOLD 20MG CAP 1*10CAP,CAPS,3,0,0,0,0,234.057,702.17,311.25,237.14,0,MEDLEY,,R009
ALERO1T03,ROXID M TAB 1*10TAB,TAB,5,0,0,0,0,203.814,1019.07,271.03,206.5,0,ALEMBIC,,R005
0615,ROYAL CREPE BANDAGE,TAB.,3,0,0,0,0,90,270,400,90,0,CORONA,,
ZZZ5971,ROZAGOLD 10MG CAP 1*10CAP,CAP,12,0,0,0,0,285.005,3420.06,379,288.76,0,SUN,,R012
ZZZ3811,ROZAGOLD 20MG CAP 1*10CAP,CAP,8,0,0,0,0,285.005,2280.04,379,288.76,0,SUN PHARMACEUTICALS,,R008
DRRRO5101,ROZAT 5MG TAB 1*10TAB,TAB,6,0,0,0,0,126.954,761.72,170.62,130.01,0,DR REDDYS,,R003
DRRRO1T01,ROZAT F 10MG TAB 1*10TAB,TAB,3,0,0,0,0,233.9,701.7,311.02,236.98,0,DR REDDYS,,R003
1388,ROZAT F 1*10,PCS,10,0,0,0,0,244.9071,2449.07,341.95,260.54,0,CIPLA,,R005
SUNRO1105,ROZAVEL 10MG TAB 1*10TAB,TAB,3,0,0,0,0,278.997,836.99,375,285.71,0,SUN,,R008
SUNRO2102,ROZAVEL 20MG TAB 1*10TAB,TAB,4,0,0,0,0,541.437,2165.75,720,548.57,0,SUN,,R008
SUNRO1C01,ROZAVEL 40MG TAB 1*10TAB,TAB,2,0,0,0,0,461.78,923.56,614.06,467.86,0,SUN,,R008
SUNRO5103,ROZAVEL 5MG TAB 1*10TAB,TAB,3,0,0,0,0,148.053,444.16,196.87,150,0,SUN,,R008
HIFEN101,ROZAVEL A 1*10,PCS,6,0,0,0,0,84.232,505.39,112,85.34,0,CORONA REMEDIES RADIANCE,,R008
SUNROF101,ROZAVEL F 10MG TAB 1*10TAB,TAB,3,0,0,0,0,342.247,1026.74,460,350.48,0,SUN,,R008
TORRO1102,ROZUCOR 10MG TAB 1*10TAB,TAB,9,0,0,0,0,278.303,2504.73,374.06,285,0,TORRENT,,R007
TORRO1T03,ROZUCOR 20MG TAB 1*10TAB,TAB,4,0,0,0,0,317.234,1268.94,421.85,321.41,0,TORRENT,,R007
TORRO1T04,ROZUCOR 40MG TAB 1*10TAB,TAB,6,0,0,0,0,513.922,3083.53,683.4,520.69,0,TORRENT,,R007
TORRO5102,ROZUCOR 5MG TAB 1*10TAB,TAB,5,0,0,0,0,156.508,782.54,208.12,158.57,0,TORRENT,,R007
TORROA101,ROZUCOR ASP 10MG CAP 1*10CAP,CAP,5,0,0,0,0,91.217,456.09,122.6,93.41,0,TORRENT,,R010
ZZZ11119,ROZUCOR ASP 20MG CAP 1*20,TAB.,4,0,0,0,0,123.4333,493.73,165.9,126.4,0,TORRENT,,R0011
TORROF101,ROZUCOR F 10MG TAB 1*10TAB,TAB,4,0,0,0,0,296.208,1184.83,393.9,300.11,0,TORRENT,,R007
ZZZ10044,ROZUCOR GOLD 10MG CAP 1*10CAP,CAPS,6,0,0,0,0,168.778,1012.67,226.85,172.84,0,TORRENT,,R003
ZZZ10043,ROZUCOR GOLD 20MG CAP 1*10CAP,CAPS,4,0,0,0,0,259.252,1037.01,348.45,265.49,0,TORRENT,,R003
ZZZ8558,ROZUSTAT GOLD 20MG TAB 1*10CAP,CAP,2,0,0,0,0,256.26,512.52,344.44,262.43,0,MACLEODS,,R003
MACRU1M01,RUBIRED-DROP* 15 ML,Pcs,9,0,0,0,0,86.156,775.4,114.57,87.29,0,MACLEODS,,
000275,RUBIRED SYRUP 200ML,PCS,5,0,0,0,0,191.042,955.21,254.05,193.56,0,MACLEODS,,
MACRUT101,RUBIRED TAB 1*10TAB,TAB,6,0,0,0,0,134.933,809.6,179.43,136.71,0,MACLEODS,,
HIMRUC301,RUMALAYA PAIN BALM 8GM,Pcs,10,0,0,0,0,36.5,365,50,36.5,0,HIMALAYA,,
ZZZ3541,RUMALYA LINIMENT OIL 60ML,PCS,3,0,0,0,0,126.3333,379,168,128,0,HIMALAYA,,
000466,RYALTRIS-AZ NOSAL SPRAY,TAB.,2,0,0,0,0,176.25,352.5,234.37,178.57,0,UNICHEM,,
HIFEN900,RYTHMIX-KID DROP,TAB.,3,0,0,0,0,76.4933,229.48,105.68,80.52,0,INDCHEMIE HEALTH PRIMUS,,
SUN060,RYTSTAT 100 MG TAB 1*10,TAB.,4,0,0,0,0,1011.38,4045.52,1359.38,1035.72,0,ALKEM,,R004
00000413,RYZODEG FLEX PEN 1*5CARTIGE,TAB.,1,0,0,0,0,1272.8133,1272.81,1595,1276,0,ABBOTT,,
1926,RYZODEG PENFILL,TAB.,5,0,0,0,0,988.404,4942.02,1238.6,990.88,0,HIMALAYA,,
ZZZ11304,RZOLE DSR 20*10,TAB.,0.2,0,0,0,0,28.644,5.73,145.28,27.28,0,CIPLA,,
IPCSA5101,SAAZ 500MG TAB 1*10TAB,TAB,11,0,0,0,0,37.498,412.48,50.4,38.4,0,IPCA,,S011
IPCSAD101,SAAZ DS TAB 1*10TAB,TAB,7,0,0,0,0,137.434,962.04,180.84,137.78,0,IPCA,,S007
ZZZ11608,SACURISE 100 1*15,TAB.,3,0,0,0,0,297.51,892.53,395.62,301.43,0,SUN,,S008
A00454,SACUTAN-50,TAB.,6,0,0,0,0,154.3283,925.97,205.22,156.36,0,USV PRIVATE LTD.,,S012
A00104,SACUVAL 50MG TAB 1*10,PCS,2,0,0,0,0,158.6633,317.33,213.25,162.48,0,ALKEM,,S006
SALSAA101,SAFEXIM O 1*10TAB,Pcs,4,0,0,0,0,95,380,234.98,95,0,ABBOTT,,S008
ZZZ2040,SAFI SYRUP 100ML,PCS,3,0,0,0,0,53.776,161.33,63.75,53.35,0,HAMDARD LABORATOREIS,,
ZZZ2041,SAFI SYRUP. 200ML,PCS,2,0,0,0,0,86.7183,173.44,112.5,87.86,0,HAMDARD LABORATOREIS,,
LUPSAT102,SALBAIR B TRANSCAP 30CAP,PCS,6,0,0,0,0,72.69,436.14,97.7,74.44,0,LUPIN,,
ZZZ451,SAMLODAY-2.5* 10,PCS,11,0,0,10,1,40.807,448.88,59.06,45,0,HIQEM,,
ZZZ1520,SAMLODAY-5 1*10TAB,TAB,10,0,0,0,0,51.117,511.17,67.97,51.79,0,ZZZZZZ 136,,S006
000299,SAMLODAY-A TAB,TAB.,3,0,0,0,0,53.727,161.18,72.19,55.02,0,MACLEO,,S006
000651,SANTOOR HAND WASH 100ML,TAB.,8,0,0,1,1,20.9983,167.99,49,35.59,0,PANACEA  8,,
NICSAT102,SARIDON TAB 1*10 TAB,TAB,0.2,0,0,0,0,38.76,7.75,51.55,39.27,0,ABBOTT,,S012
INTSA8101,SARTEL-AM TAB 1*15TAB,TAB,3,0,0,0,0,207.8595,623.58,279.38,212.86,0,INTAS,,S010
ZZZ9350,SARTEL BETA 25MG TAB 1*15TAB,TABS,4,0,0,0,0,231.246,924.98,307.5,234.29,0,INTAS,,S010
ZZZ9349,SARTEL BETA 50MG TAB 1*15TAB,TABS,3,0,0,0,0,281.994,845.98,375,285.71,0,INTAS,,S010
USV149,SAT ISABGOL,TAB.,33,0,0,0,0,8.4,277.2,10,8.4,0,USV PRIVATE LTD.,,
00001062,SAT ISABGOL 1*100GM,PCS,7,0,0,0,0,145,1015,175,145,0,DR.MOREPEN,,
USV137,SAT ISABGOL 45G,TAB.,6,0,0,0,0,75,450,90,75,0,USV PRIVATE LTD.,,
ZZZ5309,SAZO 1000 TAB 1*15TAB,TABS,5,0,0,0,0,209.784,1048.92,285,217.17,0,WALLACE,,S003
000003293,SAZO 500 1*10,PCS,2,0,0,0,0,56.2483,112.5,75.6,57.6,0,BIOLOG,,S009
ZZZ5560,SAZO 500MG TAB 1*15TAB,TAB,5,0,0,0,0,56.2665,281.33,75.6,57.62,0,WALLACE,,S009
ARISCL101,SCARAB LOTION 100ML,PCS,5,0,0,0,0,65.522,327.61,88.07,67.1,0,ARISTO,,
HIFEN703,SCISSORS SPL ST 06 1*1 1*1,PCS,1,0,0,0,0,185.39,185.39,0,176.57,0,INDCHEMIE HEALTH PRIMUS,,
ZZZ1446,SELOKEN XL 25MG TAB 1*30TAB,TAB,14.21,0,0,0,0,53.223,756.3,66,52.8,0,ASTRA ZENECA,,S003
ZZZ1441,SELOKEN XL 50MG TAB 1*30TAB,TAB,7,0,0,0,0,74.028,518.2,91.8,73.44,0,ASTRA ZENECA,,S003
EPT TA2,SELSUN PLAIN SHAMPOO 120ML 1X1,PCS,2,0,0,0,0,356.02,712.04,478.51,364.59,0,CADILA,,
DRRSE1101,SENQUEL-F FOAMING GEL 100 GM,Pcs,6,0,0,0,0,141.358,848.15,190,144.76,0,DR REDDYS,,
ZZZ7916,SENSICLAV 625MG TAB 1*10TAB,TABS,3.2,0,0,10,3,98.807,316.18,180.38,137.45,0,MACLEODS,,SELF
MICRO815,SENSODENT KF BRUSH,TAB.,3,0,0,9,1,76,228,95,76,0,ARISTO,,
000126,SENSODENT KF PASTE 125GM,Pcs,8,0,0,0,0,121.84,974.72,163.75,124.77,0,INDOCO,,
000003302,SENSODENT-K PASTE 1*125,PCS,3,0,0,0,0,125.3042,375.91,155,124,0,BIOLOG,,
0333,SENSODYNE BRUSH (5+1),PCS,1,0,0,0,0,234.46,234.46,310,223.3,0,OTHER PRODUCTS,,
ZZZ4624,SENSODYNE EXPERT BRUSH 1PCS,PCS,-3,0,0,0,0,0,0,0,0,0,GLAXO,,
ZZZ7798,SENSODYNE FRESH GEL 75GM,PHYL,7,0,0,0,0,117.33,821.31,135,117.33,0,GSK,,
ZZZ11419,SENSODYNE FRESH GEL PASTE 75GM,TAB.,5,0,0,0,0,122.7783,613.89,135,121.5,0,CIPLA,,
ZZZ7324,SENSODYNE FRESH MINT 75GM,PHYL,2,0,0,0,0,117.33,234.66,135,117.33,0,GSK,,
000403,SENSODYNE PRONAMEL 40G,TAB.,2,0,0,0,0,83,166,95,83,0,MACLEODS,,
HIMSES201,SEPTILIN SYRUP. 200ML,Pcs,3,0,0,0,0,167.42,502.26,225,171.45,0,HIMALAYA,,
HIMSET601,SEPTILIN TAB 60TAB,PCS,4,0,0,0,0,193.256,773.02,257,195.8,0,HIMALAYA,,
RPGSE0101,SERENACE 0.25MG TAB 1*10TAB,TAB,6,0,0,0,0,32.808,196.85,43.15,32.89,0,RPG,,S006
RPGSE1102,SERENACE 1.5MG TAB 1*10TAB,TAB,3,0,0,0,0,25.356,76.07,33.71,25.69,0,RPG,,S006
RPGSE5101,SERENACE 5MG TAB 1*10TAB,TAB,11,0,0,0,0,57.773,635.5,76.01,57.92,0,RPG,,S006
SOLSE5101,SERLIFT 50MG TAB 1*10TAB,TAB,3,0,0,0,0,94.457,283.37,125.61,95.7,0,SOLUS,,S012
CIPSE1R01,SEROFLO 100 ROTACAP 30CAP,PCS,3,0,0,0,0,221.8633,665.59,298.17,227.2,0,CIPLA,,
CIPSE2R01,SEROFLO 250 ROTACAP 30CAP,PCS,2,0,0,0,0,400.308,800.62,537.98,409.94,0,CIPLA,,
CIPSE5R01,SEROFLO 500MG ROTACAP 30CAP,PCS,3,0,0,0,0,460.12,1380.36,618.36,471.19,0,CIPLA,,
000297,SEROPAX-12.5MG 1*10TAB,TAB.,7,0,0,0,0,54.244,379.71,71.37,54.38,0,MACLEO,,S013
UNISE1102,SERTA 100MG TAB 1*10TAB,TAB,3,0,0,0,0,281.27,843.81,378.05,288.04,0,UNICHEM,,S012
UNISE2101,SERTA 25MG TAB 1*15TAB,TAB,3,0,0,0,0,89.694,269.08,120.55,91.85,0,UNICHEM,,S012
UNISE5101,SERTA 50MG TAB 1*10TAB,TAB,12,0,0,0,0,167.722,2012.66,223.03,169.93,0,UNICHEM,,
ZZZ5601,SERTA 50MG TAB 1*15TAB,TABS,6,0,0,0,0,182.352,1094.11,245.1,186.74,0,UNICHEM,,S012
ZZZ7555,SESA DRY SHAMPOO 100ML,PHYL,2,0,0,0,0,60,120,80,60,0,BAN LAB,,
EMCSE4101,SEVCAR 400MG TAB 1*10TAB,TABS,3,0,0,0,0,300.833,902.5,431.25,308.07,0,EMCURE,,S002
EMCSE1T02,SEVCAR 800MG TAB 1*10TAB,TAB,3,0,0,0,0,540.723,1622.17,726.7,553.74,0,EMCURE,,S008
ZZZ10205,SEVISTA 30MG TAB 1*15TAB,TABS,5,0,0,0,0,100.59,502.95,135.2,103.01,0,TORRENT,,S003
000005869,SEVISTA TAB 1 X15,Pcs,3,0,0,0,0,365.6933,1097.08,486.3,370.51,0,TORRENT PHARMA VIVA,,S011
HIFEN957,SGLTD TRIO 500 TAB,TAB.,6,0,0,0,0,154.3883,926.33,205.3,156.42,0,SUN,,S003
ELPSH5101,SHELCAL 500MG TAB 1*15TAB,TABS,7.8,0,0,0,0,121.6035,948.51,163.45,124.53,0,ELDER PHARMA,,S001
ELPSHC101,SHELCAL CT TAB 1*15TAB,TAB,3,0,0,0,0,299.0535,897.16,401.95,306.25,0,ELDER PHARMA,,S001
ELPSH1T01,SHELCAL HD TAB 1*15TAB,TAB,2,0,0,0,0,115.6965,231.39,155.5,118.48,0,ELDER PHARMA,,S001
ELPSH2301,SHELCAL JOINTS TAB 1X10,CAP,1,0,0,0,0,591.06,591.06,777.86,592.54,0,ELDER PHARMA,,S001
ELPSHM101,SHELCAL M TAB 1*15 TAB,TAB,2,0,0,0,0,122.835,245.67,161.63,123.14,0,ELDER PHARMA,,S001
ELPSHS201,SHELCAL SYRUP. 200ML,PCS,2,0,0,0,0,126.7733,253.55,170.39,129.82,0,TORRENT,,
ZZZ8641,SHELCAL XT TAB 1*15TAB,TABS,3,0,0,0,0,299.2005,897.6,402.15,306.4,0,TORRENT,,S001
DABSHG201,SHILAJIT GOLD CAP 20CSP,PCS,2,0,0,0,0,80,160,205,80,0,DABUR,,
5211,SIAGLIDE 100,TAB.,6,0,0,0,0,215.9583,1295.75,284.16,216.5,0,ABBOTT,,S008
ZZZ9205,SIBELIUM 10MG TAB 1*30TAB,TABS,1,0,0,0,0,121.194,121.19,151.69,121.5,0,JOHANSON & JOHANSON,,S005
ZZZ9652,SIBELIUM 5MG TAB 1*30TAB,TABS,7,0,0,0,0,62.697,438.88,77.63,62.2,0,JOHANSON & JOHANSON,,S005
ZZZ3851,SILDOO-8MG CAP 1*10CAP,CAP,5,0,0,0,0,347.698,1738.49,457.5,348.57,0,DR REDDYS,,S002
RALSII801,SILODAL D 8MG CAP 1*10CAP,CAP,4,0,0,0,0,331.394,1325.58,440.63,335.76,0,RANBAXY LAB,,S012
ZZZ9472,SILOTIME 4MG CAP 1*10CAP,CAPP,3,0,0,0,0,225.597,676.79,300,228.57,0,INTAS,,S002
ZZZ8477,SILOTIME 8MG CAP 1*10CAP,CAPS,2,0,0,0,0,394.133,788.27,529.69,403.62,0,INTAS,,S002
MICSI1101,SILYBON 140MG TAB 1*10TAB,TAB,5,0,0,0,0,151.368,756.84,203.44,155.01,0,MICRO LAB,,S009
MICSI7101,SILYBON 70MG TAB 1*10TAB,TAB,2,0,0,0,0,102.232,204.46,135.94,103.58,0,MICRO LAB,,S009
MICSI2201,SILYBON SYRUP 200ML,PCS,2,0,0,0,0,288.78,577.56,388.1,295.73,0,MICRO LAB,,
ABBSI1P01,SIMILAC 1 POW 400GM,Pcs,2,0,0,0,0,516,1032,580,516,0,ABBOTT,,
ABBSI2P01,SIMILAC 2 POW 400 GM,Pcs,2,0,0,0,0,516,1032,580,516,0,ABBOTT,,
ZZZ10850,SIMILAC 3 POWDER 300GM,TAB.,3,0,0,0,0,489.5,1468.5,580,489.5,0,NESTLE,,
.1900,SIMILAC 4 400g,PCS,2,0,0,0,0,501.5,1003,550,501.5,0,ABBOTT HEALTHCARE,,
0461,SIMILAC PLUS STAGE 2 400gM,PC,2,0,0,0,0,730.92,1461.84,845,730.92,0,ABBOTT HEALTHCARE,,
000751,SINAREST ORAL DROP 15ML,PCS,5,0,0,9,1,88.674,443.37,129.63,98.77,0,CIPLA,,
CENSIT101,SINAREST TAB 1*15TAB,TAB,6.2,0,0,0,0,91.995,570.37,123.64,94.21,0,CENTAUR,,S002
ALBSIS202,SIOPLEX L SYRUP 200ML,PCS,2,0,0,0,0,125.755,251.51,167.23,127.41,0,ALBERT DAVID,,
A00029,SITABITE- DM 100/10/500 1*10TAB,TAB.,5,0,0,0,0,169.725,848.63,225.7,171.96,0,MACLEODS,,S003
DAPMT341,SITABITE M 100/500 TAB 1X10,PCS,10,0,0,0,0,127.075,1270.75,168.98,128.75,0,CORONA REMEDIES PVT.LTD.WELLNESS,,S011
HIFEN507,SITABITE M-50/500 1*10TAB,TAB.,5,0,0,0,0,103.312,516.56,135.94,103.57,0,TORRENT PHARMA AZUCA,,S010
1233,SITACIP DM 100/10/1000 TAB,TAB.,9,0,0,0,0,170.6017,1535.42,226.87,172.85,0,CIPLA,,S009
1073,SITACIP-E 100/10 1*10TAB,TAB.,5,0,0,0,0,135.302,676.51,178.03,135.64,0,JOHNSON,,S012
HIFEN897,SITADAPA 100/10 MG TAB,TAB.,5,0,0,0,0,129.662,648.31,174.27,132.78,0,INDCHEMIE HEALTH PRIMUS,,S013
000503,SITADAPA 50/5 1*10TAB,TAB.,3,0,0,0,0,108.9467,326.84,146.43,111.57,0,CONCEPT BIOSCIENCES PVT LTD,,s002
USV157,SITADAPA M 100/10/1000 1*10TAB,TAB.,6,0,0,0,0,150.38,902.28,202.12,154,0,USV PRIVATE LTD.,,S009
000003691,SITADAPA M 100/10/500 1*10TAB,TAB.,5,0,0,0,0,124.1217,620.61,166.83,127.11,0,SUN,,S009
000167,SITAGLO D 1*10TAB,TAB.,5,0,0,0,0,215.55,1077.75,257.81,196.42,0,INDCHEMIE HEALTH PRIMUS,,S013
HIFEN377,SITAGLO DM TAB 1X10,PCS,1,0,0,0,0,136.17,136.17,192.18,146.42,0,ARISTO OTSIRA GENETICA,,S009
DAPMT551,SITAGLO M 50/500 1*15,PCS,4,0,0,0,0,115.09,460.36,154.68,117.86,0,ARISTO OTSIRA GENETICA,,S007
A00665,SITAGLO- M FORTE 1*15TAB,TAB.,4,0,0,0,0,140.6133,562.45,189,144,0,USV LIMITED.,,S002
HIFEN102,SITAGLYN-DM 100/500MG TAB 1X10 1*10,PCS,2,0,0,0,0,178.02,356.04,236.72,180.36,0,CORONA REMEDIES RADIANCE,,S013
ZZZ10703,SITAHENZ D 100/10 1*10,TAB.,2,0,0,0,0,169.58,339.16,223.12,170,0,LE RENON HEALTHCARE PVT.LTD,,S003
000756,SITAMAX M 50/500 1*10TAB,TAB.,3,0,0,0,0,125.31,375.93,166.63,126.96,0,CIPLA,,S007
000003663,SITA OD100 1*10TAB,TAB.,6,0,0,0,0,89.2814,535.69,120,91.43,0,SUN,,S002
2646,SITA OD 50 TAB. 1X10,TAB.,6,0,0,0,0,70.89,425.34,95.28,72.6,0,SUNCARE FORMALATION,,S002
ZZZ10858,SITARA 50MG TAB 1*10,TAB.,1,0,0,0,0,75.855,75.86,101.95,77.68,0,NESTLE,,S007
USV077,SITARED MD XR-1000 1*10TAB,TAB.,1,0,0,0,0,126.335,126.34,168,128,0,SUN,,S013
A00036,SITARED M XR 100/1000 1*10,TAB.,4,0,0,0,0,116.54,466.16,163,116.54,0,OTHER PRODUCTS,,S013
3246,SITARED-M XR 100/500 1*15 TAB,TAB.,6,0,0,0,0,153.905,923.43,202.5,154.29,0,BIOLOG,,S013
4561,SITASYS 100 1*10,TAB.,5,0,0,0,0,55.696,278.48,74.06,56.43,0,SYSTOPIC,,S012
0000704,SITAXA M 50+850 1 X10 1*10,PCS,5,0,0,0,0,169.872,849.36,225.9,172.11,0,MACLEODS PROCARE  AHT,,S004
000547,SITAZIT D 10/100MG 1*10,PCS,5,0,0,0,0,167.434,837.17,222.65,169.64,0,GLENMARK,,S002
MICRO604,SITAZIT DM ER 500/10 TAB 1 X10,TAB.,3,0,0,0,0,168.4933,505.48,224.06,170.71,0,ALDAN,,S007
HUM2,SITAZIT M 50/500MG TAB 1X10,TAB.,7,0,0,0,0,83.54,584.78,111.09,84.64,0,NOVARTIS PHARMACEUTICAL,,S005
4536,SITAZIT MER 500,TAB.,3,0,0,0,0,151.2267,453.68,201.1,153.22,0,ALEMBIC,,S005
SUNSI1102,SIZODON 1MG TAB 1*10TAB,TAB,4,0,0,0,0,24.248,96.99,32.25,24.57,0,SUN,,S004
SUNSI2102,SIZODON 2MG TAB 1*10TAB,TAb,6,0,0,0,0,36.369,218.21,47.85,36.46,0,SUN,,S004
SUNSI3101,SIZODON 3MG TAB 1*10TAB,TAB,4,0,0,0,0,67.68,270.72,90,68.57,0,SUN,,S004
SUNSI4101,SIZODON 4MG TAB 1*10TAB,TAB,3,0,0,0,0,58.038,174.11,78.52,58.8,0,SUN,,S004
SUNSIF101,SIZODON FORTE TAB 1*10TAB,TAB,4,0,0,0,0,101.523,406.09,135,102.86,0,SUN,,S004
SUNSIL101,SIZODON-LS TAB 1*10TAB,TAB,4,0,0,0,0,66.268,265.07,88.13,67.14,0,SUN,,S004
ZZZ3119,SKINLITE CREAM 25GGM,PCS,2,0,0,0,0,208.26,416.52,293.91,223.94,0,LIVA HEALTHCARE LTD.,,
CADSKC101,SKINSHINE CREAM 15GM,PCS,6,0,0,0,0,46.4,278.4,140.53,44.19,0,CADILA,,
INTSK5101,SKIZORIL ER 12.5MG TAB 1*10TAB,TAB,6,0,0,0,0,24.41,146.46,32.81,25,0,INTAS,,S002
ARISMS201,SMULAX SYP 200ML`  200 ml,Pcs,3,0,0,0,0,197.4,592.2,262.5,200,0,ARISTO,,
ARISMC301,SMUTH CREAM 30GM,Pcs,1,0,0,0,0,118.5633,118.56,156,118.86,0,ARISTO,,
3193,SMUTH FIBER 105G,TAB.,1,0,0,0,0,200.9167,200.92,264.37,201.42,0,BIOLOG,,
SMUTH,SMUTH SUSP PINEAPPLE 110ML 1X110ML,SUSP,6,0,0,9,1,66.9883,401.93,100.03,76.22,0,ARISTO PHARMACEUTICALS MF-5,,
ARISMS102,SMUTH SYRUP 110ML,PCS,3,0,0,0,0,135.314,405.94,181.87,138.57,0,ARISTO,,
HIFEN783,SOBISIS 500MG TAB 1X10 1*10,PCS,2,0,0,0,0,101.84,203.68,136.87,104.29,0,INDCHEMIE HEALTH PRIMUS,,S011
LONSOF101,SOBISIS FORTE TAB 1*10TAB,TAB,6,0,0,0,0,187.507,1125.04,252,192.02,0,LE RENON HEALTHCARE PVT.LTD,,S011
APESOC101,SOFINOX CREAM 10GM,PCS,2,0,0,0,0,78.96,157.92,105,80,0,APEX,,
AVESOSC01,SOFRAMYCIN CREAM 100GM,Pcs,3,0,0,0,0,135.63,406.89,178.46,135.97,0,AVENTIS,,
AVESOSC02,SOFRAMYCIN CREAM 30GM,PCS,3,0,0,0,0,40.69,122.07,53.53,40.79,0,AVENTIS,,
00000309,SOFTERON GOLD 1*10T,TAB.,5,0,0,0,0,137.033,685.17,184.18,140.33,0,ARISTO,,S008
0958,SOFTOLAX LIQUIFIBRE 225ML 1X22 1*225ML,PCS,6,0,0,11,1,174.93,1049.58,256.5,195.43,0,CIPLA,,
LUPSOP101,SOFTOVAC POWDER 100GM,PCS,1,0,0,0,0,156.6133,156.61,210.5,160.38,0,LUPIN,,
ZZZ11170,SOFTOVAC SF 100GM,PCS,5,0,0,9,1,147.072,735.36,229.5,174.87,0,LUPIN,,
000472,SOFT TOUCH HAIR REMOVAL CREAM 50GM,TAB.,5,0,0,0,0,49.5,247.5,99,49.5,0,UNICHEM,,
ZZZ10849,SOFY XL 12 PAD,TAB.,11,0,0,0,0,73,803,99,73,0,NESTLE,,
SURSOSW02,SOFY XL 6 PAD,Pcs,11,0,0,0,0,24,264,35,24,0,SURGICAL,,
ZZZ10715,SOFY  XL 7 PAD,TAB.,6,0,0,0,0,30,180,42,30,0,DR.MOREPEN,,
ZZZ10653,SOHA EYE DROPS 10ML 10ML,TAB.,4,0,0,0,0,309.4917,1237.97,411.56,313.57,0,MICRO,,
ZZZ9702,SOLICEPT 10MG TAB 1*10TAB,TABS,4,0,0,0,0,648.39,2593.56,862.22,656.93,0,LUPIN,,S011
RALSO1T01,SOLITEN 10MG TAB 1*10TAB,TAB,5,0,0,0,0,352.49,1762.45,468.75,357.14,0,RANBAXY LAB,,S0013
RALSO1T02,SOLITEN 5MG TAB 1*10TAB,TAB,6,0,0,0,0,294.698,1768.19,391.88,298.58,0,RANBAXY LAB,,S0013
MACSO3101,SOLONEX 300MG TAB 1*10TAB,TAB,3,0,0,0,0,10.457,31.37,13.75,10.48,0,MACLEODS,,S002
MACSOD101,SOLONEX DT 100MG TAB 1*10TAB,TAB,5,0,0,0,0,5.903,29.52,7.77,5.92,0,MACLEODS,,S010
SOLSO1T02,SOLPRATE-CR-200MG TAB 1*10TAB,TAB,4,0,0,0,0,31.58,126.32,43.55,33.6,0,SOLVATE,,S006
SOLSO1T03,SOLPRATE-CR-300MG TAB 1*10TAB,TAB,10,0,0,0,0,49.646,496.46,65.21,50.3,0,SOLVATE,,SO11
SOLSOC501,SOLPRATE CR 500MG TAB 1*10TAB,TAB,3,0,0,0,0,75.467,226.4,99.11,76.46,0,SOLVATE,,S006
IPCSO1T01,SOLVIN COLD TAB 1*10TAB,TAB,5,0,0,0,0,52.027,260.14,69.94,53.28,0,IPCA,,S008
001739,SOLVIN-DX 100ML,TAB.,5,0,0,0,0,88.206,441.03,118.55,90.33,0,ABBOTT INDIA LIMITED,,
ZZZ6573,SOLVIN LS SYP 100ML,PHYL,1,0,0,0,0,81.792,81.79,120.94,83.76,0,IPCA,,
ZZZ8563,SOMPRAZ 40MG TAB 1*15TAB,TABS,6,0,0,0,0,136.1535,816.92,183,139.43,0,SUN PHARMACEUTICALS,,S003
SUNSOD201,SOMPRAZ D 20MG TAB 1*15TAB,TAB,2,0,0,0,0,134.2905,268.58,187.5,142.86,0,SUN,,S003
SUNSOD401,SOMPRAZ D 40MG TAB 1*15 TAB,TAB,11.4,0,0,0,0,195.3,2226.42,262.5,200,0,SUN,,S003
SUNSO1T02,SOMPRAZ IT CAP 1*10CAP,CAP,7,0,0,0,0,198.65,1390.55,267,203.43,0,SUN,,S003
SUNSO1T03,SOMPRAZ L CAP 1*10CAP,CAP,12,0,0,0,0,229.32,2751.84,315,240,0,SUN,,S003
AJASON101,SONADERM NM OINT* 15GM,Pcs,3,0,0,0,0,69.1133,207.34,91.87,70.02,0,BLUE CROSS,,
FRASOS101,SORBILINE SYRUP. 100ML,PCS,2,0,0,0,0,85.4125,170.83,114.8,87.47,0,WARDEX PHARMACEUTICALS PVT LTD,,
NICSO1501,SORBITRATE 10MG TAB 1*50TAB,TAB,5,0,0,0,0,32.72,163.6,43.05,32.8,0,ABBOTT,,S004
ZZZ10282,SORBITRATE 5 1*50 TAB,TAB.,4.4,0,0,0,0,32.42,142.65,43.58,33.2,0,ABBOTT,,S004
ZZZ3437,SOVENTUS-DC SYRUP 100ML,PCS,6,0,0,11,1,108.0817,648.49,156.8,119.46,0,ZUVENTUS HEALTHCARE,,
INTSP4I01,SPENZO DEPOT 40 INJ 2ML,PCS,1,0,0,0,0,299.2267,299.23,402.19,306.43,0,INTAS,,
INTSP1C02,SPINFREE TAB 1*10TAB,TAB,3,0,0,0,0,161.13,483.39,216.56,165.01,0,INTAS,,S009
00001317,SPRIT 100ML 1*100ML,PCS,8,0,0,0,0,25.7671,206.14,60,24.54,0,SHIVAM,,
3272,STABLANZ 1*10TAB,TAB.,3,0,0,0,0,162.9233,488.77,212.14,161.63,0,BIOLOG,,S002
USV108,STALIX-100 1*15TAB,TAB.,3,0,0,0,0,192.36,577.08,258.55,196.99,0,USV PRIVATE LTD.,,S010
DRRST1101,STAMLO 10MG TAB 1X30,TAB,3,0,0,0,0,131.2935,393.88,172.73,131.62,0,DR REDDYS,,S010
ZZZ9272,STAMLO 2.5MG TAB 1*30TAB,TABS,4,0,0,0,0,43.092,172.37,57.31,43.66,0,DR REDDYS,,S010
ZZZ4892,STAMLO 5MG TAB 1*30TAB,TABS,7,0,0,0,0,59.895,419.27,80.51,61.34,0,DR REDDYS,,S010
DRRST1T01,STAMLO-D TAB 1*15TAB,TAB,3,0,0,0,0,119.787,359.36,161.01,122.67,0,DR REDDYS,,S010
000256,STAMLO TRIO 6.25 TAB,TAB.,5,0,0,0,0,126.554,632.77,168.28,128.22,0,INDCHEMIE HEALTH PRIMUS,,SO10
DRRST1T02,STAMLO T TAB 1*10TAB,TABS,8,0,0,0,0,160.912,1287.3,213.98,163.03,0,DR REDDYS,,S010
ZZZ10452,STARPRESS AM XL 25 1*10 TAB,TAB.,6,0,0,0,0,74.418,446.51,100,76.21,0,LUPIN,,S009
ZZZ10453,STARPRESS AM XL 50 1*10 TAB,TAB.,6,0,0,0,0,170.223,1021.34,228.8,174.32,0,LUPIN,,S009
LUPSTX101,STARPRESS XL 12.5MG TAB 1*10TAB,TAB,1,0,0,0,0,45.385,45.39,59.72,45.5,0,LUPIN,,S009
LUPSTX201,STARPRESS XL 25MG TAB 1*15TAB,TAB,10,0,0,0,0,50.8845,508.85,68.4,52.11,0,LUPIN,,S009
LUPSTX501,STARPRESS XL 50MG TAB 1*15TAB,TAB,5,0,0,0,0,69.567,347.84,93.5,71.24,0,LUPIN,,S009
NICST1C01,STATOR 10MG TAB 1*15TAB,TAB,8,0,0,0,0,59.244,473.95,79.63,60.67,0,ABBOTT,,S006
NICST2102,STATOR 20MG TAB 1*15TAB,TAB,2,0,0,0,0,151.317,302.63,201.22,153.31,0,ABBOTT,,S006
NICST1T02,STATOR 40MG TAB 1*15TAB,TAB,6,0,0,0,0,230.073,1380.44,309.2,235.61,0,ABBOTT,,S006
000353,STATPURE GOLD 10MG,TAB.,6,0,0,0,0,170.98,1025.88,239.14,170.98,0,DR.REDDY S LABORATORIES,,
0835,STAYFREE SEC NIGHT XXL,PCS,1,0,0,0,0,135,135,150,135,0,J   J,,
000097,STAYFREE SEC REG 06PADS 07PADS,PCS,1,0,0,0,0,31,31,35,31,0,JOHNSON   JOHNSON,,
000955,STAYFREE SEC REG 18PADS 18PADS,PCS,1,0,0,0,0,92.001,92,105,92,0,JOHNSON   JOHNSON,,
3452,STE DUOSONIC 1,PCS,1,0,0,0,0,705.6,705.6,970,630,0,ALKEM,,
RPOST5101,STEMETIL MD 5MG 10 'S,Pcs,3,0,0,0,0,145.792,437.38,195.91,149.3,0,R.POULENC,,S008
ABBSTM101,STEMETIL MD TAB 1*10TAB,TAB,0.8,0,0,0,0,137.938,110.35,178.1,149.28,0,ABBOTT,,S009
ORV022,STOLIN-R ACTIVE PASTE(L) 1X120,PCS,4,0,0,0,0,188.9733,755.89,254,193.52,0,ORIVA LIFESCIENCES PVT LTD,,
000492,STOLIN-R ACTIVE PASTE(S) 1X70G 1*1,PCS,5,0,0,0,0,150.28,751.4,202,153.9,0,CONCEPT BIOSCIENCES PVT LTD,,
CIPSTS201,STON 1B6 SYRUP 200ML,PCS,3,0,0,0,0,228.29,684.87,300.38,228.86,0,CIPLA,,
CIPST1T02,STON 1 B6 TAB 1*10TAB,TAB,1,0,0,0,0,88.34,88.34,116.24,88.56,0,CIPLA,,S006
ZZZ1181,STON 1 SYRUP 200ML,PCS,3,0,0,5,1,125.92,377.76,200.94,153.1,0,CIPLA,,
002612,STOPLOS A+ TAB 1X4,TAB,4,0,0,0,0,117.566,470.26,181,117.86,0,ZYDUS OSTIVIA,,S006
ZZZ3856,STORVAS 10MG TAB 1*15TAB,TAB,8,0,0,0,0,59.88,479.04,79.63,60.67,0,SUN PHARMACEUTICALS,,S002
ZZZ4984,STORVAS 20MG TAB 1*15TAB,TAB,12,0,0,0,0,151.2165,1814.6,201.09,153.21,0,SUN,,S002
RALST4101,STORVAS 40MG TAB 1*10TAB,TAB,6,0,0,0,0,154.95,929.7,206.05,156.99,0,RANBAXY LAB,,S002
000470,STREAX BRIGHT SHINE F/W 50ML,TAB.,2,0,0,0,0,80,160,99,80,0,UNICHEM,,
RECST4C01,STREPSILS LOUNGES 1*8TAB,TAB,37.5,0,0,0,0,13.5344,507.54,28,13.02,0,RECKITT,,
000030,STREPSILS TAB 1*8,PCS,3,0,0,0,0,17.2672,51.8,28,17.62,0,LENARK,,
ZZZ4582,STUGERON PLUS TAB 1*10TABS,TABS,4,0,0,0,0,142.62,570.48,189.66,144.5,0,JANSSEN(ETHNOR),,S004
000003686,STYLO STAINLESS STEEL FEEDER 125ML,TAB.,1,0,0,0,0,377,377,580,377,0,SUN,,
000003685,STYLO STAINLESS STEEL FEEDER 250ML,TAB.,1,0,0,0,0,406.25,406.25,625,406.25,0,SUN,,
STRSU1101,SUCRAL O SYRUP 100ML,PCS,6,0,0,0,0,219.7833,1318.7,312.19,237.86,0,STRASSENBURG,,
0500,SUGARFREE 100 TAB,PCS,1,0,0,0,0,64.6,64.6,75,64.6,0,TYNOR,,
000000501,SUGARFREE 300 TABS,PCS,2,0,0,0,0,177.66,355.32,206,177.66,0,TYNOR,,
SUNSU1101,SULPITAC 100MG TAB 1*10TAB,TAB,3,0,0,0,0,151.15,453.45,201,153.14,0,SUN,,S001
SUNSU5102,SUMINAT 50MG TAB 1*1TAB,TAB,5,0,0,0,0,45.206,226.03,59.48,45.32,0,SUN,,S007
ALKSUT101,SUMOCOLD TAB 1*10TAB,TAB,8,0,0,0,0,31.375,251,50.6,32.13,0,ALKEM LAB.,,S005
ZZZ3105,SUMO GEL 30GM,PCS,10,0,0,0,0,30.86,308.6,154.69,30.86,0,ALKEM LAB.,,
ALKSU1601,SUMOL 120MG SYP 60 ML,Pcs,7,0,0,9,1,26.249,183.74,38.79,29.55,0,ALKEM LAB.,,
ALKSU2S01,SUMO-L 250 SYRUP. 100ML,PCS,1,0,0,9,1,28.994,28.99,42.84,32.64,0,ALKEM LAB.,,
ALKSU6101,SUMO-L 650 10 TABL,Pcs,6.6,0,0,9,1,21.618,142.68,31.6,24.08,0,ALKEM LAB.,,S007
ZZZ11216,SUMO L PLUS DS SYP 100ML,TAB.,2,0,0,9,1,59.9267,119.85,89.5,68.19,0,CIPLA,,
ZZZ10645,SUMO L PLUS DS SYP 1*100,TAB.,9,0,0,10,1,58.2718,524.45,89.5,68.19,0,MICRO,,
ALKSU1T01,SUMO TAB 1*15TAB,TABS,16.5,0,0,0,0,98.4525,1624.47,167.81,106.55,0,ALKEM LAB.,,S005
NICSUX201,SUPERMET XL 25MG TAB 1*15TAB,TAB,9,0,0,0,0,47.3295,425.97,67.85,48.47,0,ABBOTT,,S011
NICSUX501,SUPERMET XL 50MG TAB 1*10TAB,TAB,3,0,0,0,0,67.457,202.37,91.66,69.83,0,ABBOTT,,S011
000140,SUPER V RICH CAP 30*10 1*10,PCS,0.6,0,0,0,0,14.963,8.98,141.24,12.68,0,INDCHEMIE HEALTH PRIMUS,,
ZZZ1460,SUPRACAL 1*15TAB,TAB,2,0,0,0,0,151.575,303.15,201.56,153.57,0,PHARMED,,S004
ZZZ1464,SUPRACAL 2000 TAB 1*15TAB,TAB,2,0,0,0,0,227.8575,455.72,303,230.86,0,PHARMED,,S011
ZZZ1459,SUPRACAL XT TAB 1*15TAB,TAB,2,0,0,0,0,176.7195,353.44,235,179.05,0,PHARMED,,S001
BAYSUT101,SUPRADYN TAB 1*15TAB,TAB,10,0,0,0,0,48.462,484.62,68.39,52.11,0,BAYER ZYDUS PHARMA,,S005
FRASUSO01,SURFAZ SN CREAM 10GM,PCS,4,0,0,0,0,81.032,324.13,108.9,82.98,0,FRANCO-INDIAN,,
SUGN01,SURGICAL GLOVES NON-STERILE 1.5 1P,PIC,2,0,0,0,0,231.74,463.48,1200,220.7,0,ZZZZZZ 135,,
SUNSU2104,SUSTEN 200MG CAP 1*10TAB,TAB,5,0,0,0,0,294.688,1473.44,391.87,298.57,0,SUN,,S012
SUNSU4101,SUSTEN 400MG TAB 1*10TAB,TAB,2,0,0,0,0,517.475,1034.95,688.13,524.29,0,SUN,,S012
ZZZ9613,SWICH CV 100MG DRY SYRUP 30ML,PHYL,2,0,0,9,1,165.72,331.44,247.5,188.57,0,ALKEM (BERGEN),,
4516,SYMBULARDI TAB 1*10,TAB.,3,0,0,0,0,309.0675,927.2,365.72,278.64,0,LARK LAB,,S001
SUNSY1102,SYNDOPA 110MG TAB 1*10TAB,TAB,2,0,0,0,0,20.974,41.95,28.19,21.48,0,SUN,,S006
SUNSY2101,SYNDOPA 275MG TAB 1*10TAB,TAB,3,0,0,0,0,35.423,106.27,47.1,35.89,0,SUN,,S0011
SUNSYC101,SYNDOPA CR 125MG TAB 1*10TAB,TAB,5,0,0,0,0,22.406,112.03,29.79,22.7,0,SUN,,S007
SUNSYC102,SYNDOPA CR TAB 1*10TAB,TAB,12,0,0,0,0,37.577,450.92,50.5,38.48,0,SUN,,S0011
SUNSYP101,SYNDOPA PLUS TAB 1*15TAB,TAB,33,0,0,0,0,31.1685,1028.56,41.44,31.58,0,SUN,,S013
ZZZ9801,SYNERTAB TAB 1*10TAB,TABS,4,0,0,0,0,244.244,976.98,324.79,247.46,0,PHARMED,,S002
TORSY1101,SYSCAN 150MG TAB 1TAB,TAB,6,0,0,0,0,15.425,92.55,0,15.63,0,TORRENT,,S010
SYSSYG201,SYSTAFLAM GEL 25GM,Pcs,4,0,0,0,0,69.0667,276.27,91.85,69.98,0,SYSTOPIC,,A10030511
MANT91M01,T 98 DROP 15 ML,Pcs,2,0,0,0,0,25.5633,51.13,33.99,25.9,0,MANKIND,,
INTTA1T01,TAH 40MG TAB 1*10TAB,TAB,5,0,0,0,0,235.052,1175.26,315.94,240.71,0,INTAS,,T001
SUNTAC101,TAMDURA CAP 1*10TAB,TAB,2,0,0,0,0,275.51,551.02,370.31,282.14,0,SUN,,T014
ZZZ8047,TAMLOCEPT D CAP 1*15CAP,CAPS,6,0,0,0,0,395.1765,2371.06,525.5,400.38,0,LUPIN,,T0013
TORTA2101,TANCODEP 2MG TAB 1*10TAB,TAB,20,0,0,0,0,23.544,470.88,31.64,24.11,0,TORRENT,,T022
TORTAT101,TANCODEP TAB 1*10TAB,TAB,5,0,0,0,0,21.836,109.18,28.73,21.89,0,TORRENT,,T022
ZZZ1303,TAPAL ER 50MG TAB 1*10TAB,TAB,4,0,0,0,0,219.676,878.7,292.12,222.57,0,MSN LAB LIMTED,,T004
AJATAE501,TAPENAX ER 50MG TAB 1*10TAB,TAB,5,0,0,0,0,229.832,1149.16,305.63,232.86,0,AJANTA,,T005
IPCTA0102,TASULIN 0.4MG TAB 1*14TAB,TAB,2,0,0,0,0,138.0106,276.02,185.48,141.33,0,IPCA,,T001
IPCTA1C01,TASULIN D TAB 1*15CAP,CAP,4,0,0,0,0,404.583,1618.33,543.8,414.32,0,IPCA,,T001
ALKTA2I01,TAXIM 250MG VIAL 1VIAL,PCS,10,0,0,9,1,13.358,133.58,18.6,14.88,0,ALKEM LAB.,,
ALKTA1I03,TAXIMAX 1500MG INJ 1VIAL,PCS,2,0,0,0,0,55,110,93.5,55,0,ALKEM LAB.,,AB-03
ALKTA3I01,TAXIMAX 375MG VIAL 1VIAL,PCS,4,0,0,0,0,32,128,48,32,0,ALKEM LAB.,,
ALKTA2104,TAXIM O 200MG TAB 1*10TAB,TAB,13.8,0,0,0,0,77.7,1072.26,104.43,79.57,0,ALKEM LAB.,,T001
ALKTAA401,TAXIM-O 400 TAB 1*10TAB,TABS,0.3,0,0,0,0,169.05,50.72,236.04,179.84,0,ALKEM (BERGEN),,T001
000540,TAXIM-O 50 DT TABS. 10X10 1,PCS,6,0,0,0,0,58.1367,348.82,77.3,58.9,0,SUN,,T001
ALKTAD101,TAXIM O DROP 1*30ML,Pcs,2,0,0,0,0,58.0917,116.18,82.5,62.87,0,ALKEM LAB.,,
ALKTADS02,TAXIM O DRY SYRUP. 30ML,PCS,7,0,0,0,0,38.7583,271.31,52.09,39.69,0,ALKEM LAB.,,
ALKTAD102,TAXIM O DT 100MG TAB 1*10TAB,TAB,1.6,0,0,0,0,75.328,120.52,101.25,77.14,0,ALKEM LAB.,,T001
ALKTA3M01,TAXIM O FORTE DRY SUSP. 30ML,PCS,3,0,0,9,1,51.245,153.74,76.53,58.31,0,ALKEM LAB.,,
ALKTA1T01,TAXIM OF TAB 1*10TAB,TAB,8,0,0,0,0,147.18,1177.44,197.8,150.72,0,ALKEM LAB.,,T004
USVTA2101,TAZLOC 20MG TAB 1*10TAB,TAB,5,0,0,0,0,28.09,140.45,36.96,28.16,0,USV,,T002
MICRO647,TAZLOC 40 1*15,TAB.,2,0,0,0,0,71.893,143.79,96.62,73.62,0,USV,,T002
USVTA4101,TAZLOC 40MG TAB 1*10TAB,TAB,6,0,0,0,0,72.663,435.98,96.62,73.62,0,USV,,T002
USVTA8101,TAZLOC 80MG TAB 1*15TAB,TAB,7,0,0,0,0,73.764,516.35,99.14,75.54,0,USV,,T002
USVTAA102,TAZLOC AM 80 TAB 1*10TAB,TAB,3,0,0,0,0,168.393,505.18,223.92,170.61,0,USV,,T002
USVTAA101,TAZLOC AM TAB 1*10TAB,TAB,13,0,0,0,0,114.26,1485.38,150.35,114.55,0,USV,,T002
USVTAB201,TAZLOC BETA 25MG TAB 1*10TAB,TAB,15,0,0,0,0,145.228,2178.42,193.13,147.14,0,USV,,T002
USVTAB501,TAZLOC BETA 50MG TAB 1*10TAB,TAB,8,0,0,0,0,149.576,1196.61,196.78,149.95,0,USV,,T002
USVTA4102,TAZLOC CT 40/12.5MG TAB 1*10TAB,TAB,5,0,0,0,0,118.257,591.29,155.58,118.55,0,USV,,T002
USVTAA601,TAZLOC-CT 6.25 TAB 1*10TAB,TABS,2,0,0,0,0,103.993,207.99,138.28,105.36,0,USV,,T002
USVTAH801,TAZLOC H 80MG TAB 1*10TAB,TAB,3,0,0,0,0,185.8,557.4,247.08,188.25,0,USV,,T002
ZZZ2567,TAZLOC H TAB 1*10TAB,TAB,4,0,0,0,0,128.113,512.45,170.34,129.8,0,USV,,T002
USVTA8103,TAZLOC-TRIO 80MG TAB 1*10TAB,TAB,3,0,0,0,0,188.733,566.2,250.97,191.22,0,USV,,TOO2
ZZZ9955,T BACT OINT 15GM,PHYL,5,0,0,0,0,241.89,1209.45,325.08,247.71,0,GSK,,
GLATBO501,T-BACT OINT 5GM,PCS,3,0,0,0,0,80.63,241.89,108.36,82.57,0,GLAXO,,
SUNTED101,TEAR DROPS EYE DROP 10ML,PCS,5,0,0,0,0,100.43,502.15,132.13,100.68,0,SUN,,
INTTET701,TEBINA 250MG TAB 1*7TAB,TAB,2,0,0,0,0,103.9283,207.86,139.69,106.43,0,INTAS,,T010
NOVTEE101,TEGRITAL 100MG TAB 1*10TAB,TAB,3,0,0,0,0,10.5,31.5,11.33,10,0,NOVARTIS,,T022
NOVTEC201,TEGRITAL CR 200MG TAB 1*10TAB,TAB,15,0,0,0,0,24.108,361.62,25.53,22.96,0,NOVARTIS,,T010
NOVTEC401,TEGRITAL CR 400MG TAB 1*10TAB,TAB,1,0,0,0,0,46.17,46.17,49.77,43.97,0,NOVARTIS,,T022
NOVTES101,TEGRITAL SYRUP. 100ML,PCS,6,0,0,0,0,30.1567,180.94,32.55,28.72,0,NOVARTIS,,
ZZZ6641,TELAST 40MG TAB 1*7TAB,TABS,32,0,0,0,0,69.0599,2209.92,92.81,70.72,0,INTAS,,
ZZZ10901,TELCURE 40 MG TAB 1*10,TAB.,5,0,0,0,0,71.408,357.04,94.96,72.35,0,MANKIND,,T018
LUPTE1T02,TELEKAST A TAB 1*10TAB,TAB,5,0,0,0,0,216.127,1080.64,306.95,233.9,0,LUPIN,,T009
LUPTE1T05,TELEKAST L TAB 1*15TAB,TAB,2,0,0,0,0,259.2105,518.42,280.53,280.53,0,LUPIN,,T009
CADTE1T02,TELI AM TAB 1*10TAB,TABS,5,0,0,0,0,140.9,704.5,189.37,144.29,0,CADILA,,T022
LUPTE4102,TELISTA 40MG TAB 1*15TAB,TAB,5,0,0,0,0,80.571,402.86,108.28,82.51,0,LUPIN,,T021
ZZZ3347,TELISTA AM TAB 1*15TAB,TABS,9,0,0,0,0,237.318,2135.86,318.95,243.03,0,LUPIN,,T021
ZZZ1006,TELISTA-CH 40/6.25 1*10TAB,TAB,4,0,0,0,0,151.7,606.8,203.9,155.35,0,LUPIN,,T021
00000473,TELISTA TRIO CL 1*10T,TAB.,4,0,0,0,0,144.804,579.22,192.55,146.71,0,LUPIN,,T021
000614,TELISTA TRIO CL 6.25 1*10,TAB.,2,0,0,0,0,137.67,275.34,195.66,137.67,0,OTHER PRODUCTS,,T021
ALETE1T02,TELLZY-40MG TAB 1*15TAB,TAB,3,0,0,0,0,81.096,243.29,108.99,83.05,0,ALEMBIC,,T015
ZZZ9339,TELLZY AM 80MG TAB 1*15TAB,TABS,2,0,0,0,0,328.7355,657.47,437.16,333.07,0,ALEMBIC,,T015
ALETE1T05,TELLZY AM TAB 1*15TAB,TAB,3,0,0,0,0,229.2495,687.75,304.83,232.27,0,ALEMBIC,,T015
ZZZ8282,TELLZY CH 40MG TAB 1*15TAB,TABS,5,0,0,0,0,228.693,1143.47,310.68,236.74,0,ALEMBIC,,T015
ZZZ7675,TELLZY CH 6.25MG TAB 1*15TAB,TABS,2,0,0,0,0,199.8045,399.61,268.55,204.61,0,ALEMBIC,,T015
0609,TELLZY LN 40 1*15TAB,TAB.,6,0,0,0,0,172.685,1036.11,229.64,174.96,0,CORONA,,T004
ALETE2101,TELLZY-MT 25MG TAB 1*15TAB,TAB,3,0,0,0,0,269.0265,807.08,361.6,275.5,0,ALEMBIC,,T020
ALETE5101,TELLZY-MT 50MG TAB 1*15TAB,TAB,2,0,0,0,0,297.793,595.59,400.22,304.96,0,ALEMBIC,,T015
GLETE2101,TELMA 20MG TAB 1*15TAB,TAB,3,0,0,0,0,90.4065,271.22,129.59,92.58,0,GLENMARK,,T011
000116,TELMA 20MG TAB 1 X30,Pcs,7,0,0,0,0,91.366,639.56,121.49,92.57,0,OTHER PRODUCTS,,T011
TEL4,TELMA 40MG TAB 1X15,Pcs,10,0,0,0,0,158.427,1584.27,212.94,162.24,0,GLENMARK,,T011
GLETEA801,TELMA 80 AM TAB 1*15TAB,TAB,4,0,0,0,0,318.6645,1274.66,423.75,322.86,0,GLENMARK,,T011
GLETE8101,TELMA 80MG TAB 1*15TAB,TAB,7,0,0,0,0,121.389,849.72,163.16,124.31,0,GLENMARK,,T011
GLETEA101,TELMA AM 40/5MG TAB 1*15TAB,TAB,4,0,0,0,0,256.98,1027.92,341.72,260.36,0,GLENMARK,,T011
ZZZ4476,TELMA AMH 40MG TAB 1*15TAB,TAB,8,0,0,0,0,233.316,1866.53,313.59,238.93,0,GLENMARK,,T011
ZZZ5432,TELMA AMH 80 TAB 1*15TAB,TABS,3,0,0,0,0,327.4035,982.21,430.78,328.22,0,GLENMARK,,T011
ZZZ10443,TELMA AZ TAB 1*10,TAB.,3,0,0,0,0,145.937,437.81,194.06,147.86,0,GLENMARK,,T011
ZZZ8923,TELMA BETA 25MG TAB 1*10TAB,TABS,14,0,0,0,0,179.072,2507.01,238.13,181.43,0,GLENMARK,,T011
ZZZ8943,TELMA BETA 50MG TAB 1*10TAB,TABS,15,0,0,0,0,220.319,3304.79,292.97,223.22,0,GLENMARK,,T011
2377,TELMA BS 2.5 TAB 1X10,TAB.,7,0,0,0,0,89.2833,624.98,120,91.43,0,SUN,,T011
HIFEN945,TELMA BS 5 TAB 1X10 1*10,PCS,3,0,0,0,0,105.7433,317.23,140.63,107.14,0,SUN,,TO11
ZZZ7488,TELMA CT 40/12.5 TAB 1*15TAB,TABS,4,0,0,0,0,225.6435,902.57,303.28,231.07,0,GLENMARK,,T011
ZZZ10275,TELMA CT 40/6.25 TAB 1*15,TAB.,3,0,0,0,0,210.096,630.29,279.37,212.86,0,GLENMARK,,T011
ZZZ9993,TELMA CT 80/12.5 TAB 1*15TAB,TABS,1,0,0,0,0,360.2535,360.25,479.06,365,0,GLENMARK,,T011
ZZZ7885,TELMA CT 80/6.25 TAB 1*15TAB,TABS,6,0,0,0,0,339.4605,2036.76,451.41,343.93,0,GLENMARK,,T011
ZZZ8574,TELMA D TAB 1*10TAB,TABS,3,0,0,0,0,122.673,368.02,163.13,124.29,0,GLENMARK,,T011
GLETEH102,TELMA H 80 TAB 1*15TAB,TAB,3,0,0,0,0,370.1265,1110.38,492.19,375,0,GLENMARK,,T011
ZZZ10445,TELMA-H TAB 1*15,TAB.,2,0,0,0,0,244.992,489.98,325.78,248.22,0,GLENMARK,,T011
ZZZ4107,TELMA LN 40MG TAB 1*15TAB,TAB,5,0,0,0,0,235.8225,1179.11,313.59,238.93,0,GLENMARK,,T011
GLETE2102,TELMAXX 25MG TAB 1*10TAB,TAB,3,0,0,0,0,0,0,242,0,0,GLENMARK,,T011
MEDTE2103,TELMED 20MG TAB 1*10TAB,TAB,8,0,0,0,0,30.487,243.9,40.97,31.22,0,MEDLEY,,T009
MEDTE4102,TELMED 40MG TAB 1*10TAB,TAB,8,0,0,0,0,53.65,429.2,72.09,54.94,0,MEDLEY,,T017
ZZZ577,TELMED 80MG TAB 1*10TAB,TAB,10,0,0,0,0,82.24,822.4,110.53,84.22,0,MEDLEY,,T017
ZZZ3571,TELMED ACT 40MG TAB 1*10TAB,TAB,4,0,0,0,0,122.767,491.07,165,125.72,0,MEDLEY,,T001
MEDTE1T03,TELMED AH TAB 1*10TAB,TAB,6,0,0,0,0,136.368,818.21,183.28,139.65,0,MEDLEY,,T021
MEDTEA801,TELMED AM 80MG TAB 1*10CAP,CAP,3,0,0,0,0,170.89,512.67,229.69,175,0,MEDLEY,,T004
MEDTEA101,TELMED AM TAB 1*10TAB,TAB,15,0,0,0,0,135.42,2031.3,182,138.68,0,MEDLEY,,T021
MEDTEB501,TELMED B 50MG TAB 1*10TAB,TAB,4,0,0,0,0,156.943,627.77,210.94,160.72,0,MEDLEY,,T017
MEDTEEC01,TELMED CT TAB 1*10TAB,TAB,6,0,0,0,0,113,678,151.87,115.72,0,MEDLEY,,T017
ZZZ2575,TELMED H 80MG TAB 1*10TAB,TAB,3,0,0,0,0,178.02,534.06,236.72,180.36,0,MEDLEY,,T017
MEDTEHT01,TELMED H TAB 1*10 TAB,TAB,19.9,0,0,0,0,116.825,2324.82,157.03,119.64,0,MEDLEY,,T031
MANTE2101,TELMIKIND 20MG TAB 1*10TAB,TAB,22,0,0,0,0,18.925,416.35,25.44,19.38,0,MANKIND,,T006
MANTE1T01,TELMIKIND-40MG TAB 1*15,TAB,17,0,0,0,0,46.033,782.56,61.87,47.14,0,MANKIND,,T006
MANTE8101,TELMIKIND 80MG TAB 1*10TAB,TAB,6,0,0,0,0,61.013,366.08,82,62.48,0,MANKIND,,T006
ZZZ11006,TELMIKIND-AM 80 TAB 1*10,STR,8,0,0,0,0,92.63,741.04,124.5,94.86,0,MANKIND,,T006
000434,TELMIKIND-AM BETA 50MG 1*10TAB,TAB.,6,0,0,0,0,114.2067,685.24,151.87,115.71,0,ARISTO,,T006
MANTE1T03,TELMIKIND AMH TAB 1*10TAB,TAB,4,0,0,0,0,80.172,320.69,107.76,82.1,0,MANKIND,,T006
2651,TELMIKIND AM TAB 1*10,TAB.,10,0,0,0,0,64.04,640.4,86.08,65.58,0,LEFORD,,T006
MANTEB201,TELMIKIND BETA 25MG TAB 1*10TAB,TAB,6,0,0,0,0,102.363,614.18,136.12,103.71,0,MANKIND,,T006
MANTEB501,TELMIKIND BETA 50MG TAB 1*10TAB,TAB,3,0,0,0,0,106.803,320.41,140.53,107.07,0,MANKIND,,T006
MANTEH801,TELMIKIND H 80MG TAB 1*10TAB,TAB,3,0,0,0,0,107.25,321.75,141.12,107.52,0,MANKIND,,T006
MANTE1T04,TELMIKIND H TAB 1*10TAB,TAB,14,0,0,0,0,76.109,1065.53,102.3,77.94,0,MANKIND,,T006
ZZZ9525,TELMIKIND LNB-50MG TAB 1*10,TAB.,10,0,0,0,0,121.8456,1218.46,162.03,123.45,0,CHARAK PHARMA,,T006
ZZZ11066,TELMIKIND TRIO 12.5 1*10 TAB,TAB.,14,0,0,0,0,102.11,1429.54,137.25,104.57,0,MANKIND,,T006
ZZZ10908,TELMIKIND TRIO 6.25MG 1*10,TAB.,17,0,0,0,0,101.927,1732.76,136.99,104.38,0,MANKIND,,T006
ZZZ3744,TELPLUS TAB 1*10TAB,TAB,4,0,0,0,0,142.267,569.07,191.2,145.69,0,MICRO LAB,,T003 AB-14
ZZZ7816,TELPLUS TRIO TAB 1*10TAB,TABS,4,0,0,0,0,155.557,622.23,209.06,159.3,0,MICRO LAB,,T003
NICTE4101,TELPRES 40MG TAB 1*10TAB,TAB,3,0,0,0,0,80.588,241.76,108.31,82.53,0,ABBOTT,,T003
ZZZ2601,TELPRES CT 40/12.5MG TAB 1*15TAB,TAB,2,0,0,0,0,118.224,236.45,158.9,121.07,0,ABBOTT,,T003
ZZZ962,TELPRES CT 40/6.25MG TAB 1*10TAB,TAB,3,0,0,0,0,88.423,265.27,118.86,90.55,0,ABBOTT,,T003
DRRTE2101,TELSARTAN 20MG TAB 1*15TAB,TAB,2,0,0,0,0,46.32,92.64,60.94,46.43,0,DR REDDYS,,T005
ZZZ8446,TELSARTAN 80MG TAB 1*14TAB,TABS,2,0,0,0,0,126.6398,253.28,166.63,126.96,0,DR REDDYS,,T005
DRRTE1T01,TELSARTAN AM TAB 1*10TAB,TAB,2,0,0,0,0,182.585,365.17,240.23,183.05,0,DR REDDYS,,T005
ZZZ2649,TELSARTAN-CT 40MG TAB 1*10TAB,TAB,2,0,0,0,0,149.27,298.54,196.41,149.64,0,DR REDDYS,,T005
ZZZ8600,TELSARTAN H TAB 1*14TAB,TABS,2,0,0,0,0,252.0448,504.09,331.64,252.68,0,DR REDDYS,,T005
1929,TELSARTAN LN 40,TAB.,2,0,0,0,0,100.645,201.29,132.42,100.9,0,HIMALAYA,,T005
DRRTEET01,TELSARTAN TRIO TAB 30TAB,PCS,2,0,0,0,0,372.82,745.64,490.55,373.75,0,DR REDDYS,,
ARITE2101,TELVAS 20MG TAB 1*15TAB,TAB,14,0,0,0,0,41.745,584.43,56.11,42.75,0,ARISTO,,T00030
ZZZ7430,TELVAS 3D 80MG TAB 1*10TAB,TABS,8,0,0,0,0,141.358,1130.86,190,144.76,0,ARISTO,,T032
ARITE1T01,TELVAS 3D TAB 1*10TAB,TAB,9,0,0,0,0,93.001,837.01,125,95.24,0,ARISTO,,T0032
ARITE4101,TELVAS 40MG TAB 1*15TAB,TAB,18,0,0,0,0,70.8255,1274.86,94.59,72.53,0,ARISTO,,T0030
ARITEE101,TELVAS 80MG TAB 1*10TAB,TAB,3,0,0,0,0,123.9765,371.93,166.63,126.96,0,ARISTO,,T0030
ARITE8101,TELVAS-AM 80/5MG TAB 1*10TAB,TAB,6,0,0,0,0,182.31,1093.86,245,186.7,0,ARISTO,,T0031
ARITE1T02,TELVAS-AM TAB 1*15 TAB,TAB,5,0,0,0,0,102.9405,514.7,145.26,110.69,0,ARISTO,,AB-07
3939,TELVAS AM TAB 1x15,TAB,9,0,0,0,0,108.069,972.62,145.26,110.67,0,ARISTO,,T00031
ARITEB201,TELVAS BETA 25MG TAB 1*10TAB,TAB,10,0,0,0,0,86.497,864.97,116.25,88.58,0,ARISTO,,T019
ARITEB501,TELVAS BETA 50MG TAB 1*10TAB,TAB,15,0,0,0,0,108.118,1621.77,145.31,110.72,0,ARISTO,,T019
ZZZ10593,TELVAS CT 40 TAB 10X10 1*10 10*10,TAB.,14,0,0,0,0,73.658,1031.21,99,75.43,0,ABBOTT,,T032
ARITE8102,TELVAS CT 80MG TAB 1*10TAB,TABS,7,0,0,0,0,109.272,764.9,145.31,110.71,0,ARISTO,,T008
ZZZ8253,TELVAS CT LS TAB 1*10,TAB.,7,0,0,0,0,59.921,419.45,79.68,60.71,0,ARISTO,,T008
ARITEH401,TELVAS H 40/12.5MG TAB 1*10TAB,TAB,15.7,0,0,0,0,69.048,1084.05,92.81,70.71,0,ARISTO,,T032
ARITEH801,TELVAS H 80/12.5MG TAB 1*10TAB,TAB,10.8,0,0,0,0,123.207,1330.64,175,133.34,0,ARISTO,,T007
ZZZ10599,TELVAS LN 40 1*10,TAB.,13,0,0,0,0,85.561,1112.29,115,87.62,0,ABBOTT,,T008
HIFEN233,TELVAS LNC 12.5 TAB 1X10,PCS,5,0,0,0,0,94.154,470.77,126.56,96.42,0,ARISTO PHARMACEUTICALS TF 2,,T005
000003680,TELVAS LNC 6.5 MG TAB,TAB.,5,0,0,0,0,87.18,435.9,117.18,89.28,0,SUN,,T005
ZZZ8322,TENALI M 500MG TAB 1*10TAB,TABS,5,0,0,0,0,118.794,593.97,157.97,120.36,0,CADILA,,T010
000599,TENDER FLO BRUSH,TAB.,3,0,0,0,0,65,195,101,65,0,ARISTO PHARMACEUTICALS MF-3,,
001983,TENDER FLO BRUSH 8P,TAB.,8,0,0,0,0,20,160,39,20,0,INTAS,,
000601,TENDER FLO BUDS,TAB.,3,0,0,0,0,33,99,52,33,0,ARISTO PHARMACEUTICALS MF-3,,
TETS68,TENDER FLO COTTON BUDS BOX,TAB.,3,0,0,0,0,52,156,80,52,0,NICHOLAS,,
000789,TENDER FLO NAIL CLIPAR,TAB.,1,0,0,0,0,119,119,199,119,0,P G HEALTH LTD,,
000603,TENDER FLO NIPPLE 3,TAB.,1,0,0,0,0,39,39,60,39,0,ARISTO PHARMACEUTICALS MF-3,,
000003682,TENDER FLO RELAX FEEDING BOTTL,TAB.,2,0,0,0,0,260,520,400,260,0,SUN,,
PHATEC101,TENDOCARE CAP 1*15 CAP,TAB,3,0,0,0,0,334.5735,1003.72,444.92,338.98,0,PHARMED,,T017
ZZZ6419,TENDOCARE FORTE TAB 1*15TAB,TABS,1,0,0,0,0,531.9945,531.99,700,533.33,0,PHARMED,,AB-04
IFEN429,Tenginow-m 1*10TAB,TAB.,4,0,0,0,0,149.3033,597.21,196.45,149.68,0,ALKEM METABOLICS,,T020
ZZZ6694,TENLIMAC M 500MG TAB 1*10TAB,TABS,6,0,0,0,0,160.772,964.63,216.09,164.64,0,MACLEODS,,T013
IPCTE1T03,TENORIC 100MG TAB 1*10TAB,TAB,2,0,0,0,0,76.24,152.48,100.31,76.43,0,IPCA,,T003
IPCTE2105,TENORIC 25MG TAB 1*10TAB,TAB,2,0,0,0,0,49.44,98.88,65.06,49.57,0,IPCA,,T003
TNC,TENORIC 50MG TAB 20X10,Pcs,2,0,0,0,0,86.6,173.2,113.95,86.82,0,ABBOT LAB,,T003
NICTE5102,TENORMIN 50MG TAB 1*14TAB,TAB,3,0,0,0,0,26.3494,79.05,35.04,26.7,0,ABBOTT,,T014
GLATEC301,TENOVATE CREAM 30GM,PCS,6,0,0,0,0,121.0133,726.08,160.92,122.61,0,GLAXO,,
HIFEN378,TENPAX-5MG 1*15TAB,TAB.,3,0,0,0,0,174.49,523.47,232.03,176.79,0,ARISTO OTSIRA GENETICA,,T013
HIMTEF101,TENTEX FORTE CAP 1*10CAP,CAP,8,0,0,0,0,1100,8800,93.75,1100,0,HIMALAYA,,T009
SYSTEC101,TERBEST CREAM 15GM,PCS,10,0,0,0,0,51.072,510.72,67.2,51.2,0,SYSTOPIC,,
MANTE1G02,TERBIFORCE-PLUS 15GM,PCS,3,0,0,0,0,54.86,164.58,73.73,56.18,0,MANKIND,,
TETS,TETMOSOL SOAP 100GMS,Pcs,6,0,0,0,0,71.5,429,96.1,73.22,0,NICHOLAS,,
SUNTEP101,TETRAFOL PLUS TAB 1*10TAB,TAB,4,0,0,0,0,193.177,772.71,256.88,195.72,0,SUN,,T018
PB8THOC01,THANK OD CREAM 30GM,PCS,7,0,0,0,0,169.0643,1183.45,224.81,171.29,0,PANACEA BIOTECH,,
PB8THOF01,THANK OD FORTE TAB 1*7TAB,TAB,3,0,0,0,0,338.9267,1016.78,450.7,343.39,0,PANACEA BIOTECH,,T003
CIPTHF101,THEO-ASTHALIN FORTE TAB 1*20TAB,TAB,4,0,0,0,0,16.326,65.3,21.7,16.54,0,CIPLA,,T005
CIPTH3301,THEO ASTHALIN TAB 1*30TAB,TAB,10,0,0,0,0,15.996,159.96,21.5,16.38,0,CIPLA,,T005
MANTHFG02,THERMOKIND F GEL 100GM,PCS,3,0,0,0,0,115.08,345.24,154.68,117.85,0,MANKIND,,
TORTH2101,THIORIL 25MG TAB 1*10TAB,TAB,9.5,0,0,0,0,42.976,408.27,60.65,46.21,0,TORRENT,,T013
001991,THIOROK-AP 1*10TAB,TAB.,3,0,0,0,0,95,285,175,95,0,INTAS,,
CADTHG201,THROMBOPHOB GEL 20GM,Pcs,1,0,0,0,0,238.91,238.91,321.12,244.66,0,CADILA,,
GERTHO201,THROMBOPHOB OINT 20GM,PCS,2,0,0,0,0,161.684,323.37,236.8,160,0,GERMAN REMEDIES,,
ZZZ9059,THYRONORM 100MG TAB 120TAB,TABS,6,0,0,0,0,125.6183,753.71,168.82,128.64,0,ABBOTT,,
TETS119,THYRONORM 112MG 120TAB,TAB.,2,0,0,0,0,161.675,323.35,212.73,162.08,0,NICHOLAS,,
ABBTH1103,THYRONORM 125MG TAB 100TAB,Pcs,1,0,0,0,0,161.17,161.17,216.63,165.05,0,ABBOTT,,
ZZZ9831,THYRONORM 150MCG TAB 1*120TAB,TABS,1,0,0,0,0,162.1267,162.13,217.91,166.03,0,ABBOTT,,
ABBTHH101,THYRONORM 150MG TAB 100TAB,Pcs,4,0,0,0,0,162.1283,648.51,217.91,166.03,0,ABBOTT,,
ABBTH2101,THYRONORM 25MG TAB 100TAB,Pcs,7,0,0,0,0,137.9425,965.6,185.4,141.26,0,ABBOTT,,
ZZZ10395,THYRONORM 37.5MG 120TAB 1*120,TAB.,3,0,0,0,0,141.264,423.79,187.85,143.12,0,PURE AND CURE HEALTHCARE PVT.LTD.,,
ZZZ11220,THYRONORM 50MG 120TAB,TAB.,1,0,0,0,0,98.22,98.22,132.02,100.59,0,CIPLA,,
ZZZ9640,THYRONORM 62.5MCG TAB 120TAB,PHYL,3,0,0,0,0,153.5333,460.6,206.37,157.23,0,ABBOTT,,
ZZZ9274,THYRONORM 75MG TAB 120TAB,TABS,7,0,0,0,0,136.888,958.22,183.97,140.18,0,ABBOTT,,
ZZZ10396,THYRONORM 88MG TAB 120TAB,TAB.,1,0,0,0,0,160.572,160.57,211.28,160.97,0,PURE AND CURE HEALTHCARE PVT.LTD.,,
ZZZ1363,THYROPACE TAB 1*15TAB,TAB,5,0,0,0,0,132.402,662.01,177.6,135.59,0,MEYER VITABIOTICS,,T004
1187,THYROWEL PLUS,TAB.,1,0,0,0,0,242.905,242.91,323,246.1,0,CIPLA,,T017
MACTH1101,THYROX 100MG TAB 100TAB,PCS,10,0,0,0,0,125.6183,1256.18,168.83,128.64,0,MACLEODS,,
MACTH1102,THYROX 125MG TAB 100TAB,Pcs,9,0,0,0,0,161.17,1450.53,216.63,165.05,0,MACLEODS,,
MACTH1T01,THYROX 12.5MG TAB 100TAB,PCS,6,0,0,0,0,135.0917,810.55,189.72,144.56,0,MACLEODS,,
MACTH1103,THYROX 150MG TAB 100TAB,PCS,3,0,0,0,0,162.1467,486.44,217.92,166.05,0,MACLEODS,,
MACTH2101,THYROX 200* 100 TAB,Pcs,2,0,0,0,0,272.09,544.18,358.01,272.77,0,MACLEODS,,
ZZZ10899,THYROX 37.5 1*120,TAB.,5,0,0,0,0,141.1017,705.51,187.63,142.96,0,MANKIND,,
MACTH5101,THYROX 50MG TAB 100TAB/120TAB,PCS,1,0,0,0,0,98.22,98.22,132.02,100.58,0,MACLEODS,,
00000330,THYROX 62.5 1*100T,TAB.,4,0,0,0,0,127.95,511.8,171.98,131.03,0,MACLEODS,,
MACTH7101,THYROX 75MG TAB 100TAB,Pcs,13,0,0,0,0,136.895,1779.64,183.97,140.19,0,MACLEODS,,
000188,TIATE INHALER 1*1,PCS,1,0,0,0,0,395.1,395.1,525.4,400.3,0,LUPIN,,
LUP135,TIATE ROTACAP 1PH,Pcs,6,0,0,0,0,243.186,1459.12,343.17,261.49,0,LUPIN,,SM
LUPTIIT01,TIATE TRANSCAPS 15CAP,PCS,5,0,0,0,0,255.34,1276.7,343.15,261.48,0,LUPIN,,
SUN044,TICAVIC 90MG 1*10,PCS,10,0,0,0,0,208.707,2087.07,280.5,213.73,0,ALKEM,,T001
TORTI1102,TIDE 10MG TAB 1*10TAB,TAB,3,0,0,0,0,54.36,163.08,71.53,54.5,0,TORRENT,,T018
TORTI2101,TIDE 20MG TAB 1*10TAB,TAB,3,0,0,0,0,100.183,300.55,131.81,100.43,0,TORRENT,,T018
TORTI5101,TIDE 5MG TAB 1*10TAB,TAB,6,0,0,0,0,36.23,217.38,48.7,37.1,0,TORRENT,,T018
ZZZ10109,TIGATEL 20MG TAB 1*10TAB,TABS,3,0,0,0,0,30.557,91.67,40.63,30.96,0,SUN PHARMACEUTICALS,,T008
ZZZ9837,TIGATEL 40MG TAB 1*10TAB,TABP,3,0,0,0,0,108.6,325.8,144.42,110.03,0,SUN,,T004
00000283,TIGATEL CH 40 1*10T,TAB.,3,0,0,0,0,103.633,310.9,137.81,105,0,SUN,,T001
000324,TIGER KING CREAM,TAB.,1,0,0,0,0,26.6667,26.67,390,160,0,INTAS,,
USV93,TIGESIC-MR 1*10TAB,TAB.,8,0,0,0,0,80,640,220,80,0,USV PRIVATE LTD.,,T005
CADTI1T01,TINIBA 500MG TAB 1*10TAB,TAB,3,0,0,0,0,120.677,362.03,162.19,123.58,0,CADILA,,T013
LUPTII102,TIOMATE INHALER 1PCS,PCS,1,0,0,0,0,643.07,643.07,855.14,651.54,0,LUPIN,,
ZZZ9527,TIXYLIX LS SYRUP 100ML,PHYL,2,0,0,0,0,100.2767,200.55,133.35,101.6,0,ABBOTT,,
SUNTI2101,TIZAN 2MG TAB 1*10TAB,TAB,3,0,0,0,0,151.026,453.08,203,154.66,0,SUN,,T004
NOVTMPS01,T MINIC SYRUP 60ML,Pcs,6,0,0,0,0,99.64,597.84,124.55,98.85,0,GSK,,
3264,TOCOFIL CAP 1*15,TAB.,3,0,0,0,0,337.4533,1012.36,444.11,338.3,0,BIOLOG,,T004
000066,TOFATAS 5 MG,TAB.,3,0,0,0,0,145.79,437.37,209,149.3,0,INTAS,,T006
OL604,TOFATOP-5 1*10TAB,TAB.,30,0,0,0,0,14.579,437.37,209,149.3,0,MACLEODS,,T020
1230,TOFATOP CREAM,TAB.,5,0,0,0,0,523.188,2615.94,703.12,535.78,0,CIPLA,,
000187,TOFE-5 1*10TAB,TAB.,2,0,0,0,0,140.3,280.6,215.45,149.26,0,INDCHEMIE HEALTH PRIMUS,,T008
HIFEN837,TOFE ER 1*10,TAB.,4,0,0,0,0,248.16,992.64,330,251.43,0,INDCHEMIE HEALTH PRIMUS,,T008
ZZZ540,TOFICALM 50MG TAB 1*10TABS,TABS,0.4,0,0,0,0,117.03,46.81,155.62,118.57,0,SUN,,T002
TORTOM101,TOLAZ DT 10MG TAB 1*10TAB,TAB,9,0,0,0,0,119.68,1077.12,165.35,125.98,0,TORRENT,,T009
TORTOM501,TOLAZ DT 5MG TAB 1*10TAB,TAB,5,0,0,0,0,66.538,332.69,89.44,68.14,0,TORRENT,,T009
LUPTO1T01,TOLIFAST 150MG TAB 1*10TAB,TAB,3,0,0,0,0,156.51,469.53,208.1,158.57,0,LUPIN,,T016
ALKTOT101,TOLKEM 150MG TAB 1*10TAB,TAB,4,0,0,0,0,142.973,571.89,192.15,146.41,0,ALKEM LAB.,,T018
ZZZ8804,TOLKEM SR 450 TAB 1*6TAB,TABS,3,0,0,0,0,384.1968,1152.59,510.9,389.26,0,ALKEM LAB.,,T018
000787,TOLPACE SR450,TAB.,1,0,0,0,0,195.9433,195.94,257.81,196.43,0,P G HEALTH LTD,,T022
INTTO1T01,TOLPERITAS 150MG TAB 1*10TAB,TAB,10,0,0,0,0,129.73,1297.3,172.5,131.44,0,INTAS,,T004
INTTO1T02,TOLPERITAS D TAB 1*10TAB,TAB,1.6,0,0,0,0,183.633,293.81,246.8,188.05,0,INTAS,,T04
INTTO4101,TOLPERITAS SR 450MG TAB 1*10TAB,TAB,3,0,0,0,0,398.97,1196.91,536.25,408.57,0,INTAS,,T001
MLLTO4T01,TOLVAT 15MG TAB 1*4TAB,TAB,6,0,0,0,0,458.36,2750.16,616,469.39,0,MSN LAB LIMTED,,T005
LUPTO2101,TONACT 20MG TAB 1*15TAB,TAB,3,0,0,0,0,149.706,449.12,201.2,153.31,0,LUPIN,,T0020
ZZZ9862,TONACT 40MG TAB 1*15TAB,TABS,3,0,0,0,0,230.0295,690.09,309.19,235.57,0,LUPIN,,T001
LUPTO8101,TONACT 80MG TAB 1*10TAB,TAB,6,0,0,0,0,325.997,1955.98,433.45,330.29,0,LUPIN,,T0020
LUPTOA701,TONACT ASP 75MG CAP 1*15CAP,CAP,15,0,0,0,0,43.7475,656.21,58.8,44.8,0,LUPIN,,T0020
1384,TONACT GOLD 10 1*10,PCS,9,0,0,0,0,51.8583,466.72,68.95,52.54,0,CIPLA,,T0020
0607,TONACT GOLD-20 1*10TAB,TAB.,6,0,0,0,0,76.558,459.35,102.9,78.4,0,CORONA,,T00020
ZZZ9232,TOPAZ 25MG TAB 1*15TAB,TABS,4,0,0,0,0,88.9395,355.76,119.53,91.08,0,INTAS,,T013
FRATOML01,TOPIFORT NX SUSPENSION 15ML,PCS,5,0,0,0,0,68.496,342.48,91.1,69.4,0,FRANCO-INDIAN,,
SYSTO3L01,TOPISAL 3% LOTION 30ML,PCS,1,0,0,0,0,74.105,74.11,97.5,74.29,0,SYSTOPIC,,
SURTO6L01,TOPISAL 6% LOTION 30ML,Pcs,1,0,0,0,0,77.53,77.53,103.1,78.55,0,SYSTOPIC,,
SYSTO1C01,TOPP 40MG TAB 1*10TAB,TAB,10,0,0,0,0,201.357,2013.57,281.2,214.21,0,SYSTOPIC,,T0015
TORTOS101,TOREX SYRUP 100ML,PCS,8,0,0,0,0,66.6017,532.81,129.38,63.43,0,TORQUE,,
CADTO4101,TORGET 40MG TAB 1*10TAB,TAB,5,0,0,0,0,190.32,951.6,255.8,194.9,0,CADILA,,T004
CADTO5101,TORGET 5MG TAB 1*10TAB,TAB,6,0,0,0,0,38.485,230.91,51.72,39.41,0,CADILA,,T004
CADTO1T04,TORGET PLUS 10MG TAB 1*10TAB,TAB,6,0,0,0,0,114.245,685.47,151.91,115.75,0,CADILA,,T004
ARITO1101,TORSID 10MG TAB 1*10TAB,TAB,2,0,0,0,0,42.978,85.96,60,45.72,0,ARISTO,,T008
ARITO2101,TORSID 20MG TAB 1*10TAB,TAB,4,0,0,0,0,62.78,251.12,84.37,64.29,0,ARISTO,,T008
ARITO5101,TORSID 5MG TAB 1*10TAB,TAB,8,0,0,0,0,28.59,228.72,38.43,29.28,0,ARISTO,,T008
ARITO1102,TORSID-PLUS 10/50. 10 TABL,Pcs,8,0,0,0,0,44.376,355.01,59,44.96,0,ARISTO,,T008
4036,TORSID PLUS 20/50 TAB 1 X10,Pcs,12,0,0,0,0,49.352,592.22,65.62,50,0,OTSIRA GENETICA,,T008
ARITOP501,TORSID PLUS 5/50 TAB 1*10,Pcs,12,0,0,0,0,37.012,444.14,49.21,37.5,0,ARISTO,,T008
TORTO5102,TORVATE 500MG TAB 1*10TAB,TAB,6.6,0,0,0,0,43.44,286.7,57.17,43.56,0,TORRENT,,T003
TORTO2110,TORVATE CHRONO 200MG TAB 1*10TAB,TAB,6,0,0,0,0,26.777,160.66,35.99,27.42,0,TORRENT,,T0019
.TORTO5103,TORVATE CHRONO 500MG TAB 1*10TAB,TAB,4,0,0,0,0,56.618,226.47,76.1,57.98,0,TORRENT,,T0019
SMUTH5,TORVOX 10 1*10,TAB.,1,0,0,0,0,147.9133,147.91,198.8,151.47,0,TORRENT PHARMACEUTICALS LTD,,T010
BOITR1T01,TRAJENTA 5MG TAB 1*10TAB,TAB,4,0,0,0,0,278.302,1113.21,348.75,279,0,BOEHRINGER INGELHEIM,,T018
CADTRAR01,TRAMAZAC P TAB 1*10TAB,TAB,4,0,0,0,0,112.378,449.51,149.43,113.86,0,CADILA,,T018
ARITR1T01,TRANLOK E TAB 1*10TAB,TAB,2,0,0,0,0,205.76,411.52,276.56,210.71,0,ARISTO,,T014
HIFEN933,TRANXIETY 1*10TAB,TAB.,6,0,0,0,0,66.2667,397.6,89.06,67.86,0,SUN,,T015
ZZZ10676,TRAVATAN BAKFREE (660) 1PH 1PH,TAB.,3,0,0,0,0,722.4433,2167.33,960.68,731.96,0,MICRO,,
00001340,TRAZER M FORTE 1*6T,PCS,4,0,0,0,0,476.0952,1904.38,626.44,477.29,0,CORONA,,T016
MACTR5601,TRENAXA 500MG TAB 1*6TAB,TAB,13,0,0,0,0,84.603,1099.84,198.03,150.89,0,MACLEODS,,T016
MACTRM601,TRENAXA MF TAB 1*6TAB,TAB,9.2,0,0,0,0,390.93,3596.56,549,418.33,0,MACLEODS,,T016
HHPTR0O02,TRETIN 0.025% CREAM 30GM,Pcs,1,0,0,0,0,158.64,158.64,210.94,160.73,0,H&H PHARAMA.,,
HHPTR2101,TRETIN ISO 20MG CAP 1*10CAP,CAP,5,0,0,0,0,218.552,1092.76,290.63,221.43,0,H&H PHARAMA.,,T020
NICTR1T02,TRIBET 2MG TAB 1*10TAB,TAB,3,0,0,0,0,256.908,770.72,341.81,260.29,0,ABBOTT,,T013
00001006,TRICIUM ACTIVE TAB 1*10T,PCS,3,0,0,0,0,276.783,830.35,368.06,280.43,0,CORONA,,T004
MEDTR1101,TRIGEM 1MG TAB 1*10TAB,TAB,12,0,0,0,0,101.156,1213.87,135.94,103.59,0,MEDLEY,,T005
MEDTR1T01,TRIGEM 2MG TAB 1*10TAB,TAB,5,0,0,0,0,124.856,624.28,167.81,127.86,0,MEDLEY,,T0015
ARITR2102,TRIGLIMIPREX 2 1*10TAB,TAB,12,0,0,0,0,110.208,1322.5,148.12,112.86,0,ARISTO,,T018
USVTR1101,TRIGLYNASE 1MG TAB 1*10TAB,TAB,10.4,0,0,0,0,47.782,496.93,64.22,48.93,0,USV,,T018
M0552,TRIGLYNASE 2 TAB 1X10,STRP,6,0,0,0,0,76.185,457.11,102.4,78.02,0,USV LIMITED.,,TO18
UNITR0102,TRIKA 0.25MG TAB 1*15TAB,TAB,19,0,0,0,0,30.612,581.63,39.84,30.37,0,UNICHEM,,T016
UNITR0103,TRIKA 0.5MG TAB 1*15TAB,TAB,9,0,0,0,0,56.3535,507.18,75.75,57.71,0,UNICHEM,,T007
MACTRT101,TRIMACSART TAB 1*10TAB,TABS,8,0,0,0,0,120.844,966.75,162.42,123.75,0,MACLEODS,,T017
TORTRP101,TRINICALM PLUS TAB 1*10TAB,TAB,6,0,0,0,0,22.596,135.58,30.37,23.14,0,TORRENT,,T017
MACTR2101,TRIOLMESAR 20MG TAB 1*10TAB,TAB,5,0,0,0,0,226.578,1132.89,304.54,232.03,0,MACLEODS,,T007
MACTR4101,TRIOLMESAR 40MG TAB 1*10TAB,TAB,3,0,0,0,0,305.79,917.37,406.64,309.82,0,MACLEODS,,T007
ZZZ1366,TRIOLMESAR CH 40 TAB 1*10TAB,TAB,8,0,0,0,0,330.951,2647.61,440.1,335.31,0,MACLEODS,,T007
000390,TRIOLMEZEST CH40 1*10TAB,TAB.,6,0,0,0,0,207.565,1245.39,276,210.3,0,UNICHEM,,T018
ARITR1102,TRIOPIL 1MG TAB 1*10TAB,TAB,10,0,0,0,0,94.155,941.55,126.56,96.42,0,ARISTO,,T014
000588,TRIOPIL-2 1*10TAB,TAB.,16,0,0,0,0,110.2173,1763.48,148.12,112.87,0,AAREEN PHARMA,,T014
ZZZ4484,TRIPRIDE-2MG TAB 1*15TAB,TAB,6,0,0,0,0,246.9375,1481.63,331.88,252.88,0,MICRO LAB,,T008
ZZZ4254,TRIVOGLITOR 1MG TAB 1*10TAB,TAB,6,0,0,0,0,145.652,873.91,193.69,147.57,0,TORRENT,,T010
ZZZ1401,TRIVOGLITOR 2MG TAB 1*10TAB,TAB,5,0,0,0,0,179.772,898.86,239.06,182.14,0,TORRENT,,T010
ZZZ9657,TRIVOGLITOR FORTE 1MG TAB 1*10TAB,TABS,3,0,0,0,0,142.977,428.93,190.12,144.86,0,TORRENT,,T010
SUNTR2104,TRIVOLIB 2MG TAB 1*10TAB,TAB,5,0,0,0,0,269.24,1346.2,361.88,275.72,0,SUN,,T010
SUNTR5105,TROPAN 5MG TAB 1*10TAb,Tab,2,0,0,0,0,163.917,327.83,220.31,167.86,0,SUN,,T003
000402,TROYACE-MR 1*10TAB,TAB.,1,0,0,0,0,158,158,220.46,158,0,MACLEODS,,
000475,TROYACE-SP 1*10TAB,TAB.,1.3,0,0,0,0,80,104,126.56,80,0,UNICHEM,,
OVETR1C01,TRUFOL TAB 1*10TAB,TAB,3,0,0,0,0,230.333,691,306.28,233.37,0,OVERSEAS,,T019
ZZZ6306,TRYPTOMER 10MG TAB 1*30TAB,TABS,9,0,0,0,0,58.434,525.91,76.88,58.58,0,WOCKHARDT LTD,,T018
ZZZ1332,TRYPTOMER 25MG TAB 1*15TAB,TAB,11,0,0,0,0,60.906,669.97,80.15,61.06,0,WOCKHARDT LTD,,T018
ZZZ6702,TRYPTOMER 25MG TAB 1*30TAB,TABS,6,0,0,0,0,61.164,366.98,79.64,60.68,0,WOCKHARDT LTD,,T018
ZZZ10077,TSART 20MG TAB 1*15TAB,TABS,13,0,0,0,0,46.2375,601.09,62.15,47.35,0,ALKEM LAB.,,T009
ZZZ9061,TSART 40MG TAB 1*15TAB,TABS,8,0,0,0,0,80.6205,644.96,108.36,82.56,0,ALKEM LAB.,,T004
000277,TSART AM TAB 1X15 1X15,PCS,4,0,0,0,0,224.39,897.56,301.6,229.79,0,MACLEO,,T004
ALKTS1T03,TSART H TAB 1*10TAB,TAB,3,0,0,0,0,213.23,639.69,283.55,216.04,0,ALKEM LAB.,,T009
1170,TSART MCL 25MG,TAB.,8,0,0,0,0,111.3729,890.98,158,112.84,0,CIPLA,,T009
ZZZ11662,TSART MCL 50 MG 1*15,TAB.,1,0,0,0,0,133.5467,133.55,179.5,136.76,0,LUPIN,,T009
ZZZ972,TSART TRIO 12.5MG TAB 1*10TAB,TAB,1,0,0,0,0,182.722,182.72,245.6,187.12,0,ALKEM LAB.,,T009
ZZZ971,TSART TRIO 6.25MG TAB 1*10TAB,TAB,6,0,0,0,0,172.027,1032.16,228.75,174.29,0,ALKEM LAB.,,T009
1355,TUGAIN 2% SHAMPOO 100ML,TAB.,2,0,0,0,0,80.5,161,305,80.5,0,CIPLA,,
BLCTUS101,TUSQ DX SYRUP 100ML,PCS,2,0,0,0,0,76.7233,153.45,103.12,78.57,0,BLUE CROSS,,
BLCTUS102,TUSQ X+ SYRUP 100ML,Pcs,3,0,0,0,0,73.86,221.58,103.12,78.57,0,BLUE CROSS,,
HIFEN705,TY FINGER COT M 1*1 1*1,PCS,1,0,0,0,0,91,91,159,86.67,0,INDCHEMIE HEALTH PRIMUS,,
MANUBIB01,UBINEXT LC TAB 1*10TAB,TAB,9,0,0,0,0,165.185,1486.67,222,169.16,0,MANKIND,,U004
ZZZ10913,UDAPA 10 MG TAB 1*10,TAB.,9,0,0,0,0,106.468,958.21,141.56,107.87,0,HINDUSTAN LEVER,,U001
ZZZ11133,UDAPA M10/500 XR 1*10 TAB,TAB.,5,0,0,0,0,108.422,542.11,145.73,111.03,0,USV,,U004
0000839,UDAPA M 500 XR 1*10,PCS,6,0,0,0,0,109.5983,657.59,145.73,111.04,0,MACLEODS,,U004
5611,UDAPA TRIO 1*10,TAB.,7,0,0,0,0,148.6533,1040.57,199.8,152.23,0,SUN PHARMACEUTICALS,,U001
A00659,UDAPA TRIO FROTE TAB 1X10,STRP,4,0,0,0,0,160.702,642.81,216,164.57,0,USV LIMITED.,,U001
000431,UDIGAL-300 1*15TAB,TAB.,1,0,0,0,0,215,215,787,215,0,ARISTO,,U004
ABBUD1101,UDILIV 150MG TAB 1*15TAB.,TAB,1,0,0,0,0,396.366,396.37,527.03,401.59,0,ABBOTT,,U001
ZZZ9012,UDILIV 300MG TAB 1*15TAB,TABS,2,0,0,0,0,756.2535,1512.51,1016.34,774.45,0,ABBOTT,,U001
0450454,ULGERAFT SYP 150ML,TAB.,2,0,0,0,0,156.1033,312.21,209.81,159.86,0,ZYDUS HEALTHCARE LTD(CARDIVA),,
000141,ULPAN  RFT SYP 1X150ML 1*150ML,PCS,1,0,0,0,0,109.7267,109.73,144.37,110,0,INDCHEMIE HEALTH PRIMUS,,
000629,ULTIVIT-5G 1*10CAP,TAB.,8,0,0,0,0,85,680,275,85,0,OTHER PRODUCTS,,
ZZZ3580,ULTRACET TAB 1*15TAB,TAB,5,0,0,0,0,244.4805,1222.4,325.1,247.7,0,JOHNSION & JOHNSION,,U003
CADULT101,ULTRAZAC TAB. 1*10TAB,TAB,8,0,0,0,0,110.692,885.54,147.21,112.15,0,CADILA,,U004
MODUNE401,UNICONTIN E 400MG TAB 1*10TAB,TAB,6.7,0,0,0,0,223.233,1495.66,293.7,223.79,0,MODIMUNDI PHARMA,,U001
MODUN6101,UNICONTIN E 600MG TAB 1*10TAB,TAB,2,0,0,0,0,262.965,525.93,349.68,266.43,0,MODIMUNDI PHARMA,,U001
ZZZ2542,UNWANTED-21 DAYS 1*21TAB,TAB,11,0,0,0,0,26.8,294.8,66,26.8,0,MANKIND,,
MANUN1T01,UNWANTED-72 TAB 1TAB,TAB,23,0,0,0,0,30,690,76,30,0,MANKIND,,
ZZZ11225,UPRISE D3 60K CAPS. 1X12,TAB.,1.6,0,0,0,0,195.756,313.21,394.63,300.7,0,CIPLA,,U003
ALKUP6I01,UPRISE-D3 6L INJ 1ML,Pcs,6,0,0,0,0,52.6617,315.97,70.78,53.93,0,ALKEM LAB.,,
ZZZ10685,UPRISE D3 DROP 1X15ML 15ML,TAB.,1,0,0,0,0,82.2917,82.29,110.6,84.27,0,MICRO,,
000467,URIHOLD 25 1*10TAB,TAB.,1,0,0,0,0,107.1567,107.16,142.5,108.57,0,UNICHEM,,U003
MANURT101,URIKIND TAB 1*10TAB,TAB,1.4,0,0,0,0,173.503,242.9,230.72,175.79,0,MANKIND,,U004
CIPUR1C02,URIMAX 0.4MG CAP 1*20CAP,TAB,11,0,0,0,0,241.444,2655.88,324.43,247.25,0,CIPLA,,U002
CIPURD101,URIMAX D TAB 1*15TAB,TABS,3,0,0,0,0,465.936,1397.81,626.19,477.15,0,CIPLA,,U002
CIPURF101,URIMAX F CAP 1*10CAP,CAP,2,0,0,0,0,424.717,849.43,558.84,425.78,0,CIPLA,,U002
ZZZ000300,URINE BAG,TAB.,2,0,0,0,0,60,120,266,60,0,ROCHE DIAG.,,
ZZZ4317,URISPAS TAB 1*15TAB,TAB,2.9,0,0,0,0,423.537,1228.26,569.2,433.73,0,MARTIN & HARRIS,,U001
SAPURT101,UROTONE 25MG TAB 1*10TAB,TAB,3,0,0,0,0,141.35,424.05,189.97,144.75,0,SAMARTH PHARMA,,U002
SUNUR1101,URSOCOL 150MG TAB 1*10TAB,TAB,4,0,0,0,0,299.832,1199.33,403,307.05,0,SUN,,U002
SUNUR3101,URSOCOL 300MG TAB 1*15TAB,TAB,4,0,0,0,0,521.1333,2084.53,693,528,0,SUN,,U002
SUNURS401,URSOCOL SR 450MG TAB 1*10TAB,TAB,3,0,0,0,0,658.16,1974.48,866,659.81,0,SUN,,U002
ALKUR1T01,URSOKEM 150MG TAB 1*10TAB,TAB,3,0,0,0,0,200.037,600.11,266,202.67,0,ALKEM LAB.,,U002
ALKUR1T02,URSOKEM 300MG TAB 1*10TAB,TAB,2,0,0,0,0,327.403,654.81,440,335.28,0,ALKEM LAB.,,U002
ZZZ9515,USIBON 300MG TAB 1*10TAB,TABS,2,0,0,0,0,296.14,592.28,398,303.27,0,MICRO,,U004
ZZZ11132,UT JOY SUSPENSION 100ML,PCS,4,0,0,0,0,160.586,642.34,213.55,162.7,0,ARISTO,,
ZZZ8246,V-1 TAB 60TAB,PHYL,6,0,0,0,0,46.4033,278.42,62.37,47.52,0,KUDOS LAB,,
000306,VALDIFF 50GM  TAB,TAB.,12,0,0,0,0,129.816,1557.79,174.47,132.94,0,MACLEO,,V004
IFEN445,VALENTAS-50 1*10TAB,TAB.,6,0,0,0,0,294.152,1764.91,395.36,301.23,0,ALKEM METABOLICS,,V006
ALKVA2101,VALKEM-OD 250MG TAB 1*10TAB,TABS,4,0,0,0,0,94.455,377.82,125.6,95.7,0,ALKEM LAB.,,V008
ZZZ9942,VALPROL CR 200MG TAB 1*15TAB,TABS,2,0,0,0,0,42.312,84.62,57.49,43.8,0,INTAS,,V002
ZZZ9309,VALPROL CR 300MG TAB 1*15TAB,TABS,6,0,0,0,0,71.9955,431.97,97.81,74.53,0,INTAS,,V006
ZZZ8782,VALPROL CR 500MG TAB 1*15TAB,TABS,7,0,0,0,0,110.6175,774.32,148.68,113.28,0,INTAS,,V003
INTVAS101,VALPROL SYRUP. 200ML,PCS,3,0,0,0,0,103.12,309.36,138.6,105.6,0,INTAS,,
HIFEN822,VANTAXA 10MG 1*10TAB,TAB.,9,0,0,0,0,136.414,1227.73,181.41,138.21,0,INDCHEMIE HEALTH PRIMUS,,V002
DRRVAT101,VANTEJ PASTE 100GM,Pcs,6,0,0,0,0,287.93,1727.58,387,294.86,0,DR REDDYS,,
DRRVAT501,VANTEJ PASTE 50GM,Pcs,4,0,0,0,0,148.7983,595.19,200,152.38,0,DR REDDYS,,
0000848,VASOGLOR 60 1*10,PCS,5,0,0,0,0,157.742,788.71,209.77,159.82,0,MACLEODS,,V003
USV080,VASOGLOR-90 1*10TAB,TAB.,4,0,0,0,0,197.048,788.19,264.84,201.79,0,SUN,,V003
000396,VASOGRAIN EC 1*14,PCS,13,0,0,0,0,161.4433,2098.76,217,165.33,0,INDCHEMIE HEALTH PRIMUS,,V004
3343,VASOGRAIN PLUS 1*10,TAB.,1,0,0,0,0,492.805,492.81,655.31,499.29,0,BIOLOG,,V003
BLCVEPT01,VEBA PLUS TAB` 1*15TAB,TABS,4.13,0,0,0,0,62.769,259.24,84.37,64.28,0,BLUE CROSS,,V004
001985,VELOL XL25 1*10TAB,TAB.,4,0,0,0,0,44.415,177.66,59.06,45,0,INTAS,,V005
001986,VELOL XL 50 1*10TAB,TAB.,4,0,0,0,0,61.7,246.8,82.05,62.51,0,INTAS,,V005
TORVE2101,VELOZ 20MG TAB 1*15TAB,TAB,3,0,0,0,0,155.5365,466.61,209.05,159.28,0,TORRENT,,V001
TORVED101,VELOZ D CAP 1*10CAP,CAP,7,0,0,0,0,168.445,1179.12,226.4,172.5,0,TORRENT,,V001
TORVEL101,VELOZ L CAP 1*10CAP,CAP,4,0,0,0,0,253.186,1012.74,340.3,259.28,0,TORRENT,,V001
INTVE0102,VELTAM 0.4MG TAB 1*15TAB,TAB,5,0,0,0,0,156.9495,784.75,210.94,160.73,0,INTAS,,V008
INTVE1C01,VELTAM F TAB 1*15TAB,TAB,3,0,0,0,0,341.217,1023.65,453.75,345.71,0,INTAS,,V007
INTVEP101,VELTAM PLUS TAB 1*15TAB,TAB,5,0,0,0,0,444.15,2220.75,590,450,0,INTAS,,V003
SUNVEX701,VENIZ XR 75MG CAP 1*10CAP,CAP,5,0,0,0,0,97.298,486.49,129.38,98.58,0,SUN,,V003
INTVED201,VENTAB DXT 25MG TAB 1*10TAB,TAB,2,0,0,0,0,82.838,165.68,110.16,83.93,0,INTAS,,V001
000312,VENTAB PLUS 50MG TAB 1*10TAB,TABS,5,0,0,0,0,156.44,782.2,218.44,166.43,0,INTAS,,V001
MANVE1T05,VENTIDOX M TAB 1*10TAB,TAB,3,0,0,0,0,89.677,269.03,120.53,91.83,0,MANKIND,,V003
HIFEN672,VENTRYL-LS SYRUP 1X60ML 1*60ML,PCS,9,0,0,0,0,57.886,520.97,77.8,59.28,0,INDCHEMIE HEALTH PRIMUS,,
DRRVEC501,VENUSIA CREAM 100GM,Pcs,2,0,0,0,0,439.915,879.83,585,445.71,0,DR REDDYS,,
000003468,VERIFICA M 500 1*15,PCS,3,0,0,0,0,152.13,456.39,204.45,155.79,0,ALKEM,,V002
ZZZ11501,VERIFICA M 50/500 1*10,TAB.,3,0,0,0,0,167.285,501.86,224.85,171.31,0,LUPIN,,V002
000004796,VERTIFYL-16 1*10TAB,TAB.,4,0,0,0,0,30,120,84,30,0,ASTRA ZENECA,,V005
GEPVET102,VERTIGON TAB 1*10TAB,TAB,5,0,0,0,0,101.156,505.78,134.52,102.49,0,GENO PHARMA,,V002
REGVE1T01,VERTIN-16MG TAB 1*10TAB,TAB,2,0,0,0,0,305.273,610.55,405.94,309.29,0,REGAL,,V003
ZZZ9208,VERTIN 24MG TAB 1*15TAB,TABS,2,0,0,0,0,398.553,797.11,529.99,403.8,0,ABBOTT,,V003
MANVEM801,VERTISTAR MD 8MG TAB 1*10TAB,TAB,3,0,0,0,0,45.305,135.92,61.56,46.9,0,MANKIND,,V001
ALKVE1T01,VESBAL-16 10 TABL,Pcs,4,0,0,0,0,100.82,403.28,134.06,102.15,0,ALKEM (PENTACARE),,V004
USVVI1C01,VIBACT DS CAP 1*10CAP,CAP,9,0,0,0,0,166.833,1501.5,219.52,167.25,0,USV,,V004
AMT22,VIBEL CAP 1*10,TAB.,20,0,0,0,0,30,600,239.5,30,0,OTSIRA GENETICA,,
ZZZ11020,VICCO TURMERIC CREAM 30GM,PCS,3,0,0,0,0,130,390,150,130,0,DIVISA HERBAL CARE,,
SURVIT101,VICCO TURMETIC CREAM 1*15GM,Pcs,3,0,0,0,0,68,204,78,68,0,SURGICAL,,
0809,VICKS 50G 1*50GM,PC,1,0,0,0,0,142.39,142.39,186,138.38,0,P   G,,809
ZZZ10825,VICKS BABY RUB 10ML 1*12,TAB.,2,0,0,0,0,152.21,304.42,204,152.59,0,NESTLE,,
000003662,VICKS CANDY 125+25,PCS,2,0,0,0,0,170.48,340.96,211.8,170.91,0,SUN,,
PNGVII101,VICKS INHALER KEYCHAIN 1PCS,PCS,18,0,0,0,0,47.5808,856.45,69,47.7,0,PROCTER N GAMBLE,,
000004302,VICKS TOFFY 225PIS,TAB.,2,0,0,0,0,280,560,410,280,0,OTHER PRODUCTS,,
PNGVIV101,VICKS VAPORUB 10ML,PCS,7,0,0,0,0,36,252,45,36,0,PROCTER N GAMBLE,,
PNGVIV201,VICKS VAPORUB 25ML,PCS,4,0,0,0,0,87.2,348.8,102,87.2,0,PROCTER N GAMBLE,,
PNGVIV502,VICKS VAPORUB 5GM,PCS,4,0,0,0,0,18.4,73.6,23,18.4,0,PROCTER N GAMBLE,,
USV146,VICK TOFE JAR,TAB.,1,0,0,0,0,1450,1450,1700,1450,0,USV PRIVATE LTD.,,
HIFEN673,VIDAGLO-DM 10/500MG TAB 1X10 1*10,PCS,3,0,0,0,0,127.1767,381.53,167.34,127.5,0,INDCHEMIE HEALTH PRIMUS,,V003
ORV023,VILDAGARD-D TAB 1X10,PCS,4,0,0,0,0,118.575,474.3,159.37,121.43,0,ORIVA LIFESCIENCES PVT LTD,,V004
000607,VILDAGARD-M 50/1000MG TAB 1X15,PCS,6,0,0,0,0,129.034,774.2,173.44,132.14,0,EMCURE PHARMA NUCRON,,V003
1264,VILDAGARD M-50/500,TAB.,5,0,0,0,0,120.911,604.56,162.5,123.82,0,CIPLA,,V001
2012,VILDAGARD M50/500 MG 1*15,TAB.,10,0,0,0,0,110.549,1105.49,148.59,113.21,0,DR. REDDY,,V001
ZZZ11502,VILDAMAC 50 TAB 1*10,TAB.,6,0,0,0,0,97.55,585.3,148.21,102.68,0,LUPIN,,V-002
000060,VILDAMAC M 50/500 TAB 1X15,TAB.,6,0,0,0,0,126.5917,759.55,170.15,129.64,0,SMART,,V005
000613,VILDAMBIC 50 15,TAB.,1,0,0,0,0,70.71,70.71,98.9,70.71,0,OTHER PRODUCTS,,V004
3249,VILDAMBIC M 500 TAB 1*15 1*15,TAB.,2,0,0,0,0,106.055,212.11,148.8,106.32,0,BIOLOG,,
A000426,VILDAPRIDE M 50/500 TAB 1*10,TAB.,6,0,0,0,0,126.23,757.38,178.12,135.73,0,SUN,,V007
1191,VILFURO 100MG,TAB.,1,0,0,0,0,136,136,180.85,137.79,0,CIPLA,,V007
000596,VILFURO-G 1*10TAB,TAB.,3,0,0,0,0,322.68,968.04,429.1,326.93,0,ARISTO PHARMACEUTICALS MF-3,,V007
MICRO685,VILPOWER D 100/10 TAB 1 X10,TAB.,8,0,0,0,0,133.936,1071.49,178.1,135.7,0,LEEFORD,,V004
IPCVIX501,VINICOR XL 50MG TAB 1*10TAB,TAB,12,0,0,0,0,46.404,556.85,62.37,47.52,0,IPCA,,V001
000509,VIRIFER XT 1*10TAB,TAB.,2,0,0,0,0,35,70,112,35,0,CONCEPT BIOSCIENCES PVT LTD,,V003
0000843,VIRIGEST 200 1*10,TAB.,1,0,0,0,0,110,110,305,110,0,MACLEODS,,
ZZZ4012,VITANOVA D3 DROP 15ML,PCS,5,0,0,0,0,93.07,465.35,125.1,95.31,0,ZUVENTUS HEALTHCARE,,
FDCVII101,VITCOFOL INJ 10ML,PCS,2,0,0,0,0,74.46,148.92,99,75.44,0,F.D.C.,,
4520,VITNEURIN CZS 1*15,TAB.,5,0,0,0,0,98.7367,493.68,131.3,100.04,0,CORONA,,V008
ZZZ6022,VITOMIN D3 DROP 30ML,PCS,4,0,0,0,0,40,160,83.77,40,0,CIPLA,,
ZZZ1146,VIZYLAC CAP 1*10CAP,CAP,7,0,0,0,0,70.484,493.39,94.73,72.18,0,UNICHEM,,V003
4541,VOAGE 10,TAB.,16,0,0,0,0,99.2883,1588.61,133.45,101.68,0,ALEMBIC,,V007
MEDVO0101,VOGLI 0.2MG TAB 1*10TAB,TAB,5,0,0,0,0,98,490,130.31,99.29,0,MEDLEY,,V004
MEDVOG101,VOGLI GM 1MG TAB 1*10TAB,TAB,1,0,0,0,0,143.69,143.69,193.13,147.15,0,MEDLEY,,V008
VOG2,VOGLI GM 2 FORTE 10X10,Pcs,4,0,0,0,0,146.4743,585.9,196.88,150,0,MEDLEY,,V008
MEDVOG201,VOGLI GM 2MG TAB 1*10TAB,TAB,5,0,0,0,0,188.992,944.96,254,193.54,0,MEDLEY,,V008
MACVOG101,VOGLIMAC GM 1MG TAB 1*10TAB,TAB,9,0,0,0,0,139.631,1256.68,187.68,142.99,0,MACLEODS,,V001
MACVOG201,VOGLIMAC GM 2MG TAB 1*10TAB,TAB,6,0,0,0,0,178.913,1073.48,240.48,183.22,0,MACLEODS,,V001
ZZZ7383,VOGLINORM GM 1MG TAB .1*15TAB,TABS,3,0,0,0,0,224.565,673.7,301.8,229.97,0,MICRO,,V006
ZZZ4964,VOGLINORM GM FORTE 2 TAB 1*10TAB,TABS,10,0,0,0,0,138.19,1381.9,195,148.59,0,MICRO LAB,,V006
MINVOG101,VOGLISTAR GM 1MG TAB 1*10TAB,Pcs,2,0,0,0,0,157.593,315.19,209.53,159.67,0,MINKIND,,V004
MANVOOG01,VOGLISTAR GM 2MG TAB 1*10TAB,TAB,5,0,0,0,0,0,0,238.92,0,0,MANKIND,,V004
ZZZ4408,VOGLI TRIO 0.2MG TAB 1*10TAB,TAB,8,0,0,0,0,136.71,1093.68,183.75,140,0,MEDLEY,,V004
MALVO1T01,VOLAPRIDE-PLUS CAP 1*10CAP,CAP,5,0,0,0,0,115.098,575.49,154.71,117.87,0,MAGNET LABS,,V007
ZZZ3151,VOLINI GEL 15GM,PCS,7,0,0,0,0,32,224,50,32,0,RANBAXY LAB,,
SUN024,VOLINI GEL 20GM,PCS,6,0,0,0,0,78,468,110,78,0,SUN PHARMA,,
RALVO3301,VOLINI GEL 30GM,Pcs,6,0,0,0,0,125,750,171,125,0,RANBAXY LAB,,
1175,VOLINI MAXX 25G,TAB.,4,0,0,0,0,70,280,110,70,0,CIPLA,,
000376,VOLINI ROLL 5ML,TAB.,8,0,0,0,0,28.5,228,37,28.5,0,CIPLA,,
RALVOS102,VOLINI SPRAY 100GM,PCS,6,0,0,0,0,259.65,1557.9,349,265.9,0,RANBAXY LAB,,
ZZZ3899,VOLINI SPRAY 15GM,PCS,6,0,0,0,0,56.67,340.02,77,56.67,0,RANBAXY LAB,,
RALVOS301,VOLINI SPRAY 42GM,PCS,7,0,0,0,0,128.8,901.6,175,128.8,0,RANBAXY LAB,,
ZZZ4885,VOLIX 0.3MG TAB 1*15TAB,TAB,5,0,0,0,0,190.356,951.78,253.13,192.86,0,SUN PHARMACEUTICALS,,V001
MANVOM401,VOMIKIND MD 4MG TAB 1*10TAB,TAB,5.6,0,0,0,0,36.183,202.62,48.11,36.66,0,MANKIND,,V008
000755,VOMILAST-G 1*10TAB,TAB.,3,0,0,0,0,140.7433,422.23,187.16,142.6,0,CIPLA,,V001
MANVO1T03,VOMILAST-OD TAB 1*10TAB,TAB,2,0,0,0,0,92.883,185.77,123.52,94.11,0,MANKIND,,V003
MANVO1T04,VOMILAST TAB 1*10TAB,TAB,6,0,0,0,0,167.793,1006.76,223.12,170,0,MANKIND,,V006
NOVVOE301,VOVERAN EMULGEL 30GM,Pcs,6,0,0,0,0,126.9467,761.68,170.62,130,0,NOVARTIS,,
NOVVOEG01,VOVERAN EMULGEL 50GM,Pcs,2,0,0,0,0,224.0675,448.14,301.17,229.46,0,NOVARTIS,,
NOVVOP101,VOVERAN PLUS TAB 1*10TAB,TAB,2,0,0,0,0,51.115,102.23,67.27,51.25,0,NOVARTIS,,V004
NOVVOS101,VOVERAN SR 100MG TAB 1*15TAB,TAB,4,0,0,0,0,184.353,737.41,245.15,186.78,0,NOVARTIS,,V004
GLAVO5101,VOZET 10MG TAB 1*10TAB,TAB,5,0,0,0,0,144.62,723.1,194.38,148.1,0,DR REDDYS,,V002
SUNVS1C01,VSL#3 CAP 1*10CAP,CAP,5,0,0,0,0,324.297,1621.49,431.25,328.57,0,SUN,,V006
00000810,V-TOTAL SYP 200ML,PCS,1,0,0,0,0,101.5167,101.52,163.72,103.96,0,ARISTO,,
002655,V TOTAL SYP NEW 100ML 100ML,PCS,2,0,0,0,0,71.485,142.97,96.09,73.21,0,ARISTO PHARMACEUTICALS MF-1,,
00000310,V-TOTAL TAB 1*10T,TAB.,3,0,0,9,1,75.013,225.04,112.02,85.35,0,ARISTO,,V006
TETS100,V WASH 100ML,TAB.,3,0,0,0,0,142.37,427.11,200,141.24,0,NICHOLAS,,
ZZZ11099,VYLDA M 1000 TAB 1*10,TAB.,3,0,0,0,0,157.023,471.07,208.8,159.09,0,EMCURE,,V002
WALWAS301,WALAMYCIN SUSP. 30ML,PCS,3,0,0,0,0,49,147,70.55,49,0,WALLACE,,
000585,WALCOBAL /1500 INJ,TAB.,4,0,0,0,0,15,60,48,15,0,AAREEN PHARMA,,
ZZZ9142,WAL-D3+ 200IU DROP 5ML,PHYL,1,0,0,0,0,176.25,176.25,234.37,178.57,0,WALLACE,,
CIPWA1T02,WARF-3MG TAB 1*10TAB,TAB,6,0,0,0,0,75.327,451.96,100.16,76.32,0,CIPLA,,W001
CIPWAA102,WARF-5MG TAB 1*10TAB,TAB,3,0,0,0,0,57.08,171.24,75.6,57.83,0,CIPLA,,W001
ZZZ11251,WHISPER CHOICE ULTRA XL 06PADS,TAB.,1,0,0,0,0,45.152,45.15,50,43,0,CIPLA,,
WYEWY1101,WYSOLONE 10MG TAB 1*15TAB,TAB,7,0,0,0,0,15.2235,106.56,19.02,15.59,0,PFIZER LIMITED,,W001
WYEWY2102,WYSOLONE 20MG TAB 1*15TAB,TAB,15,0,0,0,0,30.135,452.03,38.24,31.39,0,PFIZER LIMITED,,W001
WYEWY5102,WYSOLONE 5MG TAB 1*15TAB,TAB,14,0,0,0,0,8.6655,121.32,10.82,8.87,0,PFIZER LIMITED,,W001
000000276,WYSOLONE DT 10MG 1*15,PCS,4,0,0,0,0,15.745,62.98,19.02,15.62,0,PFIZER,,Z001
000000277,WYSOLONE DT 20 1*15,PCS,6,0,0,0,0,31.105,186.63,38.24,30.86,0,PFIZER,,Z001
000444,XIMECEFF- 200 1*10TAB,TAB.,188,0,0,0,0,5,940,104,50,0,ARISTO,,
MACXM5101,XM-BETA 50. 10 TAB,Pcs,23.8,0,0,0,0,44.188,1051.67,62.36,47.51,0,MACLEODS,,X001
ALKXO1I02,XONE 1GM VIAL 1VIAL,PCS,8,0,0,0,0,27.5,220,71.09,27,0,ALKEM LAB.,,AB-03
ALKXO2V01,XONE 250MG INJ 1VIAL,VIAL,24,0,0,0,0,14.3744,344.99,30.27,14.41,0,ALKEM LAB.,,
ALKXO5I01,XONE 500MG INJ 1VIAL,PCS,16,0,0,0,0,29.1468,466.35,53.69,29.22,0,ALKEM LAB.,,
ZZZ4750,XONE SB 1G VAIL 1VAIL,VAIL,10,0,0,4,6,67.68,676.8,225,171.43,0,ALKEM LAB.,,
ALKXOX101,XONE XP 1.125GM VIAL 1VIAL,VIAL,4,0,0,0,0,95,380,231,95,0,ALKEM LAB.,,
ALKXPE101,XPECT B EXP SYRUP 100ML,Pcs,5,0,0,9,1,86.906,434.53,128.4,97.83,0,ALKEM LAB.,,
ZZZ8936,XPECT LS SYP 100ML,PHYL,4,0,0,5,1,81.0575,324.23,129.35,98.55,0,ALKEM LAB.,,
000308,XSTAN 40MG 1*15TAB,TAB.,6,0,0,0,0,38.356,230.14,51.56,39.28,0,MACLEO,,X001
USV125,XSTAN AMH 1*10TAB,TAB.,5,0,0,0,0,69.75,348.75,93.75,71.43,0,USV PRIVATE LTD.,,X001
HIFEN986,XSTAN-AM TAB 10 TAB 1*10,PCS,3,0,0,0,0,59.284,177.85,79.68,60.71,0,SUN,,X001
HIFEN913,XSTAN H 1*10TAB,TAB.,9,0,0,0,0,59.284,533.56,79.68,60.71,0,INDCHEMIE HEALTH PRIMUS,,X001
IPCXT1101,XTOR 10MG TAB 1*10TAB,TAB,3,0,0,0,0,39.518,118.55,53.12,40.47,0,IPCA,,X001
IPCXT1T01,XTOR 20MG TAB 1*10TAB,TAB,11,0,0,0,0,99.846,1098.31,134.19,102.25,0,IPCA,,X001
USV156,XTOR CV 20 1*10TAB,TAB.,7,0,0,0,0,150.41,1052.87,200.02,152.39,0,USV PRIVATE LTD.,,X001
IPCXTF101,XTOR F TAB 1*10TAB,TAB,3,0,0,0,0,194.216,582.65,261.05,198.89,0,IPCA,,E004
SHRXT1101,XTUM 1.5GM VIAL 1VIAL,Pcs,16,0,0,0,0,55,880,232,55,0,SHREYA,,
2630,XYGREL 90 TAB 1 X10,Pcs,4,0,0,0,0,199.1667,796.67,264.84,201.79,0,INTAS PHARMA VECTOR,,X001
BAYYAA101,YASMIN TAB 1*21TAB,TAB,2,0,0,0,0,529,1058,656,551.04,0,BAYER ZYDUS PHARMA,,Y001
ZZZ11452,ZALIM LOTION 1*1,TAB.,4,0,0,0,0,25.974,103.9,32.8,26.04,0,BE,,
EMAZAB601,ZANDU BALM GREEN 25GM,PCS,2,0,0,0,0,100,200,107.81,100,0,EMAMI,,
TETS16,ZANDU BALM GREEN 8ML,TAB.,1,0,0,0,0,38,38,43.13,38,0,NICHOLAS,,
000566,ZANJO D SOLUTION 1*4,TAB.,7,0,0,0,0,49.396,345.77,65,49.52,0,SUN,,
ZZZ10597,ZAPIZ 0.5MG TAB 1*20,TAB.,4,0,0,0,0,54.84,219.36,73.71,56.16,0,INTAS,,Z005
ZZZ4427,ZAPTIN 12.5MG TAB 1*10TAB,TAB,3,0,0,0,0,154.04,462.12,204.84,156.07,0,SALAS PHARMA,,Z004
ZZZ5039,ZAPTIN 25MG TAB 1*10TAB,TAB,3,0,0,0,0,166.023,498.07,220.78,168.21,0,SALAS PHARMA,,Z004
000286,ZAPTIN L 1*10TAB,TAB.,4,0,0,0,0,114.7775,459.11,152.63,116.29,0,MACLEO,,Z002
INDZE3G01,ZECAL GOLD TAB 30TAB,Pcs,3,0,0,9,1,334.91,1004.73,445.31,339.32,0,INDICHEMIC,,
AMT13,ZECAL-XT TAB 1*15,TAB.,2,0,0,0,0,273.4467,546.89,367.5,280.03,0,OTSIRA GENETICA,,Z008
WL6ZES601,ZEDEX P SYRUP 60ML,PCS,2,0,0,11,1,85.4633,170.93,123.98,94.46,0,WOCKHARDT LTD,,
WL6ZES102,ZEDEX SF SYRUP 100ML,PCS,2,0,0,0,0,144.6367,289.27,190.31,145,0,WOCKHARDT LTD,,
TORZEC101,ZEDOTT-100 CAP 1*10CAP,CAP,3,0,0,0,0,206.2,618.6,277.15,211.16,0,TORRENT,,Z005
INTZE2101,ZEN 200MG TAB 1*10TAB,TAB,6,0,0,0,0,12.58,75.48,16.91,12.88,0,INTAS,,Z003
ALKZE1401,ZENEGRA 100. 1*4 TAB,Pcs,113,0,0,0,0,8.4867,959,196.87,32.33,0,ALKEM LAB.,,
MANZE2101,ZENFLOX 200MG TAB 1*10TAB,TAB,1.4,0,0,5,1,48.987,68.58,77.34,58.93,0,MANKIND,,Z003
ZZZ10176,ZENFLOX OZ TAB 1*10TAB,TABS,1.1,0,0,0,0,109.623,120.59,147.35,112.26,0,MANKIND,,Z001
INTZE3101,ZENOXA 300MG TAB 1*10TAB,TAB,5,0,0,0,0,187.284,936.42,251.7,191.79,0,INTAS,,Z005
INTZE4102,ZENOXA 450MG TAB 1*10TAB,TAB,1,0,0,0,0,311.33,311.33,418.4,318.82,0,INTAS,,Z005
INTZE3102,ZENOXA OD 300MG TAB 1*10TAB,TAB,2,0,0,0,0,141.01,282.02,187.5,142.87,0,INTAS,,Z005
INTZER301,ZEN R 300MG TAB 1*10TAB,TAB,10,0,0,0,0,34.902,349.02,46.41,35.36,0,INTAS,,Z001
1344,ZEN RETARD 200MG TAB 1*10,TAB.,36,0,0,0,0,18.0362,649.3,25.62,19.52,0,CIPLA,,Z001
000005874,ZENTO 400 TAB,TAB.,1,0,0,0,0,5,5,9.11,5,0,TORRENT PHARMA VIVA,,Z002
SUNZE2101,ZEPTOL 200MG TAB 1*10TAB,TAB,3,0,0,0,0,12.402,37.21,16.66,12.7,0,SUN,,Z001
SUNZEC201,ZEPTOL CR 200MG TAB 1*10TAB,TAB,4,0,0,0,0,19.187,76.75,25.52,19.44,0,SUN,,Z004
SUNZEC301,ZEPTOL CR 300MG TAB 1*10TAB,TAB,10,0,0,0,0,35.947,359.47,47.81,36.42,0,SUN,,Z004
SUNZE4103,ZEPTOL CR 400MG TAB 1*10TAB,TAB,20,0,0,0,0,37.417,748.34,49.76,37.91,0,SUN,,Z001
IPCZE1101,ZERODOL 100MG TAB 1*10TAB,TAB,16.8,0,0,0,0,50.017,840.29,67.22,51.22,0,IPCA,,Z006
IPCZEC101,ZERODOL CR TAB 1*10TAB,TAB,2,0,0,0,0,77.217,154.43,103.78,79.07,0,IPCA,,Z006
1143,ZERODOL GEL 1X20GM 1*20GM,PCS,1,0,0,0,0,117.0667,117.07,155.67,118.61,0,OTHER PRODUCTS,,
ZEMR,ZERODOL MR TAB 10X10,Pcs,3,0,0,0,0,91.142,273.43,128,97.53,0,IPCA LABORATORIES,,Z006
IPCZEE102,ZERODOL P TAB 1*10TAB,TAB,19.3,0,0,0,0,56.5,1090.45,75.94,57.86,0,IPCA,,Z006
IPCZE1T01,ZERODOL PT TAB 1*10TAB,TAB,7.3,0,0,0,0,137.119,1000.97,184.31,140.42,0,IPCA,,Z006
IPCZE1T02,ZERODOL SPAS TAB 1*10TAB,TAB,6,0,0,0,0,131.23,787.38,174.5,132.96,0,IPCA,,Z006
IPCZE1T03,ZERODOL SP TAB 1*10TAB,TAB,9.8,0,0,0,0,103.919,1018.41,139.69,106.42,0,IPCA,,Z006
IPCZE1T05,ZERODOL TH 4MG TAB 1*10TAB,TAB,6.2,0,0,0,0,206.796,1282.14,275,209.52,0,IPCA,,Z006
IPCZE8101,ZERODOL TH 8MG TAB 1*10TAB,TAB,1.6,0,0,0,0,290.603,464.96,386.44,294.43,0,IPCA,,Z006
HIFEN843,ZEROTUSS LS SYP 100ML 1*100ML,PCS,4,0,0,0,0,75.678,302.71,101.71,77.5,0,INDCHEMIE HEALTH PRIMUS,,
HIFEN965,ZEXTO 20MG 1*10TAB,TAB.,5,0,0,0,0,31.696,158.48,42.6,32.46,0,SUN,,Z002
FDCZI5S01,ZIFI CV 50 SYRUP. 30ML,PCS,4,0,0,0,0,91.86,367.44,123.47,94.07,0,F.D.C.,,
000001476,ZIGLIM M1 TAB 1X15,PCS,8,0,0,0,0,54.038,432.3,71.86,54.75,0,CORONA REMIDIES BLAZE,,Z006
000615,ZINCIWELL 1*15,TAB.,4,0,0,0,0,70,280,165,70,0,OTHER PRODUCTS,,
APEZI1G01,ZINCODERM GM NEO CREAM 15GM,PCS,4,0,0,10,1,48.3173,193.27,70.68,53.85,0,APEX,,
ZZZ1422,ZINCONIA 50MG TAB 1*10TAB,TAB,1,0,0,11,1,46.645,46.65,68.4,52.11,0,ZUVENTUS HEALTHCARE,,Z002
EMCZIS101,ZINCONIA SYRUP 100ML,PCS,1,0,0,0,0,98.9867,98.99,131.62,100.29,0,ZUVENTUS HEALTHCARE,,
000270,ZINCOVIT CD 1*15TAB,TAB.,4,0,0,0,0,107.808,431.23,145.93,109.23,0,INDCHEMIE HEALTH PRIMUS,,Z007
ZZZ9746,ZINCOVIT CL SYRUP 200ML,PHYL,4,0,0,0,0,127.1433,508.57,169.07,128.82,0,APEX,,
APEZID101,ZINCOVIT DROP 15 ML,Pcs,5,0,0,0,0,83.6383,418.19,111.23,84.74,0,APEX,,
APEZIS202,ZINCOVIT SYRUP 200ML,PCS,6,0,0,0,0,119.17,715.02,160.17,122.04,0,APEX,,
APEZI1101,ZINCOVIT TAB 1*15TAB,TAB,4.1,0,0,0,0,80.1105,328.45,107.67,82.04,0,APEX,,Z004
UNIZI1T02,ZISPER FORTE TAB 1*10TAB,TAB,6,0,0,0,0,91.997,551.98,122.34,93.21,0,UNICHEM,,Z001
UNIZI1T03,ZISPER LS TAB 1*10TAB,TAB,6,0,0,0,0,74.45,446.7,99,75.43,0,UNICHEM,,Z004
UNIZIIP01,ZISPER PLUS TAB 1*10TAB,TAB,9,0,0,0,0,85.306,767.75,113.44,86.43,0,UNICHEM,,Z002
ZZZ9259,ZITEN-M 20/1000MG TAB 1*15TAB,TABS,3,0,0,0,0,246.1695,738.51,323.91,246.79,0,GLENMARK,,Z008
ZZZ9330,ZITEN M 20/500MG TAB 1*15TAB,TABS,3,0,0,0,0,245.844,737.53,323.44,246.46,0,GLENMARK,,Z007
ALKZO1101,ZOCEF 1.5GM VIAL 1VIAL,Pcs,9,0,0,0,0,180,1620,302.29,180,0,ALKEM LAB.,,
ALKZO2101,ZOCEF 250MG TAB 1*10,TAB,4,0,0,0,0,355.767,1423.07,478.12,364.33,0,ALKEM LAB.,,Z001
ALKZO5102,ZOCEF 500MG TAB 1*10TAB,TAB,4,0,0,0,0,408.793,1635.17,549.39,418.63,0,ALKEM LAB.,,Z001
ALKZODS01,ZOCEF DRY SYRUP 30ML,PCS,2,0,0,0,0,123.3233,246.65,165.75,126.29,0,ALKEM (BERGEN),,
INTZOS101,ZOLAX SR 1.5MG TAB 1*10TAB,TAB,5,0,0,0,0,90.597,452.99,120.47,91.79,0,INTAS,,Z007
REXZOFL01,ZOLE F LOTION 15ML,Pcs,1,0,0,0,0,51.638,51.64,69.37,52.88,0,REXCEL,,
RALZOO101,ZOLE F SKIN OINT 15GM,PCS,4,0,0,0,0,87.1933,348.77,117.19,89.29,0,RANBAXY LAB,,
ZZZ10203,ZOLE IT 200MG CAP 1*7CAP,CAPS,3,0,0,0,0,177.66,532.98,236.25,180,0,ACME  PHARMA,,Z005
ABBZO1101,ZOLFRESH 10MG TAB 1*10TAB,TAB,8,0,0,0,0,97.66,781.28,137.23,103.89,0,ABBOTT,,Z002
ABBZO5101,ZOLFRESH 5MG TAB 1*10TAB,TAB,41,0,0,0,0,75.61,3100.01,99.49,75.8,0,ABBOTT,,
ZZZ6091,ZOLFRESH 5MG TAB 1*15TAB,TAB,5,0,0,0,0,75.6195,378.1,99.5,75.81,0,ABBOTT,,Z002
SOLZO0101,ZONA 0.25MG TAB 1*10TAB,TAB,12,0,0,0,0,16.542,198.5,21.73,16.76,0,SOLVATE,,Z002
SOLZO1T01,ZONA 0.5MG TAB 1*10TAB,TAB,11.9,0,0,0,0,28.219,335.81,37.06,28.59,0,SOLVATE,,Z002
SUNZO1101,ZONISEP 100MG TAB 1*10TAB,TAB,3,0,0,0,0,179.553,538.66,236.25,180,0,SUN,,Z002
SUNZO5101,ZONISEP 50MG TAB 1*10TAB,TAB,4,0,0,0,0,88.83,355.32,118.13,90,0,SUN,,Z004
ZZZ5005,ZOREM 1.25MG TAB 1*10TAB,TABS,8,0,0,0,0,40.18,321.44,53.44,40.71,0,INTAS,,Z004
INTZO1103,ZORYL 1MG TAB 1*15TAB,TAB,11,0,0,0,0,42.165,463.82,59.22,45.12,0,INTAS,,Z003
INTZO2103,ZORYL 2MG TAB 1*15TAB,TAB,13,0,0,0,0,66.144,859.87,92.89,70.78,0,INTAS,,Z003
INTZOMF01,ZORYL M1 FORTE TAB 1*10TAB,TAB,4,0,0,0,0,144.913,579.65,194.77,148.4,0,INTAS,,Z003
ZZZ10432,ZORYL M 1MG TAB 1*20TAB 1*20,TAB.,3,0,0,0,0,175.27,525.81,230.63,175.71,0,INTAS,,Z003
INTZOMF02,ZORYL M2 FORTE TAB 1*10TAB,TAB,6,0,0,0,0,187.462,1124.77,266.25,202.88,0,INTAS,,Z003
ZZZ8921,ZORYL M 2 FORTE TAB 1*15TAB,TABS,5,0,0,0,0,198.0915,990.46,266.25,202.86,0,INTAS,,Z003
INTZOM201,ZORYL M 2MG TAB 1*20TAB,TAB,4,0,0,0,0,263.6595,1054.64,354.38,270,0,INTAS,,Z003
ZZZ8738,ZORYL M4 FORTE TAB 1*15TAB,TABS,10,0,0,0,0,217.5525,2175.53,305.5,232.8,0,INTAS,,Z008
HIFEN707,ZOSA-DSR 1*10,TAB.,7,0,0,0,0,163.634,1145.44,217.6,165.79,0,INDCHEMIE HEALTH PRIMUS,,Z005
SUNZO2102,ZOSERT 25MG TAB 1*10TAB,TAB,4,0,0,0,0,57.718,230.87,75.94,57.86,0,SUN,,Z002
SUNZO5102,ZOSERT 50MG TAB 1*10TAB,TAB,6,0,0,0,0,110.11,660.66,148,112.76,0,SUN,,Z002
000642,ZOTADOL-P 1*10TAB,TAB.,70,0,0,0,0,1.5,105,60.45,15,0,PANACEA  8,,
000189,ZUCAPRIDE 10MG 1*10,PCS,5,0,0,0,0,161.836,809.18,217.5,165.73,0,BIOLOG,,Z004
HIFEN952,ZUKANORM M 1000 1*10TAB,TAB.,5,0,0,0,0,98.3633,491.82,130.8,99.66,0,SUN,,
CADZU4301,ZURIG 40MG TAB 30TAB,PCS,4,0,0,0,0,191.315,765.26,257.14,195.92,0,CADILA,,Z007
GLAZY1101,ZYLORIC 100MG TAB 1*10TAB,TAB,10,0,0,0,0,15.484,154.84,20.16,15.36,0,GSK,,Z008
GLAZY3101,ZYLORIC 300MG TAB 1*10TAB,TAB,3,0,0,0,0,44.858,134.57,59,44.97,0,GSK,,Z008
000142,ZYMEFORD DROP 30ML*240 1*30 ML,PCS,5,0,0,0,0,18.716,93.58,58.74,15.86,0,INDCHEMIE HEALTH PRIMUS,,
UCBZYCS01,ZYRCOLD SYRUP 100ML,PCS,1,0,0,0,0,81.0867,81.09,108.98,83.04,0,UCB,,
,,,,,,,,,,,,,,,
,,,,,,,,,2221132.88,,,,,,
